# OpenTelemetry Metrics report: .csv, 4 fields: 
# <metric name>, <period start, nanoseconds>, <period end, nanoseconds>, <metric value>
# See CsvMetricsExporter for details.
# 
# NAME, PERIOD_START_NANOS, PERIOD_END_NANOS, VALUE
writeAction.median.wait.ms,1788580412891000000,1788580473080000000,0
writeAction.max.wait.ms,1788580412891000000,1788580473080000000,1
writeAction.wait.ms,1788580412891000000,1788580473080000000,1
writeAction.count,1788580412891000000,1788580473080000000,1
FileNameCache.queries,1788580412891000000,1788580473080000000,1920
VFS.cache.directoriesCreated,1788580412891000000,1788580473080000000,20
VFS.cache.filesCreated,1788580412891000000,1788580473080000000,303
VFS.ContentWriter.totalTimeSpentOnAsyncOperationsUs,1788580412891000000,1788580473080000000,0
VFS.fileByIdCache.misses,1788580412891000000,1788580473080000000,0
VFS.contentStorage.recordsStoredCompressed,1788580412891000000,1788580473080000000,0
VFS.folderCaseSensitivityReads,1788580412891000000,1788580473080000000,1
VFS.contentStorage.recordsStored,1788580412891000000,1788580473080000000,0
VFS.contentStorage.recordsRead,1788580412891000000,1788580473080000000,0
VFS.contentStorage.recordsReadSize,1788580412891000000,1788580473080000000,0
VFS.invertedFileNameIndex.requests,1788580412891000000,1788580473080000000,0
VFS.cache.segmentsCreated,1788580412891000000,1788580473080000000,1
VFS.ContentWriter.totalTasksExecutedAsync,1788580412891000000,1788580473080000000,0
VFS.fileByIdCache.hits,1788580412891000000,1788580473080000000,0
VFS.contentStorage.recordsDeduplicated,1788580412891000000,1788580473080000000,0
VFS.cache.segments,1788580412891000000,1788580473080000000,1
VFS.contentStorage.recordsDecompressionTimeUs,1788580412891000000,1788580473080000000,0
VFS.ContentWriter.totalTimeSpentOnSyncOperationsUs,1788580412891000000,1788580473080000000,0
VFS.contentStorage.recordsUncompressedSize,1788580412891000000,1788580473080000000,0
VFS.fileChildByName,1788580412891000000,1788580473080000000,121
VFS.contentStorage.recordsReadDecompressed,1788580412891000000,1788580473080000000,0
VFS.ContentWriter.totalFlushes,1788580412891000000,1788580473080000000,0
VFS.rootsCount,1788580412891000000,1788580473080000000,1.0
VFS.ContentWriter.totalTasksExecutedSync,1788580412891000000,1788580473080000000,0
FileNameCache.totalMisses,1788580412891000000,1788580473080000000,64
VFS.contentStorage.recordsStoredSize,1788580412891000000,1788580473080000000,0
ReadAction.executionsCount,1788580412891000000,1788580473080000000,86
FlushQueue.queueSize90P,1788580412891000000,1788580473080000000,2
NonBlockingReadAction.failedExecutionsCount,1788580412891000000,1788580473080000000,0
FlushQueue.queueSizeAvg,1788580412891000000,1788580473080000000,1.0
AWTEventQueue.dispatchTime90PNs,1788580412891000000,1788580473080000000,6455295
WriteAction.executionsCount,1788580412891000000,1788580473080000000,1
NonBlockingReadAction.failedExecutionTimeUs,1788580412891000000,1788580473080000000,0
AWTEventQueue.dispatchTimeTotalNS,1788580412891000000,1788580473080000000,1807676881
FlushQueue.executionTimeMaxNs,1788580412891000000,1788580473080000000,684031
FlushQueue.waitingTimeAvgNs,1788580412891000000,1788580473080000000,1.3238272E7
AWTEventQueue.dispatchTimeMaxNs,1788580412891000000,1788580473080000000,18481151
FlushQueue.waitingTimeMaxNs,1788580412891000000,1788580473080000000,18087935
FlushQueue.waitingTime90PNs,1788580412891000000,1788580473080000000,18087935
AWTEventQueue.dispatchTimeAvgNs,1788580412891000000,1788580473080000000,3071781.8181818184
AWTEventQueue.eventsDispatched,1788580412891000000,1788580473080000000,11
NonBlockingReadAction.finalizedExecutionTimeUs,1788580412891000000,1788580473080000000,76195
NonBlockingReadAction.finalizedExecutionsCount,1788580412891000000,1788580473080000000,1
FlushQueue.executionTimeAvgNs,1788580412891000000,1788580473080000000,249930.66666666666
FlushQueue.tasksExecuted,1788580412891000000,1788580473080000000,3
FlushQueue.executionTime90PNs,1788580412891000000,1788580473080000000,684031
FlushQueue.queueSizeMax,1788580412891000000,1788580473080000000,2
FilePageCache.pageFastCacheHits,1788580412891000000,1788580473080000000,6361
FilePageCache.WAL.entriesFlushedOnClose,1788580412891000000,1788580473080000000,0
FilePageCache.WAL.entriesFlushedOnForce,1788580412891000000,1788580473080000000,0
MappedFileStorage.totalPagesMapped,1788580412891000000,1788580473080000000,11
FilePageCache.totalBytesStored,1788580412891000000,1788580473080000000,944
StreamlinedBlobStorage.totalLiveRecordsCapacityBytes,1788580412891000000,1788580473080000000,1510
FilePageCache.WAL.bytesCopiedByApplyUnfinished,1788580412891000000,1788580473080000000,0
FilePageCache.maxCacheSizeInBytes,1788580412891000000,1788580473080000000,322977792
StorageLockContext.competingThreads.max,1788580412891000000,1788580473080000000,0
StreamlinedBlobStorage.recordsRelocated,1788580412891000000,1788580473080000000,0
FilePageCache.WAL.entriesFlushed,1788580412891000000,1788580473080000000,0
FilePageCache.disposedBuffers,1788580412891000000,1788580473080000000,3
MappedFileStorage.storages,1788580412891000000,1788580473080000000,11
FilePageCache.totalPageLoadsUs,1788580412891000000,1788580473080000000,242296
FilePageCache.pageLoadsAboveSizeThreshold,1788580412891000000,1788580473080000000,0
FileChannelInterruptsRetryer.totalRetriedAttempts,1788580412891000000,1788580473080000000,0
FilePageCache.WAL.bytesQueued,1788580412891000000,1788580473080000000,0
StreamlinedBlobStorage.recordsDeleted,1788580412891000000,1788580473080000000,0
FilePageCache.totalPageStoresUs,1788580412891000000,1788580473080000000,34030
FilePageCache.pageLoads,1788580412891000000,1788580473080000000,313
FilePageCache.WAL.entriesFlushedOnRead,1788580412891000000,1788580473080000000,0
FilePageCache.WAL.flushesForcedByOverflow,1788580412891000000,1788580473080000000,0
DirectByteBufferAllocator.totalSizeOfBuffersAllocatedInBytes,1788580412891000000,1788580473080000000,322977792
FilePageCache.WAL.entriesFlushedOnTruncate,1788580412891000000,1788580473080000000,0
StorageLockContext.competingThreads.avg,1788580412891000000,1788580473080000000,0.0
DirectByteBufferAllocator.totalSizeOfBuffersCachedInBytes,1788580412891000000,1788580473080000000,0
FilePageCache.capacityInBytes,1788580412891000000,1788580473080000000,629145600
FilePageCache.totalPageDisposalsUs,1788580412891000000,1788580473080000000,2399
FilePageCache.maxRegisteredFiles,1788580412891000000,1788580473080000000,867
FilePageCache.pageHits,1788580412891000000,1788580473080000000,0
StorageLockContext.competingThreads.90P,1788580412891000000,1788580473080000000,0
FilePageCache.uncachedFileAccess,1788580412891000000,1788580473080000000,429
StreamlinedBlobStorage.recordsAllocated,1788580412891000000,1788580473080000000,21
DirectByteBufferAllocator.disposed,1788580412891000000,1788580473080000000,0
DirectByteBufferAllocator.reclaimed,1788580412891000000,1788580473080000000,3
StreamlinedBlobStorage.totalLiveRecordsPayloadBytes,1788580412891000000,1788580473080000000,252
MappedFileStorage.totalTimeSpentOnMappingUs,1788580412891000000,1788580473080000000,24621
MappedFileStorage.totalBytesMapped,1788580412891000000,1788580473080000000,241434624
DirectByteBufferAllocator.hits,1788580412891000000,1788580473080000000,3
DirectByteBufferAllocator.misses,1788580412891000000,1788580473080000000,310
cacheStateStorage.get.counter,1788580412891000000,1788580473080000000,2
cacheStateStorage.set.duration,1788580412891000000,1788580473080000000,5
cacheStateStorage.set.counter,1788580412891000000,1788580473080000000,1
cacheStateStorage.get.duration,1788580412891000000,1788580473080000000,0
Indexing.writesQueuedMin,1788580412891000000,1788580473080000000,9223372036854775807
Indexing.writer_0.totalTimeSpentWritingMs,1788580412891000000,1788580473080000000,0
Indexing.writer_3.totalTimeSpentWritingMs,1788580412891000000,1788580473080000000,0
Indexing.totalTimeIndexersSleptMs,1788580412891000000,1788580473080000000,0
Indexing.cache.totalCacheAccesses,1788580412891000000,1788580473080000000,0
Indexing.writesQueuedMax,1788580412891000000,1788580473080000000,0
Indexing.writer_1.totalTimeSpentWritingMs,1788580412891000000,1788580473080000000,0
Indexing.cache.totalCacheEvicted,1788580412891000000,1788580473080000000,0
Indexing.writer_2.totalTimeSpentWritingMs,1788580412891000000,1788580473080000000,0
Indexing.cache.totalCacheMisses,1788580412891000000,1788580473080000000,0
workspaceModel.mutableEntityStorage.changeLog.addReplaceEventForNewChild.ms,1788580473080000000,1788580532932000000,2
jps.facet.change.listener.init.bridge.ms,1788580473080000000,1788580532932000000,2
jps.global.get.library.ms,1788580473080000000,1788580532932000000,0
workspaceModel.moduleBridge.update.option.ms,1788580473080000000,1788580532932000000,0
workspaceModel.moduleBridgeLoader.loading.modules.ms,1788580473080000000,1788580532932000000,127
workspaceModel.global.apply.state.to.project.builder.ms,1788580473080000000,1788580532932000000,2
jps.library.entities.serializer.load.entities.ms,1788580473080000000,1788580532932000000,3
workspaceModel.moduleBridge.facet.initialization.ms,1788580473080000000,1788580532932000000,0
jps.global.handle.changed.events.ms,1788580473080000000,1788580532932000000,0
jps.modifiable.module.model.bridge.disposing.ms,1788580473080000000,1788580532932000000,0
workspaceModel.moduleManagerBridge.create.module.instance.ms,1788580473080000000,1788580532932000000,7
jps.reload.project.entities.ms,1788580473080000000,1788580532932000000,0
jps.app.storage.content.reader.load.component.ms,1788580473080000000,1788580532932000000,2
jps.modifiable.module.model.bridge.renaming.ms,1788580473080000000,1788580532932000000,0
workspaceModel.sync.entities.ms,1788580473080000000,1788580532932000000,0
jps.artifact.entities.serializer.save.entities.ms,1788580473080000000,1788580532932000000,0
workspaceModel.moduleManagerBridge.new.nonPersistent.module.ms,1788580473080000000,1788580532932000000,0
jps.app.storage.content.writer.save.component.ms,1788580473080000000,1788580532932000000,96
workspaceModel.mutableEntityStorage.add.entity.ms,1788580473080000000,1788580532932000000,78
workspaceModel.moduleBridge.before.changed.ms,1788580473080000000,1788580532932000000,0
jps.global.handle.before.change.events.ms,1788580473080000000,1788580532932000000,0
workspaceModel.mutableEntityStorage.mutable.ext.mapping.ms,1788580473080000000,1788580532932000000,1
jps.save.changed.project.entities.ms,1788580473080000000,1788580532932000000,335
jps.module.iml.entities.serializer.save.entities.ms,1788580473080000000,1788580532932000000,216
workspaceModel.moduleManagerBridge.set.unloadedModules.ms,1788580473080000000,1788580532932000000,0
workspaceModel.mutableEntityStorage.changeLog.addReplaceEventForRemovedChild.ms,1788580473080000000,1788580532932000000,1
workspaceModel.mutableEntityStorage.changeLog.addReplaceEventForRemovedParent.ms,1788580473080000000,1788580532932000000,1
jps.global.get.library.by.name.ms,1788580473080000000,1788580532932000000,0
workspaceModel.global.apply.state.to.project.ms,1788580473080000000,1788580532932000000,10
workspaceModel.moduleManagerBridge.load.module.ms,1788580473080000000,1788580532932000000,0
workspaceModel.mutableEntityStorage.mutable.vfurl.index.ms,1788580473080000000,1788580532932000000,0
workspaceModel.mutableEntityStorage.entities.ms,1788580473080000000,1788580532932000000,24
jps.global.initialize.library.bridges.after.loading.ms,1788580473080000000,1788580532932000000,23
workspaceModel.mutableEntityStorage.apply.changes.from.ms,1788580473080000000,1788580532932000000,10
workspaceModel.load.cache.metadata.from.file.ms,1788580473080000000,1788580532932000000,0
jps.save.global.entities.ms,1788580473080000000,1788580532932000000,201
workspaceModel.global.updates.ms,1788580473080000000,1788580532932000000,14
workspaceModel.mutableEntityStorage.changeLog.addReplaceEventForNewParent.ms,1788580473080000000,1788580532932000000,1
workspaceModel.mutableEntityStorage.has.same.entities.ms,1788580473080000000,1788580532932000000,1
workspaceModel.mutableEntityStorage.put.entity.ms,1788580473080000000,1788580532932000000,39
jps.load.project.to.empty.storage.ms,1788580473080000000,1788580532932000000,113
jps.project.serializers.load.ms,1788580473080000000,1788580532932000000,46
jps.load.initial.state.ms,1788580473080000000,1788580532932000000,41
workspaceModel.mutableEntityStorage.replace.by.source.ms,1788580473080000000,1788580532932000000,65
workspaceModel.save.cache.to.file.ms,1788580473080000000,1788580532932000000,411
workspaceModel.moduleManagerBridge.newModule.ms,1788580473080000000,1788580532932000000,35
jps.apply.loaded.storage.ms,1788580473080000000,1788580532932000000,111
jps.modifiable.module.model.bridge.new.module.ms,1788580473080000000,1788580532932000000,17
workspaceModel.mutableEntityStorage.entities.by.source.ms,1788580473080000000,1788580532932000000,0
workspaceModel.load.cache.from.file.ms,1788580473080000000,1788580532932000000,0
workspaceModel.mutableEntityStorage.hasReferrers.ms,1788580473080000000,1788580532932000000,0
jps.module.dependency.index.workspace.model.listener.on.changed.ms,1788580473080000000,1788580532932000000,6
jps.global.initialize.library.bridges.ms,1788580473080000000,1788580532932000000,36
workspaceModel.mutableEntityStorage.instances.count,1788580473080000000,1788580532932000000,53
jps.library.entities.serializer.save.entities.ms,1788580473080000000,1788580532932000000,16
workspaceModel.do.save.caches.ms,1788580473080000000,1788580532932000000,421
workspaceModel.moduleManagerBridge.build.module.graph.ms,1788580473080000000,1788580532932000000,3
jps.global.get.libraries.ms,1788580473080000000,1788580532932000000,0
workspaceModel.moduleManagerBridge.get.modules.ms,1788580473080000000,1788580532932000000,2
workspaceModel.mutableEntityStorage.referrers.ms,1788580473080000000,1788580532932000000,0
jps.storage.jps.conf.reader.load.component.ms,1788580473080000000,1788580532932000000,9
jps.modifiable.module.model.bridge.load.module.ms,1788580473080000000,1788580532932000000,0
workspaceModel.orphan.listener.update.ms,1788580473080000000,1788580532932000000,2
jps.module.iml.entities.serializer.load.entities.ms,1788580473080000000,1788580532932000000,0
workspaceModel.mutableEntityStorage.to.snapshot.ms,1788580473080000000,1788580532932000000,5
jps.facet.change.listener.process.change.events.ms,1788580473080000000,1788580532932000000,0
workspaceModel.mutableEntityStorage.collect.changes.ms,1788580473080000000,1788580532932000000,3
workspaceModel.moduleManagerBridge.load.all.modules.ms,1788580473080000000,1788580532932000000,3
workspaceModel.mutableEntityStorage.modify.entity.ms,1788580473080000000,1788580532932000000,98
workspaceModel.mutableEntityStorage.resolve.ms,1788580473080000000,1788580532932000000,0
workspaceModel.global.updates.count,1788580473080000000,1788580532932000000,1
jps.artifact.entities.serializer.load.entities.ms,1788580473080000000,1788580532932000000,2
workspaceModel.mutableEntityStorage.remove.entity.ms,1788580473080000000,1788580532932000000,2
jps.project.serializers.save.ms,1788580473080000000,1788580532932000000,326
jps.facet.change.listener.before.change.events.ms,1788580473080000000,1788580532932000000,0
parser.JSON.time.ns,1788580473080000000,1788580532932000000,6
lexer.GenericSQL.size.bytes,1788580473080000000,1788580532932000000,17165
lexer.Flow.JS.size.bytes,1788580473080000000,1788580532932000000,18429
parser.JSON.size.bytes,1788580473080000000,1788580532932000000,1220
DiskQueryRelay.taskExecutionTotalTimeUs,1788580473080000000,1788580532932000000,43940261
parser.Markdown.time.ns,1788580473080000000,1788580532932000000,602504994
lexer.HTML.time.ns,1788580473080000000,1788580532932000000,31111333
parser.Flow.JS.time.ns,1788580473080000000,1788580532932000000,382984167
parser.Flow.JS.size.bytes,1788580473080000000,1788580532932000000,18429
parser.XML.time.ns,1788580473080000000,1788580532932000000,893
parser.JAVA.time.ns,1788580473080000000,1788580532932000000,115773708
writeAction.max.wait.ms,1788580473080000000,1788580532932000000,70
lexer.JSON.time.ns,1788580473080000000,1788580532932000000,364793
lexer.XML.size.bytes,1788580473080000000,1788580532932000000,1905899
writeAction.wait.ms,1788580473080000000,1788580532932000000,140
lexer.Flow.JS.time.ns,1788580473080000000,1788580532932000000,22265583
DiskQueryRelay.taskWaitingTotalTimeUs,1788580473080000000,1788580532932000000,54967050
lexer.JSON.size.bytes,1788580473080000000,1788580532932000000,1220
parser.JAVA.size.bytes,1788580473080000000,1788580532932000000,64877
writeAction.count,1788580473080000000,1788580532932000000,32
lexer.HTML.size.bytes,1788580473080000000,1788580532932000000,7926
parser.Markdown.size.bytes,1788580473080000000,1788580532932000000,404243
lexer.Markdown.time.ns,1788580473080000000,1788580532932000000,871155661
lexer.XML.time.ns,1788580473080000000,1788580532932000000,135904874
LowMemory.gcLoad,1788580473080000000,1788580532932000000,0.0
DiskQueryRelay.tasksExecuted,1788580473080000000,1788580532932000000,108560
lexer.Markdown.size.bytes,1788580473080000000,1788580532932000000,404243
parser.GenericSQL.size.bytes,1788580473080000000,1788580532932000000,27584
parser.HTML.time.ns,1788580473080000000,1788580532932000000,112203335
writeAction.median.wait.ms,1788580473080000000,1788580532932000000,100
lexer.JAVA.size.bytes,1788580473080000000,1788580532932000000,56291
parser.HTML.size.bytes,1788580473080000000,1788580532932000000,7926
DiskQueryRelay.tasksRequested,1788580473080000000,1788580532932000000,108567
lexer.JAVA.time.ns,1788580473080000000,1788580532932000000,8514746
parser.XML.size.bytes,1788580473080000000,1788580532932000000,1898291
parser.GenericSQL.time.ns,1788580473080000000,1788580532932000000,5963847585
lexer.GenericSQL.time.ns,1788580473080000000,1788580532932000000,588117712
LowMemory.gcOverloaded,1788580473080000000,1788580532932000000,0
FileNameCache.queries,1788580473080000000,1788580532932000000,7658688
VFS.cache.directoriesCreated,1788580473080000000,1788580532932000000,8627
VFS.cache.filesCreated,1788580473080000000,1788580532932000000,193927
VFS.ContentWriter.totalTimeSpentOnAsyncOperationsUs,1788580473080000000,1788580532932000000,0
VFS.fileByIdCache.misses,1788580473080000000,1788580532932000000,193
VFS.contentStorage.recordsStoredCompressed,1788580473080000000,1788580532932000000,26
VFS.folderCaseSensitivityReads,1788580473080000000,1788580532932000000,522
VFS.contentStorage.recordsStored,1788580473080000000,1788580532932000000,75
VFS.contentStorage.recordsRead,1788580473080000000,1788580532932000000,104
VFS.contentStorage.recordsReadSize,1788580473080000000,1788580532932000000,1130165
VFS.invertedFileNameIndex.requests,1788580473080000000,1788580532932000000,23
VFS.cache.segmentsCreated,1788580473080000000,1788580532932000000,264
VFS.ContentWriter.totalTasksExecutedAsync,1788580473080000000,1788580532932000000,0
VFS.fileByIdCache.hits,1788580473080000000,1788580532932000000,2
VFS.contentStorage.recordsDeduplicated,1788580473080000000,1788580532932000000,1
VFS.cache.segments,1788580473080000000,1788580532932000000,261
VFS.contentStorage.recordsDecompressionTimeUs,1788580473080000000,1788580532932000000,16904
VFS.ContentWriter.totalTimeSpentOnSyncOperationsUs,1788580473080000000,1788580532932000000,0
VFS.contentStorage.recordsUncompressedSize,1788580473080000000,1788580532932000000,1254811
VFS.fileChildByName,1788580473080000000,1788580532932000000,35270
VFS.contentStorage.recordsReadDecompressed,1788580473080000000,1788580532932000000,35
VFS.ContentWriter.totalFlushes,1788580473080000000,1788580532932000000,0
VFS.rootsCount,1788580473080000000,1788580532932000000,197.0
VFS.ContentWriter.totalTasksExecutedSync,1788580473080000000,1788580532932000000,0
FileNameCache.totalMisses,1788580473080000000,1788580532932000000,58560
VFS.contentStorage.recordsStoredSize,1788580473080000000,1788580532932000000,492836
ReadAction.executionsCount,1788580473080000000,1788580532932000000,326254
FlushQueue.queueSize90P,1788580473080000000,1788580532932000000,0
NonBlockingReadAction.failedExecutionsCount,1788580473080000000,1788580532932000000,25
FlushQueue.queueSizeAvg,1788580473080000000,1788580532932000000,0.0
AWTEventQueue.dispatchTime90PNs,1788580473080000000,1788580532932000000,536575
WriteAction.executionsCount,1788580473080000000,1788580532932000000,32
NonBlockingReadAction.failedExecutionTimeUs,1788580473080000000,1788580532932000000,317735
AWTEventQueue.dispatchTimeTotalNS,1788580473080000000,1788580532932000000,14023455897
FlushQueue.executionTimeMaxNs,1788580473080000000,1788580532932000000,491519
FlushQueue.waitingTimeAvgNs,1788580473080000000,1788580532932000000,26688.0
AWTEventQueue.dispatchTimeMaxNs,1788580473080000000,1788580532932000000,536575
FlushQueue.waitingTimeMaxNs,1788580473080000000,1788580532932000000,26751
FlushQueue.waitingTime90PNs,1788580473080000000,1788580532932000000,26751
AWTEventQueue.dispatchTimeAvgNs,1788580473080000000,1788580532932000000,117749.33333333333
AWTEventQueue.eventsDispatched,1788580473080000000,1788580532932000000,6
NonBlockingReadAction.finalizedExecutionTimeUs,1788580473080000000,1788580532932000000,4851336
NonBlockingReadAction.finalizedExecutionsCount,1788580473080000000,1788580532932000000,288
FlushQueue.executionTimeAvgNs,1788580473080000000,1788580532932000000,490496.0
FlushQueue.tasksExecuted,1788580473080000000,1788580532932000000,1
FlushQueue.executionTime90PNs,1788580473080000000,1788580532932000000,491519
FlushQueue.queueSizeMax,1788580473080000000,1788580532932000000,0
FilePageCache.pageFastCacheHits,1788580473080000000,1788580532932000000,5342279
FilePageCache.WAL.entriesFlushedOnClose,1788580473080000000,1788580532932000000,0
FilePageCache.WAL.entriesFlushedOnForce,1788580473080000000,1788580532932000000,0
MappedFileStorage.totalPagesMapped,1788580473080000000,1788580532932000000,16
FilePageCache.totalBytesStored,1788580473080000000,1788580532932000000,55659842
StreamlinedBlobStorage.totalLiveRecordsCapacityBytes,1788580473080000000,1788580532932000000,9410525
FilePageCache.WAL.bytesCopiedByApplyUnfinished,1788580473080000000,1788580532932000000,0
FilePageCache.maxCacheSizeInBytes,1788580473080000000,1788580532932000000,629153792
StorageLockContext.competingThreads.max,1788580473080000000,1788580532932000000,0
StreamlinedBlobStorage.recordsRelocated,1788580473080000000,1788580532932000000,0
FilePageCache.WAL.entriesFlushed,1788580473080000000,1788580532932000000,5310
FilePageCache.disposedBuffers,1788580473080000000,1788580532932000000,415
MappedFileStorage.storages,1788580473080000000,1788580532932000000,16
FilePageCache.totalPageLoadsUs,1788580473080000000,1788580532932000000,659162
FilePageCache.pageLoadsAboveSizeThreshold,1788580473080000000,1788580532932000000,414
FileChannelInterruptsRetryer.totalRetriedAttempts,1788580473080000000,1788580532932000000,0
FilePageCache.WAL.bytesQueued,1788580473080000000,1788580532932000000,53836207
StreamlinedBlobStorage.recordsDeleted,1788580473080000000,1788580532932000000,11
FilePageCache.totalPageStoresUs,1788580473080000000,1788580532932000000,299614
FilePageCache.pageLoads,1788580473080000000,1788580532932000000,292
FilePageCache.WAL.entriesFlushedOnRead,1788580473080000000,1788580532932000000,72
FilePageCache.WAL.flushesForcedByOverflow,1788580473080000000,1788580532932000000,0
DirectByteBufferAllocator.totalSizeOfBuffersAllocatedInBytes,1788580473080000000,1788580532932000000,630210560
FilePageCache.WAL.entriesFlushedOnTruncate,1788580473080000000,1788580532932000000,5
StorageLockContext.competingThreads.avg,1788580473080000000,1788580532932000000,0.0
DirectByteBufferAllocator.totalSizeOfBuffersCachedInBytes,1788580473080000000,1788580532932000000,2097152
FilePageCache.capacityInBytes,1788580473080000000,1788580532932000000,629145600
FilePageCache.totalPageDisposalsUs,1788580473080000000,1788580532932000000,4844
FilePageCache.maxRegisteredFiles,1788580473080000000,1788580532932000000,1796
FilePageCache.pageHits,1788580473080000000,1788580532932000000,28508
StorageLockContext.competingThreads.90P,1788580473080000000,1788580532932000000,0
FilePageCache.uncachedFileAccess,1788580473080000000,1788580532932000000,3056
StreamlinedBlobStorage.recordsAllocated,1788580473080000000,1788580532932000000,115373
DirectByteBufferAllocator.disposed,1788580473080000000,1788580532932000000,0
DirectByteBufferAllocator.reclaimed,1788580473080000000,1788580532932000000,415
StreamlinedBlobStorage.totalLiveRecordsPayloadBytes,1788580473080000000,1788580532932000000,3869278
MappedFileStorage.totalTimeSpentOnMappingUs,1788580473080000000,1788580532932000000,65374
MappedFileStorage.totalBytesMapped,1788580473080000000,1788580532932000000,262406144
DirectByteBufferAllocator.hits,1788580473080000000,1788580532932000000,413
DirectByteBufferAllocator.misses,1788580473080000000,1788580532932000000,293
cacheStateStorage.get.counter,1788580473080000000,1788580532932000000,367
cacheStateStorage.set.duration,1788580473080000000,1788580532932000000,205
cacheStateStorage.set.counter,1788580473080000000,1788580532932000000,8
cacheStateStorage.get.duration,1788580473080000000,1788580532932000000,85
Indexing.writer_3.totalTimeSpentWritingMs,1788580473080000000,1788580532932000000,15792
Indexing.totalTimeIndexersSleptMs,1788580473080000000,1788580532932000000,16136
Indexes.allKeys.lookups,1788580473080000000,1788580532932000000,1
Indexing.writesQueuedMax,1788580473080000000,1788580532932000000,0
Indexes.entries.lookupDurationAvgMs,1788580473080000000,1788580532932000000,0.0
Indexing.writer_1.totalTimeSpentWritingMs,1788580473080000000,1788580532932000000,1365
Indexes.allKeys.lookupDuration90PMs,1788580473080000000,1788580532932000000,0.0
Indexes.stubs.lookupDurationMaxMs,1788580473080000000,1788580532932000000,0.0
Indexes.entries.lookupDuration90PMs,1788580473080000000,1788580532932000000,0.0
Indexes.entries.lookupDurationMaxMs,1788580473080000000,1788580532932000000,0.0
Indexing.writer_2.totalTimeSpentWritingMs,1788580473080000000,1788580532932000000,12363
Indexes.stubs.lookupDuration90PMs,1788580473080000000,1788580532932000000,0.0
Indexing.writesQueuedMin,1788580473080000000,1788580532932000000,9223372036854775807
Indexing.writer_0.totalTimeSpentWritingMs,1788580473080000000,1788580532932000000,5428
Indexing.cache.totalCacheAccesses,1788580473080000000,1788580532932000000,2776294
Indexes.entries.lookups,1788580473080000000,1788580532932000000,4
Indexes.stubs.lookupDurationAvgMs,1788580473080000000,1788580532932000000,0.0
Indexes.allKeys.lookupDurationMaxMs,1788580473080000000,1788580532932000000,0.0
Indexes.stubs.lookups,1788580473080000000,1788580532932000000,52
Indexing.cache.totalCacheEvicted,1788580473080000000,1788580532932000000,1291732
Indexes.allKeys.lookupDurationAvgMs,1788580473080000000,1788580532932000000,0.0
Indexing.cache.totalCacheMisses,1788580473080000000,1788580532932000000,1291770
workspaceModel.check.recursive.update.ms,1788580473080000000,1788580532932000000,0
workspaceModel.cachedValueWithParameters.calculated.count,1788580473080000000,1788580532932000000,1
workspaceModel.loading.total.ms,1788580473080000000,1788580532932000000,44
workspaceModel.workspaceFileIndexData.visitFileSets.ms,1788580473080000000,1788580532932000000,6
workspaceModel.cachedValue.from.cache.count,1788580473080000000,1788580532932000000,1407
workspaceModel.non.incremental.contributors.total.update.time.ms,1788580473080000000,1788580532932000000,229
workspaceModel.workspaceFileIndexData.markDirty.ms,1788580473080000000,1788580532932000000,0
workspaceModel.cachedValueWithParameters.clear.count,1788580473080000000,1788580532932000000,0
workspaceModel.cachedValue.total.get.count,1788580473080000000,1788580532932000000,1554
workspaceModel.non.incremental.contributors.file.sets.computation.time.ms,1788580473080000000,1788580532932000000,222
workspaceModel.collect.changes.ms,1788580473080000000,1788580532932000000,0
workspaceModel.cachedValueWithParameters.total.get.count,1788580473080000000,1788580532932000000,2
workspaceModel.update.unloaded.entities.ms,1788580473080000000,1788580532932000000,0
workspaceModel.cachedValue.clear.count,1788580473080000000,1788580532932000000,2
workspaceModel.cachedValue.calculated.count,1788580473080000000,1788580532932000000,147
workspaceModel.loading.from.cache.ms,1788580473080000000,1788580532932000000,35
workspaceModel.updates.ms,1788580473080000000,1788580532932000000,209
workspaceModel.workspaceFileIndexData.getFileInfo.ms,1788580473080000000,1788580532932000000,1419
workspaceModel.replace.project.model.ms,1788580473080000000,1788580532932000000,396
workspaceModel.updates.count,1788580473080000000,1788580532932000000,5
workspaceModel.on.changed.ms,1788580473080000000,1788580532932000000,159
workspaceModel.workspaceFileIndexData.getPackageName.ms,1788580473080000000,1788580532932000000,5
workspaceModel.workspaceFileIndexData.processFileSets.ms,1788580473080000000,1788580532932000000,0
workspaceModel.pre.handlers.ms,1788580473080000000,1788580532932000000,4
workspaceModel.to.snapshot.ms,1788580473080000000,1788580532932000000,0
workspaceModel.workspaceFileIndexData.getDirectoriesByPackageName.ms,1788580473080000000,1788580532932000000,27
workspaceModel.init.bridges.ms,1788580473080000000,1788580532932000000,81
workspaceModel.workspaceFileIndexData.init.ms,1788580473080000000,1788580532932000000,2
workspaceModel.entityStorageSnapshotImpl.instances.count,1788580473080000000,1788580532932000000,37
workspaceModel.updates.precise.ms,1788580473080000000,1788580532932000000,4
workspaceModel.initializing.ms,1788580473080000000,1788580532932000000,63
workspaceModel.cachedValueWithParameters.from.cache.count,1788580473080000000,1788580532932000000,1
workspaceModel.full.replace.project.model.ms,1788580473080000000,1788580532932000000,103
workspaceModel.workspaceFileIndexData.updateDirtyEntities.ms,1788580473080000000,1788580532932000000,0
workspaceModel.on.before.changed.ms,1788580473080000000,1788580532932000000,166
workspaceModel.workspaceFileIndexData.onEntitiesChanged.ms,1788580473080000000,1788580532932000000,286
workspaceModel.non.incremental.contributors.exclude.roots.computation.time.ms,1788580473080000000,1788580532932000000,4
workspaceModel.workspaceFileIndexContributor.registerFileSets.ms,1788580473080000000,1788580532932000000,283
workspaceModel.workspaceFileIndexData.instances.count,1788580473080000000,1788580532932000000,1
compiler.ArtifactVirtualFileListener.propertyChanged.ms,1788580473080000000,1788580532932000000,0
compiler.ArtifactVirtualFileListener.filePathChanged.ms,1788580473080000000,1788580532932000000,0
compiler.ArtifactManagerBridge.findArtifact.ms,1788580473080000000,1788580532932000000,0
compiler.ArtifactManagerBridge.getArtifacts.ms,1788580473080000000,1788580532932000000,0
compiler.ArtifactManagerBridge.dropMappings.ms,1788580473080000000,1788580532932000000,0
compiler.ArtifactManagerBridge.commit.ms,1788580473080000000,1788580532932000000,0
compiler.ArtifactManagerBridge.getArtifactsByType.ms,1788580473080000000,1788580532932000000,3
compiler.ArtifactManagerBridge.addArtifact.ms,1788580473080000000,1788580532932000000,0
compiler.ArtifactManagerBridge.initBridges.ms,1788580473080000000,1788580532932000000,0
JVM.GC.collectionTimesMs,1788580473080000000,1788580532932000000,3021
MEM.ramMinusFileMappingsBytes,1788580473080000000,1788580532932000000,816037888
JVM.usedNativeBytes,1788580473080000000,1788580532932000000,571281752
JVM.totalCpuTimeMs,1788580473080000000,1788580532932000000,191883
JVM.maxThreadCount,1788580473080000000,1788580532932000000,163
JVM.threadCount,1788580473080000000,1788580532932000000,161
JVM.GC.collections,1788580473080000000,1788580532932000000,95
JVM.totalTimeToSafepointsMs,1788580473080000000,1788580532932000000,54
MEM.ramBytes,1788580473080000000,1788580532932000000,973832192
JVM.committedHeapBytes,1788580473080000000,1788580532932000000,1214251008
JVM.usedHeapBytes,1788580473080000000,1788580532932000000,894633360
JVM.totalDirectByteBuffersBytes,1788580473080000000,1788580532932000000,630231048
MEM.ramPlusSwapMinusFileMappingsBytes,1788580473080000000,1788580532932000000,2904242560
JVM.totalSafepointCount,1788580473080000000,1788580532932000000,123
JVM.totalBytesAllocated,1788580473080000000,1788580532932000000,14706180872
OS.loadAverage,1788580473080000000,1788580532932000000,20.62646484375
MEM.fileMappingsRamBytes,1788580473080000000,1788580532932000000,157794304
JVM.newThreadsCount,1788580473080000000,1788580532932000000,256
JVM.maxHeapBytes,1788580473080000000,1788580532932000000,2147483648
JVM.totalTimeAtSafepointsMs,1788580473080000000,1788580532932000000,3030
workspaceModel.mutableEntityStorage.changeLog.addReplaceEventForNewChild.ms,1788580532932000000,1788580592929000000,0
jps.facet.change.listener.init.bridge.ms,1788580532932000000,1788580592929000000,0
jps.global.get.library.ms,1788580532932000000,1788580592929000000,0
workspaceModel.moduleBridge.update.option.ms,1788580532932000000,1788580592929000000,0
workspaceModel.moduleBridgeLoader.loading.modules.ms,1788580532932000000,1788580592929000000,0
workspaceModel.global.apply.state.to.project.builder.ms,1788580532932000000,1788580592929000000,0
jps.library.entities.serializer.load.entities.ms,1788580532932000000,1788580592929000000,0
workspaceModel.moduleBridge.facet.initialization.ms,1788580532932000000,1788580592929000000,0
jps.global.handle.changed.events.ms,1788580532932000000,1788580592929000000,0
jps.modifiable.module.model.bridge.disposing.ms,1788580532932000000,1788580592929000000,0
workspaceModel.moduleManagerBridge.create.module.instance.ms,1788580532932000000,1788580592929000000,0
jps.reload.project.entities.ms,1788580532932000000,1788580592929000000,0
jps.app.storage.content.reader.load.component.ms,1788580532932000000,1788580592929000000,0
jps.modifiable.module.model.bridge.renaming.ms,1788580532932000000,1788580592929000000,0
workspaceModel.sync.entities.ms,1788580532932000000,1788580592929000000,0
jps.artifact.entities.serializer.save.entities.ms,1788580532932000000,1788580592929000000,0
workspaceModel.moduleManagerBridge.new.nonPersistent.module.ms,1788580532932000000,1788580592929000000,0
jps.app.storage.content.writer.save.component.ms,1788580532932000000,1788580592929000000,3
workspaceModel.mutableEntityStorage.add.entity.ms,1788580532932000000,1788580592929000000,0
workspaceModel.moduleBridge.before.changed.ms,1788580532932000000,1788580592929000000,0
jps.global.handle.before.change.events.ms,1788580532932000000,1788580592929000000,0
workspaceModel.mutableEntityStorage.mutable.ext.mapping.ms,1788580532932000000,1788580592929000000,0
jps.save.changed.project.entities.ms,1788580532932000000,1788580592929000000,1
jps.module.iml.entities.serializer.save.entities.ms,1788580532932000000,1788580592929000000,0
workspaceModel.moduleManagerBridge.set.unloadedModules.ms,1788580532932000000,1788580592929000000,0
workspaceModel.mutableEntityStorage.changeLog.addReplaceEventForRemovedChild.ms,1788580532932000000,1788580592929000000,0
workspaceModel.mutableEntityStorage.changeLog.addReplaceEventForRemovedParent.ms,1788580532932000000,1788580592929000000,0
jps.global.get.library.by.name.ms,1788580532932000000,1788580592929000000,0
workspaceModel.global.apply.state.to.project.ms,1788580532932000000,1788580592929000000,0
workspaceModel.moduleManagerBridge.load.module.ms,1788580532932000000,1788580592929000000,0
workspaceModel.mutableEntityStorage.mutable.vfurl.index.ms,1788580532932000000,1788580592929000000,0
workspaceModel.mutableEntityStorage.entities.ms,1788580532932000000,1788580592929000000,0
jps.global.initialize.library.bridges.after.loading.ms,1788580532932000000,1788580592929000000,0
workspaceModel.mutableEntityStorage.apply.changes.from.ms,1788580532932000000,1788580592929000000,0
workspaceModel.load.cache.metadata.from.file.ms,1788580532932000000,1788580592929000000,0
jps.save.global.entities.ms,1788580532932000000,1788580592929000000,8
workspaceModel.global.updates.ms,1788580532932000000,1788580592929000000,0
workspaceModel.mutableEntityStorage.changeLog.addReplaceEventForNewParent.ms,1788580532932000000,1788580592929000000,0
workspaceModel.mutableEntityStorage.has.same.entities.ms,1788580532932000000,1788580592929000000,0
workspaceModel.mutableEntityStorage.put.entity.ms,1788580532932000000,1788580592929000000,0
jps.load.project.to.empty.storage.ms,1788580532932000000,1788580592929000000,0
jps.project.serializers.load.ms,1788580532932000000,1788580592929000000,0
jps.load.initial.state.ms,1788580532932000000,1788580592929000000,0
workspaceModel.mutableEntityStorage.replace.by.source.ms,1788580532932000000,1788580592929000000,0
workspaceModel.save.cache.to.file.ms,1788580532932000000,1788580592929000000,0
workspaceModel.moduleManagerBridge.newModule.ms,1788580532932000000,1788580592929000000,0
jps.apply.loaded.storage.ms,1788580532932000000,1788580592929000000,0
jps.modifiable.module.model.bridge.new.module.ms,1788580532932000000,1788580592929000000,0
workspaceModel.mutableEntityStorage.entities.by.source.ms,1788580532932000000,1788580592929000000,0
workspaceModel.load.cache.from.file.ms,1788580532932000000,1788580592929000000,0
workspaceModel.mutableEntityStorage.hasReferrers.ms,1788580532932000000,1788580592929000000,0
jps.module.dependency.index.workspace.model.listener.on.changed.ms,1788580532932000000,1788580592929000000,0
jps.global.initialize.library.bridges.ms,1788580532932000000,1788580592929000000,0
workspaceModel.mutableEntityStorage.instances.count,1788580532932000000,1788580592929000000,0
jps.library.entities.serializer.save.entities.ms,1788580532932000000,1788580592929000000,0
workspaceModel.do.save.caches.ms,1788580532932000000,1788580592929000000,0
workspaceModel.moduleManagerBridge.build.module.graph.ms,1788580532932000000,1788580592929000000,0
jps.global.get.libraries.ms,1788580532932000000,1788580592929000000,0
workspaceModel.moduleManagerBridge.get.modules.ms,1788580532932000000,1788580592929000000,0
workspaceModel.mutableEntityStorage.referrers.ms,1788580532932000000,1788580592929000000,0
jps.storage.jps.conf.reader.load.component.ms,1788580532932000000,1788580592929000000,0
jps.modifiable.module.model.bridge.load.module.ms,1788580532932000000,1788580592929000000,0
workspaceModel.orphan.listener.update.ms,1788580532932000000,1788580592929000000,0
jps.module.iml.entities.serializer.load.entities.ms,1788580532932000000,1788580592929000000,0
workspaceModel.mutableEntityStorage.to.snapshot.ms,1788580532932000000,1788580592929000000,0
jps.facet.change.listener.process.change.events.ms,1788580532932000000,1788580592929000000,0
workspaceModel.mutableEntityStorage.collect.changes.ms,1788580532932000000,1788580592929000000,0
workspaceModel.moduleManagerBridge.load.all.modules.ms,1788580532932000000,1788580592929000000,0
workspaceModel.mutableEntityStorage.modify.entity.ms,1788580532932000000,1788580592929000000,0
workspaceModel.mutableEntityStorage.resolve.ms,1788580532932000000,1788580592929000000,0
workspaceModel.global.updates.count,1788580532932000000,1788580592929000000,0
jps.artifact.entities.serializer.load.entities.ms,1788580532932000000,1788580592929000000,0
workspaceModel.mutableEntityStorage.remove.entity.ms,1788580532932000000,1788580592929000000,0
jps.project.serializers.save.ms,1788580532932000000,1788580592929000000,1
jps.facet.change.listener.before.change.events.ms,1788580532932000000,1788580592929000000,0
lexer.GenericSQL.size.bytes,1788580532932000000,1788580592929000000,17165
DiskQueryRelay.taskExecutionTotalTimeUs,1788580532932000000,1788580592929000000,5188201
parser.Markdown.time.ns,1788580532932000000,1788580592929000000,50530360
lexer.HTML.time.ns,1788580532932000000,1788580592929000000,14820295
parser.XML.time.ns,1788580532932000000,1788580592929000000,98
parser.JAVA.time.ns,1788580532932000000,1788580592929000000,7438040
writeAction.max.wait.ms,1788580532932000000,1788580592929000000,70
lexer.XML.size.bytes,1788580532932000000,1788580592929000000,1985776
writeAction.wait.ms,1788580532932000000,1788580592929000000,12
DiskQueryRelay.taskWaitingTotalTimeUs,1788580532932000000,1788580592929000000,6330371
parser.JAVA.size.bytes,1788580532932000000,1788580592929000000,488
writeAction.count,1788580532932000000,1788580592929000000,10
lexer.HTML.size.bytes,1788580532932000000,1788580592929000000,40819
parser.Markdown.size.bytes,1788580532932000000,1788580592929000000,300970
lexer.Markdown.time.ns,1788580532932000000,1788580592929000000,29043456
lexer.XML.time.ns,1788580532932000000,1788580592929000000,53142622
LowMemory.gcLoad,1788580532932000000,1788580592929000000,0.002751564035606739
DiskQueryRelay.tasksExecuted,1788580532932000000,1788580592929000000,28878
lexer.Markdown.size.bytes,1788580532932000000,1788580592929000000,300970
parser.GenericSQL.size.bytes,1788580532932000000,1788580592929000000,27584
parser.HTML.time.ns,1788580532932000000,1788580592929000000,17065750
writeAction.median.wait.ms,1788580532932000000,1788580592929000000,100
lexer.JAVA.size.bytes,1788580532932000000,1788580592929000000,488
parser.HTML.size.bytes,1788580532932000000,1788580592929000000,40819
DiskQueryRelay.tasksRequested,1788580532932000000,1788580592929000000,28927
lexer.JAVA.time.ns,1788580532932000000,1788580592929000000,361460
parser.XML.size.bytes,1788580532932000000,1788580592929000000,1985776
parser.GenericSQL.time.ns,1788580532932000000,1788580592929000000,28505628
lexer.GenericSQL.time.ns,1788580532932000000,1788580592929000000,5337750
LowMemory.gcOverloaded,1788580532932000000,1788580592929000000,0
FileNameCache.queries,1788580532932000000,1788580592929000000,11412416
VFS.cache.directoriesCreated,1788580532932000000,1788580592929000000,2802
VFS.cache.filesCreated,1788580532932000000,1788580592929000000,43364
VFS.ContentWriter.totalTimeSpentOnAsyncOperationsUs,1788580532932000000,1788580592929000000,0
VFS.fileByIdCache.misses,1788580532932000000,1788580592929000000,100
VFS.contentStorage.recordsStoredCompressed,1788580532932000000,1788580592929000000,0
VFS.folderCaseSensitivityReads,1788580532932000000,1788580592929000000,1
VFS.contentStorage.recordsStored,1788580532932000000,1788580592929000000,1
VFS.contentStorage.recordsRead,1788580532932000000,1788580592929000000,210
VFS.contentStorage.recordsReadSize,1788580532932000000,1788580592929000000,1647938
VFS.invertedFileNameIndex.requests,1788580532932000000,1788580592929000000,5
VFS.cache.segmentsCreated,1788580532932000000,1788580592929000000,54
VFS.ContentWriter.totalTasksExecutedAsync,1788580532932000000,1788580592929000000,0
VFS.fileByIdCache.hits,1788580532932000000,1788580592929000000,104
VFS.contentStorage.recordsDeduplicated,1788580532932000000,1788580592929000000,0
VFS.cache.segments,1788580532932000000,1788580592929000000,315
VFS.contentStorage.recordsDecompressionTimeUs,1788580532932000000,1788580592929000000,3210
VFS.ContentWriter.totalTimeSpentOnSyncOperationsUs,1788580532932000000,1788580592929000000,0
VFS.contentStorage.recordsUncompressedSize,1788580532932000000,1788580592929000000,193
VFS.fileChildByName,1788580532932000000,1788580592929000000,38878
VFS.contentStorage.recordsReadDecompressed,1788580532932000000,1788580592929000000,75
VFS.ContentWriter.totalFlushes,1788580532932000000,1788580592929000000,0
VFS.rootsCount,1788580532932000000,1788580592929000000,298.0
VFS.ContentWriter.totalTasksExecutedSync,1788580532932000000,1788580592929000000,0
FileNameCache.totalMisses,1788580532932000000,1788580592929000000,23680
VFS.contentStorage.recordsStoredSize,1788580532932000000,1788580592929000000,193
ReadAction.executionsCount,1788580532932000000,1788580592929000000,123929
FlushQueue.queueSize90P,1788580532932000000,1788580592929000000,0
NonBlockingReadAction.failedExecutionsCount,1788580532932000000,1788580592929000000,9
FlushQueue.queueSizeAvg,1788580532932000000,1788580592929000000,0.0
AWTEventQueue.dispatchTime90PNs,1788580532932000000,1788580592929000000,309247
WriteAction.executionsCount,1788580532932000000,1788580592929000000,10
NonBlockingReadAction.failedExecutionTimeUs,1788580532932000000,1788580592929000000,6577
AWTEventQueue.dispatchTimeTotalNS,1788580532932000000,1788580592929000000,4070293249
FlushQueue.executionTimeMaxNs,1788580532932000000,1788580592929000000,168959
FlushQueue.waitingTimeAvgNs,1788580532932000000,1788580592929000000,8962496.0
AWTEventQueue.dispatchTimeMaxNs,1788580532932000000,1788580592929000000,17694719
FlushQueue.waitingTimeMaxNs,1788580532932000000,1788580592929000000,17956863
FlushQueue.waitingTime90PNs,1788580532932000000,1788580592929000000,17956863
AWTEventQueue.dispatchTimeAvgNs,1788580532932000000,1788580592929000000,1439503.3846153845
AWTEventQueue.eventsDispatched,1788580532932000000,1788580592929000000,13
NonBlockingReadAction.finalizedExecutionTimeUs,1788580532932000000,1788580592929000000,779410
NonBlockingReadAction.finalizedExecutionsCount,1788580532932000000,1788580592929000000,355
FlushQueue.executionTimeAvgNs,1788580532932000000,1788580592929000000,138368.0
FlushQueue.tasksExecuted,1788580532932000000,1788580592929000000,2
FlushQueue.executionTime90PNs,1788580532932000000,1788580592929000000,168959
FlushQueue.queueSizeMax,1788580532932000000,1788580592929000000,0
FilePageCache.pageFastCacheHits,1788580532932000000,1788580592929000000,1081022
FilePageCache.WAL.entriesFlushedOnClose,1788580532932000000,1788580592929000000,0
FilePageCache.WAL.entriesFlushedOnForce,1788580532932000000,1788580592929000000,0
MappedFileStorage.totalPagesMapped,1788580532932000000,1788580592929000000,17
FilePageCache.totalBytesStored,1788580532932000000,1788580592929000000,13848594
StreamlinedBlobStorage.totalLiveRecordsCapacityBytes,1788580532932000000,1788580592929000000,220904
FilePageCache.WAL.bytesCopiedByApplyUnfinished,1788580532932000000,1788580592929000000,0
FilePageCache.maxCacheSizeInBytes,1788580532932000000,1788580592929000000,629153792
StorageLockContext.competingThreads.max,1788580532932000000,1788580592929000000,0
StreamlinedBlobStorage.recordsRelocated,1788580532932000000,1788580592929000000,0
FilePageCache.WAL.entriesFlushed,1788580532932000000,1788580592929000000,3450
FilePageCache.disposedBuffers,1788580532932000000,1788580592929000000,618
MappedFileStorage.storages,1788580532932000000,1788580592929000000,17
FilePageCache.totalPageLoadsUs,1788580532932000000,1788580592929000000,21236
FilePageCache.pageLoadsAboveSizeThreshold,1788580532932000000,1788580592929000000,16
FileChannelInterruptsRetryer.totalRetriedAttempts,1788580532932000000,1788580592929000000,0
FilePageCache.WAL.bytesQueued,1788580532932000000,1788580592929000000,36208124
StreamlinedBlobStorage.recordsDeleted,1788580532932000000,1788580592929000000,1
FilePageCache.totalPageStoresUs,1788580532932000000,1788580592929000000,110418
FilePageCache.pageLoads,1788580532932000000,1788580592929000000,6
FilePageCache.WAL.entriesFlushedOnRead,1788580532932000000,1788580592929000000,5
FilePageCache.WAL.flushesForcedByOverflow,1788580532932000000,1788580592929000000,0
DirectByteBufferAllocator.totalSizeOfBuffersAllocatedInBytes,1788580532932000000,1788580592929000000,4202496
FilePageCache.WAL.entriesFlushedOnTruncate,1788580532932000000,1788580592929000000,4
StorageLockContext.competingThreads.avg,1788580532932000000,1788580592929000000,0.0
DirectByteBufferAllocator.totalSizeOfBuffersCachedInBytes,1788580532932000000,1788580592929000000,41967616
FilePageCache.capacityInBytes,1788580532932000000,1788580592929000000,629145600
FilePageCache.totalPageDisposalsUs,1788580532932000000,1788580592929000000,65
FilePageCache.maxRegisteredFiles,1788580532932000000,1788580592929000000,1796
FilePageCache.pageHits,1788580532932000000,1788580592929000000,160178
StorageLockContext.competingThreads.90P,1788580532932000000,1788580592929000000,0
FilePageCache.uncachedFileAccess,1788580532932000000,1788580592929000000,173
StreamlinedBlobStorage.recordsAllocated,1788580532932000000,1788580592929000000,3110
DirectByteBufferAllocator.disposed,1788580532932000000,1788580592929000000,604
DirectByteBufferAllocator.reclaimed,1788580532932000000,1788580592929000000,57
StreamlinedBlobStorage.totalLiveRecordsPayloadBytes,1788580532932000000,1788580592929000000,49379
MappedFileStorage.totalTimeSpentOnMappingUs,1788580532932000000,1788580592929000000,72260
MappedFileStorage.totalBytesMapped,1788580532932000000,1788580592929000000,266600448
DirectByteBufferAllocator.hits,1788580532932000000,1788580592929000000,16
DirectByteBufferAllocator.misses,1788580532932000000,1788580592929000000,6
cacheStateStorage.get.counter,1788580532932000000,1788580592929000000,10
cacheStateStorage.set.duration,1788580532932000000,1788580592929000000,4
cacheStateStorage.set.counter,1788580532932000000,1788580592929000000,11
cacheStateStorage.get.duration,1788580532932000000,1788580592929000000,56
Indexing.writer_3.totalTimeSpentWritingMs,1788580532932000000,1788580592929000000,124
Indexing.totalTimeIndexersSleptMs,1788580532932000000,1788580592929000000,12989
Indexes.allKeys.lookups,1788580532932000000,1788580592929000000,2
Indexing.writesQueuedMax,1788580532932000000,1788580592929000000,0
Indexes.entries.lookupDurationAvgMs,1788580532932000000,1788580592929000000,0.0
Indexing.writer_1.totalTimeSpentWritingMs,1788580532932000000,1788580592929000000,562
Indexes.allKeys.lookupDuration90PMs,1788580532932000000,1788580592929000000,0.0
Indexes.stubs.lookupDurationMaxMs,1788580532932000000,1788580592929000000,0.0
Indexes.entries.lookupDuration90PMs,1788580532932000000,1788580592929000000,0.0
Indexes.entries.lookupDurationMaxMs,1788580532932000000,1788580592929000000,0.0
Indexing.writer_2.totalTimeSpentWritingMs,1788580532932000000,1788580592929000000,180
Indexes.stubs.lookupDuration90PMs,1788580532932000000,1788580592929000000,0.0
Indexing.writesQueuedMin,1788580532932000000,1788580592929000000,9223372036854775807
Indexing.writer_0.totalTimeSpentWritingMs,1788580532932000000,1788580592929000000,4689
Indexing.cache.totalCacheAccesses,1788580532932000000,1788580592929000000,6513369
Indexes.entries.lookups,1788580532932000000,1788580592929000000,9
Indexes.stubs.lookupDurationAvgMs,1788580532932000000,1788580592929000000,0.0
Indexes.allKeys.lookupDurationMaxMs,1788580532932000000,1788580592929000000,0.0
Indexes.stubs.lookups,1788580532932000000,1788580592929000000,132
Indexing.cache.totalCacheEvicted,1788580532932000000,1788580592929000000,552438
Indexes.allKeys.lookupDurationAvgMs,1788580532932000000,1788580592929000000,0.0
Indexing.cache.totalCacheMisses,1788580532932000000,1788580592929000000,552449
workspaceModel.check.recursive.update.ms,1788580532932000000,1788580592929000000,0
workspaceModel.cachedValueWithParameters.calculated.count,1788580532932000000,1788580592929000000,1
workspaceModel.loading.total.ms,1788580532932000000,1788580592929000000,0
workspaceModel.workspaceFileIndexData.visitFileSets.ms,1788580532932000000,1788580592929000000,0
workspaceModel.cachedValue.from.cache.count,1788580532932000000,1788580592929000000,4084
workspaceModel.non.incremental.contributors.total.update.time.ms,1788580532932000000,1788580592929000000,1
workspaceModel.workspaceFileIndexData.markDirty.ms,1788580532932000000,1788580592929000000,0
workspaceModel.cachedValueWithParameters.clear.count,1788580532932000000,1788580592929000000,0
workspaceModel.cachedValue.total.get.count,1788580532932000000,1788580592929000000,4086
workspaceModel.non.incremental.contributors.file.sets.computation.time.ms,1788580532932000000,1788580592929000000,0
workspaceModel.collect.changes.ms,1788580532932000000,1788580592929000000,0
workspaceModel.cachedValueWithParameters.total.get.count,1788580532932000000,1788580592929000000,4
workspaceModel.update.unloaded.entities.ms,1788580532932000000,1788580592929000000,0
workspaceModel.cachedValue.clear.count,1788580532932000000,1788580592929000000,0
workspaceModel.cachedValue.calculated.count,1788580532932000000,1788580592929000000,2
workspaceModel.loading.from.cache.ms,1788580532932000000,1788580592929000000,0
workspaceModel.updates.ms,1788580532932000000,1788580592929000000,0
workspaceModel.workspaceFileIndexData.getFileInfo.ms,1788580532932000000,1788580592929000000,242
workspaceModel.replace.project.model.ms,1788580532932000000,1788580592929000000,0
workspaceModel.updates.count,1788580532932000000,1788580592929000000,0
workspaceModel.on.changed.ms,1788580532932000000,1788580592929000000,0
workspaceModel.workspaceFileIndexData.getPackageName.ms,1788580532932000000,1788580592929000000,11
workspaceModel.workspaceFileIndexData.processFileSets.ms,1788580532932000000,1788580592929000000,0
workspaceModel.pre.handlers.ms,1788580532932000000,1788580592929000000,0
workspaceModel.to.snapshot.ms,1788580532932000000,1788580592929000000,0
workspaceModel.workspaceFileIndexData.getDirectoriesByPackageName.ms,1788580532932000000,1788580592929000000,371
workspaceModel.init.bridges.ms,1788580532932000000,1788580592929000000,0
workspaceModel.workspaceFileIndexData.init.ms,1788580532932000000,1788580592929000000,0
workspaceModel.entityStorageSnapshotImpl.instances.count,1788580532932000000,1788580592929000000,0
workspaceModel.updates.precise.ms,1788580532932000000,1788580592929000000,0
workspaceModel.initializing.ms,1788580532932000000,1788580592929000000,0
workspaceModel.cachedValueWithParameters.from.cache.count,1788580532932000000,1788580592929000000,3
workspaceModel.full.replace.project.model.ms,1788580532932000000,1788580592929000000,0
workspaceModel.workspaceFileIndexData.updateDirtyEntities.ms,1788580532932000000,1788580592929000000,25
workspaceModel.on.before.changed.ms,1788580532932000000,1788580592929000000,0
workspaceModel.workspaceFileIndexData.onEntitiesChanged.ms,1788580532932000000,1788580592929000000,0
workspaceModel.non.incremental.contributors.exclude.roots.computation.time.ms,1788580532932000000,1788580592929000000,1
workspaceModel.workspaceFileIndexContributor.registerFileSets.ms,1788580532932000000,1788580592929000000,50
workspaceModel.workspaceFileIndexData.instances.count,1788580532932000000,1788580592929000000,0
compiler.ArtifactVirtualFileListener.propertyChanged.ms,1788580532932000000,1788580592929000000,0
compiler.ArtifactVirtualFileListener.filePathChanged.ms,1788580532932000000,1788580592929000000,0
compiler.ArtifactManagerBridge.findArtifact.ms,1788580532932000000,1788580592929000000,0
compiler.ArtifactManagerBridge.getArtifacts.ms,1788580532932000000,1788580592929000000,0
compiler.ArtifactManagerBridge.dropMappings.ms,1788580532932000000,1788580592929000000,0
compiler.ArtifactManagerBridge.commit.ms,1788580532932000000,1788580592929000000,0
compiler.ArtifactManagerBridge.getArtifactsByType.ms,1788580532932000000,1788580592929000000,0
compiler.ArtifactManagerBridge.addArtifact.ms,1788580532932000000,1788580592929000000,0
compiler.ArtifactManagerBridge.initBridges.ms,1788580532932000000,1788580592929000000,0
JVM.GC.collectionTimesMs,1788580532932000000,1788580592929000000,979
MEM.ramMinusFileMappingsBytes,1788580532932000000,1788580592929000000,556072960
JVM.usedNativeBytes,1788580532932000000,1788580592929000000,604922168
JVM.totalCpuTimeMs,1788580532932000000,1788580592929000000,61467
JVM.maxThreadCount,1788580532932000000,1788580592929000000,164
JVM.threadCount,1788580532932000000,1788580592929000000,153
JVM.GC.collections,1788580532932000000,1788580592929000000,24
JVM.totalTimeToSafepointsMs,1788580532932000000,1788580592929000000,6
MEM.ramBytes,1788580532932000000,1788580592929000000,624689152
JVM.committedHeapBytes,1788580532932000000,1788580592929000000,898629632
JVM.usedHeapBytes,1788580532932000000,1788580592929000000,650335784
JVM.totalDirectByteBuffersBytes,1788580532932000000,1788580592929000000,4255752
MEM.ramPlusSwapMinusFileMappingsBytes,1788580532932000000,1788580592929000000,1926510144
JVM.totalSafepointCount,1788580532932000000,1788580592929000000,24
JVM.totalBytesAllocated,1788580532932000000,1788580592929000000,5289212832
OS.loadAverage,1788580532932000000,1788580592929000000,10.84228515625
MEM.fileMappingsRamBytes,1788580532932000000,1788580592929000000,68616192
JVM.newThreadsCount,1788580532932000000,1788580592929000000,15
JVM.maxHeapBytes,1788580532932000000,1788580592929000000,2147483648
JVM.totalTimeAtSafepointsMs,1788580532932000000,1788580592929000000,980
workspaceModel.mutableEntityStorage.changeLog.addReplaceEventForNewChild.ms,1788580592929000000,1788580652921000000,0
jps.facet.change.listener.init.bridge.ms,1788580592929000000,1788580652921000000,0
jps.global.get.library.ms,1788580592929000000,1788580652921000000,0
workspaceModel.moduleBridge.update.option.ms,1788580592929000000,1788580652921000000,0
workspaceModel.moduleBridgeLoader.loading.modules.ms,1788580592929000000,1788580652921000000,0
workspaceModel.global.apply.state.to.project.builder.ms,1788580592929000000,1788580652921000000,0
jps.library.entities.serializer.load.entities.ms,1788580592929000000,1788580652921000000,0
workspaceModel.moduleBridge.facet.initialization.ms,1788580592929000000,1788580652921000000,0
jps.global.handle.changed.events.ms,1788580592929000000,1788580652921000000,0
jps.modifiable.module.model.bridge.disposing.ms,1788580592929000000,1788580652921000000,0
workspaceModel.moduleManagerBridge.create.module.instance.ms,1788580592929000000,1788580652921000000,0
jps.reload.project.entities.ms,1788580592929000000,1788580652921000000,0
jps.app.storage.content.reader.load.component.ms,1788580592929000000,1788580652921000000,0
jps.modifiable.module.model.bridge.renaming.ms,1788580592929000000,1788580652921000000,0
workspaceModel.sync.entities.ms,1788580592929000000,1788580652921000000,0
jps.artifact.entities.serializer.save.entities.ms,1788580592929000000,1788580652921000000,0
workspaceModel.moduleManagerBridge.new.nonPersistent.module.ms,1788580592929000000,1788580652921000000,0
jps.app.storage.content.writer.save.component.ms,1788580592929000000,1788580652921000000,3
workspaceModel.mutableEntityStorage.add.entity.ms,1788580592929000000,1788580652921000000,0
workspaceModel.moduleBridge.before.changed.ms,1788580592929000000,1788580652921000000,0
jps.global.handle.before.change.events.ms,1788580592929000000,1788580652921000000,0
workspaceModel.mutableEntityStorage.mutable.ext.mapping.ms,1788580592929000000,1788580652921000000,0
jps.save.changed.project.entities.ms,1788580592929000000,1788580652921000000,1
jps.module.iml.entities.serializer.save.entities.ms,1788580592929000000,1788580652921000000,0
workspaceModel.moduleManagerBridge.set.unloadedModules.ms,1788580592929000000,1788580652921000000,0
workspaceModel.mutableEntityStorage.changeLog.addReplaceEventForRemovedChild.ms,1788580592929000000,1788580652921000000,0
workspaceModel.mutableEntityStorage.changeLog.addReplaceEventForRemovedParent.ms,1788580592929000000,1788580652921000000,0
jps.global.get.library.by.name.ms,1788580592929000000,1788580652921000000,0
workspaceModel.global.apply.state.to.project.ms,1788580592929000000,1788580652921000000,0
workspaceModel.moduleManagerBridge.load.module.ms,1788580592929000000,1788580652921000000,0
workspaceModel.mutableEntityStorage.mutable.vfurl.index.ms,1788580592929000000,1788580652921000000,0
workspaceModel.mutableEntityStorage.entities.ms,1788580592929000000,1788580652921000000,0
jps.global.initialize.library.bridges.after.loading.ms,1788580592929000000,1788580652921000000,0
workspaceModel.mutableEntityStorage.apply.changes.from.ms,1788580592929000000,1788580652921000000,0
workspaceModel.load.cache.metadata.from.file.ms,1788580592929000000,1788580652921000000,0
jps.save.global.entities.ms,1788580592929000000,1788580652921000000,6
workspaceModel.global.updates.ms,1788580592929000000,1788580652921000000,0
workspaceModel.mutableEntityStorage.changeLog.addReplaceEventForNewParent.ms,1788580592929000000,1788580652921000000,0
workspaceModel.mutableEntityStorage.has.same.entities.ms,1788580592929000000,1788580652921000000,0
workspaceModel.mutableEntityStorage.put.entity.ms,1788580592929000000,1788580652921000000,0
jps.load.project.to.empty.storage.ms,1788580592929000000,1788580652921000000,0
jps.project.serializers.load.ms,1788580592929000000,1788580652921000000,0
jps.load.initial.state.ms,1788580592929000000,1788580652921000000,0
workspaceModel.mutableEntityStorage.replace.by.source.ms,1788580592929000000,1788580652921000000,0
workspaceModel.save.cache.to.file.ms,1788580592929000000,1788580652921000000,0
workspaceModel.moduleManagerBridge.newModule.ms,1788580592929000000,1788580652921000000,0
jps.apply.loaded.storage.ms,1788580592929000000,1788580652921000000,0
jps.modifiable.module.model.bridge.new.module.ms,1788580592929000000,1788580652921000000,0
workspaceModel.mutableEntityStorage.entities.by.source.ms,1788580592929000000,1788580652921000000,0
workspaceModel.load.cache.from.file.ms,1788580592929000000,1788580652921000000,0
workspaceModel.mutableEntityStorage.hasReferrers.ms,1788580592929000000,1788580652921000000,0
jps.module.dependency.index.workspace.model.listener.on.changed.ms,1788580592929000000,1788580652921000000,0
jps.global.initialize.library.bridges.ms,1788580592929000000,1788580652921000000,0
workspaceModel.mutableEntityStorage.instances.count,1788580592929000000,1788580652921000000,0
jps.library.entities.serializer.save.entities.ms,1788580592929000000,1788580652921000000,0
workspaceModel.do.save.caches.ms,1788580592929000000,1788580652921000000,0
workspaceModel.moduleManagerBridge.build.module.graph.ms,1788580592929000000,1788580652921000000,0
jps.global.get.libraries.ms,1788580592929000000,1788580652921000000,0
workspaceModel.moduleManagerBridge.get.modules.ms,1788580592929000000,1788580652921000000,0
workspaceModel.mutableEntityStorage.referrers.ms,1788580592929000000,1788580652921000000,0
jps.storage.jps.conf.reader.load.component.ms,1788580592929000000,1788580652921000000,0
jps.modifiable.module.model.bridge.load.module.ms,1788580592929000000,1788580652921000000,0
workspaceModel.orphan.listener.update.ms,1788580592929000000,1788580652921000000,0
jps.module.iml.entities.serializer.load.entities.ms,1788580592929000000,1788580652921000000,0
workspaceModel.mutableEntityStorage.to.snapshot.ms,1788580592929000000,1788580652921000000,0
jps.facet.change.listener.process.change.events.ms,1788580592929000000,1788580652921000000,0
workspaceModel.mutableEntityStorage.collect.changes.ms,1788580592929000000,1788580652921000000,0
workspaceModel.moduleManagerBridge.load.all.modules.ms,1788580592929000000,1788580652921000000,0
workspaceModel.mutableEntityStorage.modify.entity.ms,1788580592929000000,1788580652921000000,0
workspaceModel.mutableEntityStorage.resolve.ms,1788580592929000000,1788580652921000000,0
workspaceModel.global.updates.count,1788580592929000000,1788580652921000000,0
jps.artifact.entities.serializer.load.entities.ms,1788580592929000000,1788580652921000000,0
workspaceModel.mutableEntityStorage.remove.entity.ms,1788580592929000000,1788580652921000000,0
jps.project.serializers.save.ms,1788580592929000000,1788580652921000000,1
jps.facet.change.listener.before.change.events.ms,1788580592929000000,1788580652921000000,0
DiskQueryRelay.taskExecutionTotalTimeUs,1788580592929000000,1788580652921000000,15354
writeAction.max.wait.ms,1788580592929000000,1788580652921000000,70
writeAction.wait.ms,1788580592929000000,1788580652921000000,0
DiskQueryRelay.taskWaitingTotalTimeUs,1788580592929000000,1788580652921000000,22881
writeAction.count,1788580592929000000,1788580652921000000,0
LowMemory.gcLoad,1788580592929000000,1788580652921000000,0.0014124960380534
DiskQueryRelay.tasksExecuted,1788580592929000000,1788580652921000000,27
writeAction.median.wait.ms,1788580592929000000,1788580652921000000,100
DiskQueryRelay.tasksRequested,1788580592929000000,1788580652921000000,27
LowMemory.gcOverloaded,1788580592929000000,1788580652921000000,0
FileNameCache.queries,1788580592929000000,1788580652921000000,0
VFS.cache.directoriesCreated,1788580592929000000,1788580652921000000,0
VFS.cache.filesCreated,1788580592929000000,1788580652921000000,25
VFS.ContentWriter.totalTimeSpentOnAsyncOperationsUs,1788580592929000000,1788580652921000000,0
VFS.fileByIdCache.misses,1788580592929000000,1788580652921000000,1
VFS.contentStorage.recordsStoredCompressed,1788580592929000000,1788580652921000000,0
VFS.folderCaseSensitivityReads,1788580592929000000,1788580652921000000,0
VFS.contentStorage.recordsStored,1788580592929000000,1788580652921000000,0
VFS.contentStorage.recordsRead,1788580592929000000,1788580652921000000,0
VFS.contentStorage.recordsReadSize,1788580592929000000,1788580652921000000,0
VFS.invertedFileNameIndex.requests,1788580592929000000,1788580652921000000,0
VFS.cache.segmentsCreated,1788580592929000000,1788580652921000000,0
VFS.ContentWriter.totalTasksExecutedAsync,1788580592929000000,1788580652921000000,0
VFS.fileByIdCache.hits,1788580592929000000,1788580652921000000,0
VFS.contentStorage.recordsDeduplicated,1788580592929000000,1788580652921000000,0
VFS.cache.segments,1788580592929000000,1788580652921000000,315
VFS.contentStorage.recordsDecompressionTimeUs,1788580592929000000,1788580652921000000,0
VFS.ContentWriter.totalTimeSpentOnSyncOperationsUs,1788580592929000000,1788580652921000000,0
VFS.contentStorage.recordsUncompressedSize,1788580592929000000,1788580652921000000,0
VFS.fileChildByName,1788580592929000000,1788580652921000000,285
VFS.contentStorage.recordsReadDecompressed,1788580592929000000,1788580652921000000,0
VFS.ContentWriter.totalFlushes,1788580592929000000,1788580652921000000,0
VFS.rootsCount,1788580592929000000,1788580652921000000,298.0
VFS.ContentWriter.totalTasksExecutedSync,1788580592929000000,1788580652921000000,0
FileNameCache.totalMisses,1788580592929000000,1788580652921000000,0
VFS.contentStorage.recordsStoredSize,1788580592929000000,1788580652921000000,0
ReadAction.executionsCount,1788580592929000000,1788580652921000000,1863
FlushQueue.queueSize90P,1788580592929000000,1788580652921000000,0
NonBlockingReadAction.failedExecutionsCount,1788580592929000000,1788580652921000000,9
FlushQueue.queueSizeAvg,1788580592929000000,1788580652921000000,0.0
AWTEventQueue.dispatchTime90PNs,1788580592929000000,1788580652921000000,165887
WriteAction.executionsCount,1788580592929000000,1788580652921000000,0
NonBlockingReadAction.failedExecutionTimeUs,1788580592929000000,1788580652921000000,3074
AWTEventQueue.dispatchTimeTotalNS,1788580592929000000,1788580652921000000,2953372519
FlushQueue.executionTimeMaxNs,1788580592929000000,1788580652921000000,0
FlushQueue.waitingTimeAvgNs,1788580592929000000,1788580652921000000,0.0
AWTEventQueue.dispatchTimeMaxNs,1788580592929000000,1788580652921000000,173055
FlushQueue.waitingTimeMaxNs,1788580592929000000,1788580652921000000,0
FlushQueue.waitingTime90PNs,1788580592929000000,1788580652921000000,0
AWTEventQueue.dispatchTimeAvgNs,1788580592929000000,1788580652921000000,74228.0
AWTEventQueue.eventsDispatched,1788580592929000000,1788580652921000000,12
NonBlockingReadAction.finalizedExecutionTimeUs,1788580592929000000,1788580652921000000,230494
NonBlockingReadAction.finalizedExecutionsCount,1788580592929000000,1788580652921000000,213
FlushQueue.executionTimeAvgNs,1788580592929000000,1788580652921000000,0.0
FlushQueue.tasksExecuted,1788580592929000000,1788580652921000000,0
FlushQueue.executionTime90PNs,1788580592929000000,1788580652921000000,0
FlushQueue.queueSizeMax,1788580592929000000,1788580652921000000,0
FilePageCache.pageFastCacheHits,1788580592929000000,1788580652921000000,182
FilePageCache.WAL.entriesFlushedOnClose,1788580592929000000,1788580652921000000,0
FilePageCache.WAL.entriesFlushedOnForce,1788580592929000000,1788580652921000000,0
MappedFileStorage.totalPagesMapped,1788580592929000000,1788580652921000000,17
FilePageCache.totalBytesStored,1788580592929000000,1788580652921000000,960
StreamlinedBlobStorage.totalLiveRecordsCapacityBytes,1788580592929000000,1788580652921000000,0
FilePageCache.WAL.bytesCopiedByApplyUnfinished,1788580592929000000,1788580652921000000,0
FilePageCache.maxCacheSizeInBytes,1788580592929000000,1788580652921000000,629153792
StorageLockContext.competingThreads.max,1788580592929000000,1788580652921000000,0
StreamlinedBlobStorage.recordsRelocated,1788580592929000000,1788580652921000000,0
FilePageCache.WAL.entriesFlushed,1788580592929000000,1788580652921000000,0
FilePageCache.disposedBuffers,1788580592929000000,1788580652921000000,0
MappedFileStorage.storages,1788580592929000000,1788580652921000000,17
FilePageCache.totalPageLoadsUs,1788580592929000000,1788580652921000000,0
FilePageCache.pageLoadsAboveSizeThreshold,1788580592929000000,1788580652921000000,0
FileChannelInterruptsRetryer.totalRetriedAttempts,1788580592929000000,1788580652921000000,0
FilePageCache.WAL.bytesQueued,1788580592929000000,1788580652921000000,0
StreamlinedBlobStorage.recordsDeleted,1788580592929000000,1788580652921000000,0
FilePageCache.totalPageStoresUs,1788580592929000000,1788580652921000000,59194
FilePageCache.pageLoads,1788580592929000000,1788580652921000000,0
FilePageCache.WAL.entriesFlushedOnRead,1788580592929000000,1788580652921000000,0
FilePageCache.WAL.flushesForcedByOverflow,1788580592929000000,1788580652921000000,0
DirectByteBufferAllocator.totalSizeOfBuffersAllocatedInBytes,1788580592929000000,1788580652921000000,4202496
FilePageCache.WAL.entriesFlushedOnTruncate,1788580592929000000,1788580652921000000,0
StorageLockContext.competingThreads.avg,1788580592929000000,1788580652921000000,0.0
DirectByteBufferAllocator.totalSizeOfBuffersCachedInBytes,1788580592929000000,1788580652921000000,41967616
FilePageCache.capacityInBytes,1788580592929000000,1788580652921000000,629145600
FilePageCache.totalPageDisposalsUs,1788580592929000000,1788580652921000000,0
FilePageCache.maxRegisteredFiles,1788580592929000000,1788580652921000000,1796
FilePageCache.pageHits,1788580592929000000,1788580652921000000,0
StorageLockContext.competingThreads.90P,1788580592929000000,1788580652921000000,0
FilePageCache.uncachedFileAccess,1788580592929000000,1788580652921000000,60
StreamlinedBlobStorage.recordsAllocated,1788580592929000000,1788580652921000000,0
DirectByteBufferAllocator.disposed,1788580592929000000,1788580652921000000,0
DirectByteBufferAllocator.reclaimed,1788580592929000000,1788580652921000000,0
StreamlinedBlobStorage.totalLiveRecordsPayloadBytes,1788580592929000000,1788580652921000000,0
MappedFileStorage.totalTimeSpentOnMappingUs,1788580592929000000,1788580652921000000,72260
MappedFileStorage.totalBytesMapped,1788580592929000000,1788580652921000000,266600448
DirectByteBufferAllocator.hits,1788580592929000000,1788580652921000000,0
DirectByteBufferAllocator.misses,1788580592929000000,1788580652921000000,0
cacheStateStorage.get.counter,1788580592929000000,1788580652921000000,0
cacheStateStorage.set.duration,1788580592929000000,1788580652921000000,0
cacheStateStorage.set.counter,1788580592929000000,1788580652921000000,0
cacheStateStorage.get.duration,1788580592929000000,1788580652921000000,0
Indexing.writer_3.totalTimeSpentWritingMs,1788580592929000000,1788580652921000000,0
Indexing.totalTimeIndexersSleptMs,1788580592929000000,1788580652921000000,0
Indexes.allKeys.lookups,1788580592929000000,1788580652921000000,0
Indexing.writesQueuedMax,1788580592929000000,1788580652921000000,0
Indexes.entries.lookupDurationAvgMs,1788580592929000000,1788580652921000000,0.0
Indexing.writer_1.totalTimeSpentWritingMs,1788580592929000000,1788580652921000000,0
Indexes.allKeys.lookupDuration90PMs,1788580592929000000,1788580652921000000,0.0
Indexes.stubs.lookupDurationMaxMs,1788580592929000000,1788580652921000000,0.0
Indexes.entries.lookupDuration90PMs,1788580592929000000,1788580652921000000,0.0
Indexes.entries.lookupDurationMaxMs,1788580592929000000,1788580652921000000,0.0
Indexing.writer_2.totalTimeSpentWritingMs,1788580592929000000,1788580652921000000,0
Indexes.stubs.lookupDuration90PMs,1788580592929000000,1788580652921000000,0.0
Indexing.writesQueuedMin,1788580592929000000,1788580652921000000,9223372036854775807
Indexing.writer_0.totalTimeSpentWritingMs,1788580592929000000,1788580652921000000,0
Indexing.cache.totalCacheAccesses,1788580592929000000,1788580652921000000,14
Indexes.entries.lookups,1788580592929000000,1788580652921000000,0
Indexes.stubs.lookupDurationAvgMs,1788580592929000000,1788580652921000000,0.0
Indexes.allKeys.lookupDurationMaxMs,1788580592929000000,1788580652921000000,0.0
Indexes.stubs.lookups,1788580592929000000,1788580652921000000,7
Indexing.cache.totalCacheEvicted,1788580592929000000,1788580652921000000,5
Indexes.allKeys.lookupDurationAvgMs,1788580592929000000,1788580652921000000,0.0
Indexing.cache.totalCacheMisses,1788580592929000000,1788580652921000000,5
workspaceModel.check.recursive.update.ms,1788580592929000000,1788580652921000000,0
workspaceModel.cachedValueWithParameters.calculated.count,1788580592929000000,1788580652921000000,0
workspaceModel.loading.total.ms,1788580592929000000,1788580652921000000,0
workspaceModel.workspaceFileIndexData.visitFileSets.ms,1788580592929000000,1788580652921000000,0
workspaceModel.cachedValue.from.cache.count,1788580592929000000,1788580652921000000,2
workspaceModel.non.incremental.contributors.total.update.time.ms,1788580592929000000,1788580652921000000,0
workspaceModel.workspaceFileIndexData.markDirty.ms,1788580592929000000,1788580652921000000,0
workspaceModel.cachedValueWithParameters.clear.count,1788580592929000000,1788580652921000000,0
workspaceModel.cachedValue.total.get.count,1788580592929000000,1788580652921000000,2
workspaceModel.non.incremental.contributors.file.sets.computation.time.ms,1788580592929000000,1788580652921000000,0
workspaceModel.collect.changes.ms,1788580592929000000,1788580652921000000,0
workspaceModel.cachedValueWithParameters.total.get.count,1788580592929000000,1788580652921000000,0
workspaceModel.update.unloaded.entities.ms,1788580592929000000,1788580652921000000,0
workspaceModel.cachedValue.clear.count,1788580592929000000,1788580652921000000,0
workspaceModel.cachedValue.calculated.count,1788580592929000000,1788580652921000000,0
workspaceModel.loading.from.cache.ms,1788580592929000000,1788580652921000000,0
workspaceModel.updates.ms,1788580592929000000,1788580652921000000,0
workspaceModel.workspaceFileIndexData.getFileInfo.ms,1788580592929000000,1788580652921000000,2
workspaceModel.replace.project.model.ms,1788580592929000000,1788580652921000000,0
workspaceModel.updates.count,1788580592929000000,1788580652921000000,0
workspaceModel.on.changed.ms,1788580592929000000,1788580652921000000,0
workspaceModel.workspaceFileIndexData.getPackageName.ms,1788580592929000000,1788580652921000000,0
workspaceModel.workspaceFileIndexData.processFileSets.ms,1788580592929000000,1788580652921000000,0
workspaceModel.pre.handlers.ms,1788580592929000000,1788580652921000000,0
workspaceModel.to.snapshot.ms,1788580592929000000,1788580652921000000,0
workspaceModel.workspaceFileIndexData.getDirectoriesByPackageName.ms,1788580592929000000,1788580652921000000,0
workspaceModel.init.bridges.ms,1788580592929000000,1788580652921000000,0
workspaceModel.workspaceFileIndexData.init.ms,1788580592929000000,1788580652921000000,0
workspaceModel.entityStorageSnapshotImpl.instances.count,1788580592929000000,1788580652921000000,0
workspaceModel.updates.precise.ms,1788580592929000000,1788580652921000000,0
workspaceModel.initializing.ms,1788580592929000000,1788580652921000000,0
workspaceModel.cachedValueWithParameters.from.cache.count,1788580592929000000,1788580652921000000,0
workspaceModel.full.replace.project.model.ms,1788580592929000000,1788580652921000000,0
workspaceModel.workspaceFileIndexData.updateDirtyEntities.ms,1788580592929000000,1788580652921000000,0
workspaceModel.on.before.changed.ms,1788580592929000000,1788580652921000000,0
workspaceModel.workspaceFileIndexData.onEntitiesChanged.ms,1788580592929000000,1788580652921000000,0
workspaceModel.non.incremental.contributors.exclude.roots.computation.time.ms,1788580592929000000,1788580652921000000,0
workspaceModel.workspaceFileIndexContributor.registerFileSets.ms,1788580592929000000,1788580652921000000,0
workspaceModel.workspaceFileIndexData.instances.count,1788580592929000000,1788580652921000000,0
compiler.ArtifactVirtualFileListener.propertyChanged.ms,1788580592929000000,1788580652921000000,0
compiler.ArtifactVirtualFileListener.filePathChanged.ms,1788580592929000000,1788580652921000000,0
compiler.ArtifactManagerBridge.findArtifact.ms,1788580592929000000,1788580652921000000,0
compiler.ArtifactManagerBridge.getArtifacts.ms,1788580592929000000,1788580652921000000,0
compiler.ArtifactManagerBridge.dropMappings.ms,1788580592929000000,1788580652921000000,0
compiler.ArtifactManagerBridge.commit.ms,1788580592929000000,1788580652921000000,0
compiler.ArtifactManagerBridge.getArtifactsByType.ms,1788580592929000000,1788580652921000000,0
compiler.ArtifactManagerBridge.addArtifact.ms,1788580592929000000,1788580652921000000,0
compiler.ArtifactManagerBridge.initBridges.ms,1788580592929000000,1788580652921000000,0
JVM.GC.collectionTimesMs,1788580592929000000,1788580652921000000,46
MEM.ramMinusFileMappingsBytes,1788580592929000000,1788580652921000000,607813632
JVM.usedNativeBytes,1788580592929000000,1788580652921000000,620086584
JVM.totalCpuTimeMs,1788580592929000000,1788580652921000000,14346
JVM.maxThreadCount,1788580592929000000,1788580652921000000,172
JVM.threadCount,1788580592929000000,1788580652921000000,109
JVM.GC.collections,1788580592929000000,1788580652921000000,1
JVM.totalTimeToSafepointsMs,1788580592929000000,1788580652921000000,1
MEM.ramBytes,1788580592929000000,1788580652921000000,660946944
JVM.committedHeapBytes,1788580592929000000,1788580652921000000,898629632
JVM.usedHeapBytes,1788580592929000000,1788580652921000000,614962960
JVM.totalDirectByteBuffersBytes,1788580592929000000,1788580652921000000,4626440
MEM.ramPlusSwapMinusFileMappingsBytes,1788580592929000000,1788580652921000000,1969534656
JVM.totalSafepointCount,1788580592929000000,1788580652921000000,1
JVM.totalBytesAllocated,1788580592929000000,1788580652921000000,220368080
OS.loadAverage,1788580592929000000,1788580652921000000,5.31640625
MEM.fileMappingsRamBytes,1788580592929000000,1788580652921000000,53051392
JVM.newThreadsCount,1788580592929000000,1788580652921000000,21
JVM.maxHeapBytes,1788580592929000000,1788580652921000000,2147483648
JVM.totalTimeAtSafepointsMs,1788580592929000000,1788580652921000000,46
workspaceModel.mutableEntityStorage.changeLog.addReplaceEventForNewChild.ms,1788580652921000000,1788580712907000000,0
jps.facet.change.listener.init.bridge.ms,1788580652921000000,1788580712907000000,0
jps.global.get.library.ms,1788580652921000000,1788580712907000000,0
workspaceModel.moduleBridge.update.option.ms,1788580652921000000,1788580712907000000,0
workspaceModel.moduleBridgeLoader.loading.modules.ms,1788580652921000000,1788580712907000000,0
workspaceModel.global.apply.state.to.project.builder.ms,1788580652921000000,1788580712907000000,0
jps.library.entities.serializer.load.entities.ms,1788580652921000000,1788580712907000000,0
workspaceModel.moduleBridge.facet.initialization.ms,1788580652921000000,1788580712907000000,0
jps.global.handle.changed.events.ms,1788580652921000000,1788580712907000000,0
jps.modifiable.module.model.bridge.disposing.ms,1788580652921000000,1788580712907000000,0
workspaceModel.moduleManagerBridge.create.module.instance.ms,1788580652921000000,1788580712907000000,0
jps.reload.project.entities.ms,1788580652921000000,1788580712907000000,0
jps.app.storage.content.reader.load.component.ms,1788580652921000000,1788580712907000000,0
jps.modifiable.module.model.bridge.renaming.ms,1788580652921000000,1788580712907000000,0
workspaceModel.sync.entities.ms,1788580652921000000,1788580712907000000,0
jps.artifact.entities.serializer.save.entities.ms,1788580652921000000,1788580712907000000,0
workspaceModel.moduleManagerBridge.new.nonPersistent.module.ms,1788580652921000000,1788580712907000000,0
jps.app.storage.content.writer.save.component.ms,1788580652921000000,1788580712907000000,2
workspaceModel.mutableEntityStorage.add.entity.ms,1788580652921000000,1788580712907000000,0
workspaceModel.moduleBridge.before.changed.ms,1788580652921000000,1788580712907000000,0
jps.global.handle.before.change.events.ms,1788580652921000000,1788580712907000000,0
workspaceModel.mutableEntityStorage.mutable.ext.mapping.ms,1788580652921000000,1788580712907000000,0
jps.save.changed.project.entities.ms,1788580652921000000,1788580712907000000,3
jps.module.iml.entities.serializer.save.entities.ms,1788580652921000000,1788580712907000000,0
workspaceModel.moduleManagerBridge.set.unloadedModules.ms,1788580652921000000,1788580712907000000,0
workspaceModel.mutableEntityStorage.changeLog.addReplaceEventForRemovedChild.ms,1788580652921000000,1788580712907000000,0
workspaceModel.mutableEntityStorage.changeLog.addReplaceEventForRemovedParent.ms,1788580652921000000,1788580712907000000,0
jps.global.get.library.by.name.ms,1788580652921000000,1788580712907000000,0
workspaceModel.global.apply.state.to.project.ms,1788580652921000000,1788580712907000000,0
workspaceModel.moduleManagerBridge.load.module.ms,1788580652921000000,1788580712907000000,0
workspaceModel.mutableEntityStorage.mutable.vfurl.index.ms,1788580652921000000,1788580712907000000,0
workspaceModel.mutableEntityStorage.entities.ms,1788580652921000000,1788580712907000000,0
jps.global.initialize.library.bridges.after.loading.ms,1788580652921000000,1788580712907000000,0
workspaceModel.mutableEntityStorage.apply.changes.from.ms,1788580652921000000,1788580712907000000,0
workspaceModel.load.cache.metadata.from.file.ms,1788580652921000000,1788580712907000000,0
jps.save.global.entities.ms,1788580652921000000,1788580712907000000,11
workspaceModel.global.updates.ms,1788580652921000000,1788580712907000000,0
workspaceModel.mutableEntityStorage.changeLog.addReplaceEventForNewParent.ms,1788580652921000000,1788580712907000000,0
workspaceModel.mutableEntityStorage.has.same.entities.ms,1788580652921000000,1788580712907000000,0
workspaceModel.mutableEntityStorage.put.entity.ms,1788580652921000000,1788580712907000000,0
jps.load.project.to.empty.storage.ms,1788580652921000000,1788580712907000000,0
jps.project.serializers.load.ms,1788580652921000000,1788580712907000000,0
jps.load.initial.state.ms,1788580652921000000,1788580712907000000,0
workspaceModel.mutableEntityStorage.replace.by.source.ms,1788580652921000000,1788580712907000000,0
workspaceModel.save.cache.to.file.ms,1788580652921000000,1788580712907000000,0
workspaceModel.moduleManagerBridge.newModule.ms,1788580652921000000,1788580712907000000,0
jps.apply.loaded.storage.ms,1788580652921000000,1788580712907000000,0
jps.modifiable.module.model.bridge.new.module.ms,1788580652921000000,1788580712907000000,0
workspaceModel.mutableEntityStorage.entities.by.source.ms,1788580652921000000,1788580712907000000,0
workspaceModel.load.cache.from.file.ms,1788580652921000000,1788580712907000000,0
workspaceModel.mutableEntityStorage.hasReferrers.ms,1788580652921000000,1788580712907000000,0
jps.module.dependency.index.workspace.model.listener.on.changed.ms,1788580652921000000,1788580712907000000,0
jps.global.initialize.library.bridges.ms,1788580652921000000,1788580712907000000,0
workspaceModel.mutableEntityStorage.instances.count,1788580652921000000,1788580712907000000,0
jps.library.entities.serializer.save.entities.ms,1788580652921000000,1788580712907000000,0
workspaceModel.do.save.caches.ms,1788580652921000000,1788580712907000000,0
workspaceModel.moduleManagerBridge.build.module.graph.ms,1788580652921000000,1788580712907000000,0
jps.global.get.libraries.ms,1788580652921000000,1788580712907000000,0
workspaceModel.moduleManagerBridge.get.modules.ms,1788580652921000000,1788580712907000000,0
workspaceModel.mutableEntityStorage.referrers.ms,1788580652921000000,1788580712907000000,0
jps.storage.jps.conf.reader.load.component.ms,1788580652921000000,1788580712907000000,0
jps.modifiable.module.model.bridge.load.module.ms,1788580652921000000,1788580712907000000,0
workspaceModel.orphan.listener.update.ms,1788580652921000000,1788580712907000000,0
jps.module.iml.entities.serializer.load.entities.ms,1788580652921000000,1788580712907000000,0
workspaceModel.mutableEntityStorage.to.snapshot.ms,1788580652921000000,1788580712907000000,0
jps.facet.change.listener.process.change.events.ms,1788580652921000000,1788580712907000000,0
workspaceModel.mutableEntityStorage.collect.changes.ms,1788580652921000000,1788580712907000000,0
workspaceModel.moduleManagerBridge.load.all.modules.ms,1788580652921000000,1788580712907000000,0
workspaceModel.mutableEntityStorage.modify.entity.ms,1788580652921000000,1788580712907000000,0
workspaceModel.mutableEntityStorage.resolve.ms,1788580652921000000,1788580712907000000,0
workspaceModel.global.updates.count,1788580652921000000,1788580712907000000,0
jps.artifact.entities.serializer.load.entities.ms,1788580652921000000,1788580712907000000,0
workspaceModel.mutableEntityStorage.remove.entity.ms,1788580652921000000,1788580712907000000,0
jps.project.serializers.save.ms,1788580652921000000,1788580712907000000,2
jps.facet.change.listener.before.change.events.ms,1788580652921000000,1788580712907000000,0
DiskQueryRelay.taskExecutionTotalTimeUs,1788580652921000000,1788580712907000000,48109
writeAction.max.wait.ms,1788580652921000000,1788580712907000000,70
writeAction.wait.ms,1788580652921000000,1788580712907000000,0
DiskQueryRelay.taskWaitingTotalTimeUs,1788580652921000000,1788580712907000000,51332
writeAction.count,1788580652921000000,1788580712907000000,0
LowMemory.gcLoad,1788580652921000000,1788580712907000000,0.0046533525896438254
DiskQueryRelay.tasksExecuted,1788580652921000000,1788580712907000000,36
writeAction.median.wait.ms,1788580652921000000,1788580712907000000,100
DiskQueryRelay.tasksRequested,1788580652921000000,1788580712907000000,36
LowMemory.gcOverloaded,1788580652921000000,1788580712907000000,0
FileNameCache.queries,1788580652921000000,1788580712907000000,0
VFS.cache.directoriesCreated,1788580652921000000,1788580712907000000,0
VFS.cache.filesCreated,1788580652921000000,1788580712907000000,103
VFS.ContentWriter.totalTimeSpentOnAsyncOperationsUs,1788580652921000000,1788580712907000000,0
VFS.fileByIdCache.misses,1788580652921000000,1788580712907000000,2
VFS.contentStorage.recordsStoredCompressed,1788580652921000000,1788580712907000000,0
VFS.folderCaseSensitivityReads,1788580652921000000,1788580712907000000,0
VFS.contentStorage.recordsStored,1788580652921000000,1788580712907000000,0
VFS.contentStorage.recordsRead,1788580652921000000,1788580712907000000,0
VFS.contentStorage.recordsReadSize,1788580652921000000,1788580712907000000,0
VFS.invertedFileNameIndex.requests,1788580652921000000,1788580712907000000,0
VFS.cache.segmentsCreated,1788580652921000000,1788580712907000000,0
VFS.ContentWriter.totalTasksExecutedAsync,1788580652921000000,1788580712907000000,0
VFS.fileByIdCache.hits,1788580652921000000,1788580712907000000,0
VFS.contentStorage.recordsDeduplicated,1788580652921000000,1788580712907000000,0
VFS.cache.segments,1788580652921000000,1788580712907000000,315
VFS.contentStorage.recordsDecompressionTimeUs,1788580652921000000,1788580712907000000,0
VFS.ContentWriter.totalTimeSpentOnSyncOperationsUs,1788580652921000000,1788580712907000000,0
VFS.contentStorage.recordsUncompressedSize,1788580652921000000,1788580712907000000,0
VFS.fileChildByName,1788580652921000000,1788580712907000000,170
VFS.contentStorage.recordsReadDecompressed,1788580652921000000,1788580712907000000,0
VFS.ContentWriter.totalFlushes,1788580652921000000,1788580712907000000,0
VFS.rootsCount,1788580652921000000,1788580712907000000,298.0
VFS.ContentWriter.totalTasksExecutedSync,1788580652921000000,1788580712907000000,0
FileNameCache.totalMisses,1788580652921000000,1788580712907000000,0
VFS.contentStorage.recordsStoredSize,1788580652921000000,1788580712907000000,0
ReadAction.executionsCount,1788580652921000000,1788580712907000000,977
FlushQueue.queueSize90P,1788580652921000000,1788580712907000000,0
NonBlockingReadAction.failedExecutionsCount,1788580652921000000,1788580712907000000,4
FlushQueue.queueSizeAvg,1788580652921000000,1788580712907000000,0.0
AWTEventQueue.dispatchTime90PNs,1788580652921000000,1788580712907000000,156671
WriteAction.executionsCount,1788580652921000000,1788580712907000000,0
NonBlockingReadAction.failedExecutionTimeUs,1788580652921000000,1788580712907000000,8465
AWTEventQueue.dispatchTimeTotalNS,1788580652921000000,1788580712907000000,2000246747
FlushQueue.executionTimeMaxNs,1788580652921000000,1788580712907000000,0
FlushQueue.waitingTimeAvgNs,1788580652921000000,1788580712907000000,0.0
AWTEventQueue.dispatchTimeMaxNs,1788580652921000000,1788580712907000000,156671
FlushQueue.waitingTimeMaxNs,1788580652921000000,1788580712907000000,0
FlushQueue.waitingTime90PNs,1788580652921000000,1788580712907000000,0
AWTEventQueue.dispatchTimeAvgNs,1788580652921000000,1788580712907000000,57892.0
AWTEventQueue.eventsDispatched,1788580652921000000,1788580712907000000,8
NonBlockingReadAction.finalizedExecutionTimeUs,1788580652921000000,1788580712907000000,122375
NonBlockingReadAction.finalizedExecutionsCount,1788580652921000000,1788580712907000000,39
FlushQueue.executionTimeAvgNs,1788580652921000000,1788580712907000000,0.0
FlushQueue.tasksExecuted,1788580652921000000,1788580712907000000,0
FlushQueue.executionTime90PNs,1788580652921000000,1788580712907000000,0
FlushQueue.queueSizeMax,1788580652921000000,1788580712907000000,0
FilePageCache.pageFastCacheHits,1788580652921000000,1788580712907000000,183
FilePageCache.WAL.entriesFlushedOnClose,1788580652921000000,1788580712907000000,0
FilePageCache.WAL.entriesFlushedOnForce,1788580652921000000,1788580712907000000,0
MappedFileStorage.totalPagesMapped,1788580652921000000,1788580712907000000,17
FilePageCache.totalBytesStored,1788580652921000000,1788580712907000000,960
StreamlinedBlobStorage.totalLiveRecordsCapacityBytes,1788580652921000000,1788580712907000000,0
FilePageCache.WAL.bytesCopiedByApplyUnfinished,1788580652921000000,1788580712907000000,0
FilePageCache.maxCacheSizeInBytes,1788580652921000000,1788580712907000000,629153792
StorageLockContext.competingThreads.max,1788580652921000000,1788580712907000000,0
StreamlinedBlobStorage.recordsRelocated,1788580652921000000,1788580712907000000,0
FilePageCache.WAL.entriesFlushed,1788580652921000000,1788580712907000000,0
FilePageCache.disposedBuffers,1788580652921000000,1788580712907000000,5
MappedFileStorage.storages,1788580652921000000,1788580712907000000,17
FilePageCache.totalPageLoadsUs,1788580652921000000,1788580712907000000,3511
FilePageCache.pageLoadsAboveSizeThreshold,1788580652921000000,1788580712907000000,0
FileChannelInterruptsRetryer.totalRetriedAttempts,1788580652921000000,1788580712907000000,0
FilePageCache.WAL.bytesQueued,1788580652921000000,1788580712907000000,0
StreamlinedBlobStorage.recordsDeleted,1788580652921000000,1788580712907000000,0
FilePageCache.totalPageStoresUs,1788580652921000000,1788580712907000000,104530
FilePageCache.pageLoads,1788580652921000000,1788580712907000000,4
FilePageCache.WAL.entriesFlushedOnRead,1788580652921000000,1788580712907000000,0
FilePageCache.WAL.flushesForcedByOverflow,1788580652921000000,1788580712907000000,0
DirectByteBufferAllocator.totalSizeOfBuffersAllocatedInBytes,1788580652921000000,1788580712907000000,3153920
FilePageCache.WAL.entriesFlushedOnTruncate,1788580652921000000,1788580712907000000,0
StorageLockContext.competingThreads.avg,1788580652921000000,1788580712907000000,0.0
DirectByteBufferAllocator.totalSizeOfBuffersCachedInBytes,1788580652921000000,1788580712907000000,46170112
FilePageCache.capacityInBytes,1788580652921000000,1788580712907000000,629145600
FilePageCache.totalPageDisposalsUs,1788580652921000000,1788580712907000000,5
FilePageCache.maxRegisteredFiles,1788580652921000000,1788580712907000000,1796
FilePageCache.pageHits,1788580652921000000,1788580712907000000,0
StorageLockContext.competingThreads.90P,1788580652921000000,1788580712907000000,0
FilePageCache.uncachedFileAccess,1788580652921000000,1788580712907000000,64
StreamlinedBlobStorage.recordsAllocated,1788580652921000000,1788580712907000000,0
DirectByteBufferAllocator.disposed,1788580652921000000,1788580712907000000,5
DirectByteBufferAllocator.reclaimed,1788580652921000000,1788580712907000000,5
StreamlinedBlobStorage.totalLiveRecordsPayloadBytes,1788580652921000000,1788580712907000000,0
MappedFileStorage.totalTimeSpentOnMappingUs,1788580652921000000,1788580712907000000,72260
MappedFileStorage.totalBytesMapped,1788580652921000000,1788580712907000000,266600448
DirectByteBufferAllocator.hits,1788580652921000000,1788580712907000000,0
DirectByteBufferAllocator.misses,1788580652921000000,1788580712907000000,4
cacheStateStorage.get.counter,1788580652921000000,1788580712907000000,0
cacheStateStorage.set.duration,1788580652921000000,1788580712907000000,0
cacheStateStorage.set.counter,1788580652921000000,1788580712907000000,0
cacheStateStorage.get.duration,1788580652921000000,1788580712907000000,0
Indexing.writer_3.totalTimeSpentWritingMs,1788580652921000000,1788580712907000000,0
Indexing.totalTimeIndexersSleptMs,1788580652921000000,1788580712907000000,0
Indexes.allKeys.lookups,1788580652921000000,1788580712907000000,0
Indexing.writesQueuedMax,1788580652921000000,1788580712907000000,0
Indexes.entries.lookupDurationAvgMs,1788580652921000000,1788580712907000000,0.0
Indexing.writer_1.totalTimeSpentWritingMs,1788580652921000000,1788580712907000000,0
Indexes.allKeys.lookupDuration90PMs,1788580652921000000,1788580712907000000,0.0
Indexes.stubs.lookupDurationMaxMs,1788580652921000000,1788580712907000000,0.0
Indexes.entries.lookupDuration90PMs,1788580652921000000,1788580712907000000,0.0
Indexes.entries.lookupDurationMaxMs,1788580652921000000,1788580712907000000,0.0
Indexing.writer_2.totalTimeSpentWritingMs,1788580652921000000,1788580712907000000,0
Indexes.stubs.lookupDuration90PMs,1788580652921000000,1788580712907000000,0.0
Indexing.writesQueuedMin,1788580652921000000,1788580712907000000,9223372036854775807
Indexing.writer_0.totalTimeSpentWritingMs,1788580652921000000,1788580712907000000,0
Indexing.cache.totalCacheAccesses,1788580652921000000,1788580712907000000,28
Indexes.entries.lookups,1788580652921000000,1788580712907000000,0
Indexes.stubs.lookupDurationAvgMs,1788580652921000000,1788580712907000000,0.0
Indexes.allKeys.lookupDurationMaxMs,1788580652921000000,1788580712907000000,0.0
Indexes.stubs.lookups,1788580652921000000,1788580712907000000,14
Indexing.cache.totalCacheEvicted,1788580652921000000,1788580712907000000,5
Indexes.allKeys.lookupDurationAvgMs,1788580652921000000,1788580712907000000,0.0
Indexing.cache.totalCacheMisses,1788580652921000000,1788580712907000000,10
workspaceModel.check.recursive.update.ms,1788580652921000000,1788580712907000000,0
workspaceModel.cachedValueWithParameters.calculated.count,1788580652921000000,1788580712907000000,0
workspaceModel.loading.total.ms,1788580652921000000,1788580712907000000,0
workspaceModel.workspaceFileIndexData.visitFileSets.ms,1788580652921000000,1788580712907000000,0
workspaceModel.cachedValue.from.cache.count,1788580652921000000,1788580712907000000,2
workspaceModel.non.incremental.contributors.total.update.time.ms,1788580652921000000,1788580712907000000,0
workspaceModel.workspaceFileIndexData.markDirty.ms,1788580652921000000,1788580712907000000,0
workspaceModel.cachedValueWithParameters.clear.count,1788580652921000000,1788580712907000000,0
workspaceModel.cachedValue.total.get.count,1788580652921000000,1788580712907000000,2
workspaceModel.non.incremental.contributors.file.sets.computation.time.ms,1788580652921000000,1788580712907000000,0
workspaceModel.collect.changes.ms,1788580652921000000,1788580712907000000,0
workspaceModel.cachedValueWithParameters.total.get.count,1788580652921000000,1788580712907000000,0
workspaceModel.update.unloaded.entities.ms,1788580652921000000,1788580712907000000,0
workspaceModel.cachedValue.clear.count,1788580652921000000,1788580712907000000,0
workspaceModel.cachedValue.calculated.count,1788580652921000000,1788580712907000000,0
workspaceModel.loading.from.cache.ms,1788580652921000000,1788580712907000000,0
workspaceModel.updates.ms,1788580652921000000,1788580712907000000,0
workspaceModel.workspaceFileIndexData.getFileInfo.ms,1788580652921000000,1788580712907000000,0
workspaceModel.replace.project.model.ms,1788580652921000000,1788580712907000000,0
workspaceModel.updates.count,1788580652921000000,1788580712907000000,0
workspaceModel.on.changed.ms,1788580652921000000,1788580712907000000,0
workspaceModel.workspaceFileIndexData.getPackageName.ms,1788580652921000000,1788580712907000000,0
workspaceModel.workspaceFileIndexData.processFileSets.ms,1788580652921000000,1788580712907000000,0
workspaceModel.pre.handlers.ms,1788580652921000000,1788580712907000000,0
workspaceModel.to.snapshot.ms,1788580652921000000,1788580712907000000,0
workspaceModel.workspaceFileIndexData.getDirectoriesByPackageName.ms,1788580652921000000,1788580712907000000,0
workspaceModel.init.bridges.ms,1788580652921000000,1788580712907000000,0
workspaceModel.workspaceFileIndexData.init.ms,1788580652921000000,1788580712907000000,0
workspaceModel.entityStorageSnapshotImpl.instances.count,1788580652921000000,1788580712907000000,0
workspaceModel.updates.precise.ms,1788580652921000000,1788580712907000000,0
workspaceModel.initializing.ms,1788580652921000000,1788580712907000000,0
workspaceModel.cachedValueWithParameters.from.cache.count,1788580652921000000,1788580712907000000,0
workspaceModel.full.replace.project.model.ms,1788580652921000000,1788580712907000000,0
workspaceModel.workspaceFileIndexData.updateDirtyEntities.ms,1788580652921000000,1788580712907000000,0
workspaceModel.on.before.changed.ms,1788580652921000000,1788580712907000000,0
workspaceModel.workspaceFileIndexData.onEntitiesChanged.ms,1788580652921000000,1788580712907000000,0
workspaceModel.non.incremental.contributors.exclude.roots.computation.time.ms,1788580652921000000,1788580712907000000,0
workspaceModel.workspaceFileIndexContributor.registerFileSets.ms,1788580652921000000,1788580712907000000,0
workspaceModel.workspaceFileIndexData.instances.count,1788580652921000000,1788580712907000000,0
compiler.ArtifactVirtualFileListener.propertyChanged.ms,1788580652921000000,1788580712907000000,0
compiler.ArtifactVirtualFileListener.filePathChanged.ms,1788580652921000000,1788580712907000000,0
compiler.ArtifactManagerBridge.findArtifact.ms,1788580652921000000,1788580712907000000,0
compiler.ArtifactManagerBridge.getArtifacts.ms,1788580652921000000,1788580712907000000,0
compiler.ArtifactManagerBridge.dropMappings.ms,1788580652921000000,1788580712907000000,0
compiler.ArtifactManagerBridge.commit.ms,1788580652921000000,1788580712907000000,0
compiler.ArtifactManagerBridge.getArtifactsByType.ms,1788580652921000000,1788580712907000000,0
compiler.ArtifactManagerBridge.addArtifact.ms,1788580652921000000,1788580712907000000,0
compiler.ArtifactManagerBridge.initBridges.ms,1788580652921000000,1788580712907000000,0
JVM.GC.collectionTimesMs,1788580652921000000,1788580712907000000,558
MEM.ramMinusFileMappingsBytes,1788580652921000000,1788580712907000000,1044611072
JVM.usedNativeBytes,1788580652921000000,1788580712907000000,609358824
JVM.totalCpuTimeMs,1788580652921000000,1788580712907000000,10749
JVM.maxThreadCount,1788580652921000000,1788580712907000000,172
JVM.threadCount,1788580652921000000,1788580712907000000,110
JVM.GC.collections,1788580652921000000,1788580712907000000,4
JVM.totalTimeToSafepointsMs,1788580652921000000,1788580712907000000,1
MEM.ramBytes,1788580652921000000,1788580712907000000,1077968896
JVM.committedHeapBytes,1788580652921000000,1788580712907000000,896532480
JVM.usedHeapBytes,1788580652921000000,1788580712907000000,547057040
JVM.totalDirectByteBuffersBytes,1788580652921000000,1788580712907000000,3414024
MEM.ramPlusSwapMinusFileMappingsBytes,1788580652921000000,1788580712907000000,1934259776
JVM.totalSafepointCount,1788580652921000000,1788580712907000000,4
JVM.totalBytesAllocated,1788580652921000000,1788580712907000000,105606688
OS.loadAverage,1788580652921000000,1788580712907000000,3.60400390625
MEM.fileMappingsRamBytes,1788580652921000000,1788580712907000000,33243136
JVM.newThreadsCount,1788580652921000000,1788580712907000000,1
JVM.maxHeapBytes,1788580652921000000,1788580712907000000,2147483648
JVM.totalTimeAtSafepointsMs,1788580652921000000,1788580712907000000,559
workspaceModel.mutableEntityStorage.changeLog.addReplaceEventForNewChild.ms,1788580712907000000,1788580772949000000,0
jps.facet.change.listener.init.bridge.ms,1788580712907000000,1788580772949000000,0
jps.global.get.library.ms,1788580712907000000,1788580772949000000,0
workspaceModel.moduleBridge.update.option.ms,1788580712907000000,1788580772949000000,0
workspaceModel.moduleBridgeLoader.loading.modules.ms,1788580712907000000,1788580772949000000,0
workspaceModel.global.apply.state.to.project.builder.ms,1788580712907000000,1788580772949000000,0
jps.library.entities.serializer.load.entities.ms,1788580712907000000,1788580772949000000,0
workspaceModel.moduleBridge.facet.initialization.ms,1788580712907000000,1788580772949000000,0
jps.global.handle.changed.events.ms,1788580712907000000,1788580772949000000,0
jps.modifiable.module.model.bridge.disposing.ms,1788580712907000000,1788580772949000000,0
workspaceModel.moduleManagerBridge.create.module.instance.ms,1788580712907000000,1788580772949000000,0
jps.reload.project.entities.ms,1788580712907000000,1788580772949000000,0
jps.app.storage.content.reader.load.component.ms,1788580712907000000,1788580772949000000,0
jps.modifiable.module.model.bridge.renaming.ms,1788580712907000000,1788580772949000000,0
workspaceModel.sync.entities.ms,1788580712907000000,1788580772949000000,0
jps.artifact.entities.serializer.save.entities.ms,1788580712907000000,1788580772949000000,0
workspaceModel.moduleManagerBridge.new.nonPersistent.module.ms,1788580712907000000,1788580772949000000,0
jps.app.storage.content.writer.save.component.ms,1788580712907000000,1788580772949000000,16
workspaceModel.mutableEntityStorage.add.entity.ms,1788580712907000000,1788580772949000000,0
workspaceModel.moduleBridge.before.changed.ms,1788580712907000000,1788580772949000000,0
jps.global.handle.before.change.events.ms,1788580712907000000,1788580772949000000,0
workspaceModel.mutableEntityStorage.mutable.ext.mapping.ms,1788580712907000000,1788580772949000000,0
jps.save.changed.project.entities.ms,1788580712907000000,1788580772949000000,13
jps.module.iml.entities.serializer.save.entities.ms,1788580712907000000,1788580772949000000,0
workspaceModel.moduleManagerBridge.set.unloadedModules.ms,1788580712907000000,1788580772949000000,0
workspaceModel.mutableEntityStorage.changeLog.addReplaceEventForRemovedChild.ms,1788580712907000000,1788580772949000000,0
workspaceModel.mutableEntityStorage.changeLog.addReplaceEventForRemovedParent.ms,1788580712907000000,1788580772949000000,0
jps.global.get.library.by.name.ms,1788580712907000000,1788580772949000000,0
workspaceModel.global.apply.state.to.project.ms,1788580712907000000,1788580772949000000,0
workspaceModel.moduleManagerBridge.load.module.ms,1788580712907000000,1788580772949000000,0
workspaceModel.mutableEntityStorage.mutable.vfurl.index.ms,1788580712907000000,1788580772949000000,0
workspaceModel.mutableEntityStorage.entities.ms,1788580712907000000,1788580772949000000,0
jps.global.initialize.library.bridges.after.loading.ms,1788580712907000000,1788580772949000000,0
workspaceModel.mutableEntityStorage.apply.changes.from.ms,1788580712907000000,1788580772949000000,0
workspaceModel.load.cache.metadata.from.file.ms,1788580712907000000,1788580772949000000,0
jps.save.global.entities.ms,1788580712907000000,1788580772949000000,27
workspaceModel.global.updates.ms,1788580712907000000,1788580772949000000,0
workspaceModel.mutableEntityStorage.changeLog.addReplaceEventForNewParent.ms,1788580712907000000,1788580772949000000,0
workspaceModel.mutableEntityStorage.has.same.entities.ms,1788580712907000000,1788580772949000000,0
workspaceModel.mutableEntityStorage.put.entity.ms,1788580712907000000,1788580772949000000,0
jps.load.project.to.empty.storage.ms,1788580712907000000,1788580772949000000,0
jps.project.serializers.load.ms,1788580712907000000,1788580772949000000,0
jps.load.initial.state.ms,1788580712907000000,1788580772949000000,0
workspaceModel.mutableEntityStorage.replace.by.source.ms,1788580712907000000,1788580772949000000,0
workspaceModel.save.cache.to.file.ms,1788580712907000000,1788580772949000000,0
workspaceModel.moduleManagerBridge.newModule.ms,1788580712907000000,1788580772949000000,0
jps.apply.loaded.storage.ms,1788580712907000000,1788580772949000000,0
jps.modifiable.module.model.bridge.new.module.ms,1788580712907000000,1788580772949000000,0
workspaceModel.mutableEntityStorage.entities.by.source.ms,1788580712907000000,1788580772949000000,0
workspaceModel.load.cache.from.file.ms,1788580712907000000,1788580772949000000,0
workspaceModel.mutableEntityStorage.hasReferrers.ms,1788580712907000000,1788580772949000000,0
jps.module.dependency.index.workspace.model.listener.on.changed.ms,1788580712907000000,1788580772949000000,0
jps.global.initialize.library.bridges.ms,1788580712907000000,1788580772949000000,0
workspaceModel.mutableEntityStorage.instances.count,1788580712907000000,1788580772949000000,0
jps.library.entities.serializer.save.entities.ms,1788580712907000000,1788580772949000000,0
workspaceModel.do.save.caches.ms,1788580712907000000,1788580772949000000,0
workspaceModel.moduleManagerBridge.build.module.graph.ms,1788580712907000000,1788580772949000000,0
jps.global.get.libraries.ms,1788580712907000000,1788580772949000000,0
workspaceModel.moduleManagerBridge.get.modules.ms,1788580712907000000,1788580772949000000,0
workspaceModel.mutableEntityStorage.referrers.ms,1788580712907000000,1788580772949000000,0
jps.storage.jps.conf.reader.load.component.ms,1788580712907000000,1788580772949000000,0
jps.modifiable.module.model.bridge.load.module.ms,1788580712907000000,1788580772949000000,0
workspaceModel.orphan.listener.update.ms,1788580712907000000,1788580772949000000,0
jps.module.iml.entities.serializer.load.entities.ms,1788580712907000000,1788580772949000000,0
workspaceModel.mutableEntityStorage.to.snapshot.ms,1788580712907000000,1788580772949000000,0
jps.facet.change.listener.process.change.events.ms,1788580712907000000,1788580772949000000,0
workspaceModel.mutableEntityStorage.collect.changes.ms,1788580712907000000,1788580772949000000,0
workspaceModel.moduleManagerBridge.load.all.modules.ms,1788580712907000000,1788580772949000000,0
workspaceModel.mutableEntityStorage.modify.entity.ms,1788580712907000000,1788580772949000000,0
workspaceModel.mutableEntityStorage.resolve.ms,1788580712907000000,1788580772949000000,0
workspaceModel.global.updates.count,1788580712907000000,1788580772949000000,0
jps.artifact.entities.serializer.load.entities.ms,1788580712907000000,1788580772949000000,0
workspaceModel.mutableEntityStorage.remove.entity.ms,1788580712907000000,1788580772949000000,0
jps.project.serializers.save.ms,1788580712907000000,1788580772949000000,9
jps.facet.change.listener.before.change.events.ms,1788580712907000000,1788580772949000000,0
DiskQueryRelay.taskExecutionTotalTimeUs,1788580712907000000,1788580772949000000,3320
writeAction.max.wait.ms,1788580712907000000,1788580772949000000,70
writeAction.wait.ms,1788580712907000000,1788580772949000000,0
DiskQueryRelay.taskWaitingTotalTimeUs,1788580712907000000,1788580772949000000,8539
writeAction.count,1788580712907000000,1788580772949000000,0
LowMemory.gcLoad,1788580712907000000,1788580772949000000,0.0023887658115461876
DiskQueryRelay.tasksExecuted,1788580712907000000,1788580772949000000,8
writeAction.median.wait.ms,1788580712907000000,1788580772949000000,100
DiskQueryRelay.tasksRequested,1788580712907000000,1788580772949000000,8
LowMemory.gcOverloaded,1788580712907000000,1788580772949000000,0
FileNameCache.queries,1788580712907000000,1788580772949000000,0
VFS.cache.directoriesCreated,1788580712907000000,1788580772949000000,0
VFS.cache.filesCreated,1788580712907000000,1788580772949000000,0
VFS.ContentWriter.totalTimeSpentOnAsyncOperationsUs,1788580712907000000,1788580772949000000,0
VFS.fileByIdCache.misses,1788580712907000000,1788580772949000000,0
VFS.contentStorage.recordsStoredCompressed,1788580712907000000,1788580772949000000,0
VFS.folderCaseSensitivityReads,1788580712907000000,1788580772949000000,0
VFS.contentStorage.recordsStored,1788580712907000000,1788580772949000000,0
VFS.contentStorage.recordsRead,1788580712907000000,1788580772949000000,0
VFS.contentStorage.recordsReadSize,1788580712907000000,1788580772949000000,0
VFS.invertedFileNameIndex.requests,1788580712907000000,1788580772949000000,0
VFS.cache.segmentsCreated,1788580712907000000,1788580772949000000,0
VFS.ContentWriter.totalTasksExecutedAsync,1788580712907000000,1788580772949000000,0
VFS.fileByIdCache.hits,1788580712907000000,1788580772949000000,0
VFS.contentStorage.recordsDeduplicated,1788580712907000000,1788580772949000000,0
VFS.cache.segments,1788580712907000000,1788580772949000000,315
VFS.contentStorage.recordsDecompressionTimeUs,1788580712907000000,1788580772949000000,0
VFS.ContentWriter.totalTimeSpentOnSyncOperationsUs,1788580712907000000,1788580772949000000,0
VFS.contentStorage.recordsUncompressedSize,1788580712907000000,1788580772949000000,0
VFS.fileChildByName,1788580712907000000,1788580772949000000,115
VFS.contentStorage.recordsReadDecompressed,1788580712907000000,1788580772949000000,0
VFS.ContentWriter.totalFlushes,1788580712907000000,1788580772949000000,0
VFS.rootsCount,1788580712907000000,1788580772949000000,298.0
VFS.ContentWriter.totalTasksExecutedSync,1788580712907000000,1788580772949000000,0
FileNameCache.totalMisses,1788580712907000000,1788580772949000000,0
VFS.contentStorage.recordsStoredSize,1788580712907000000,1788580772949000000,0
ReadAction.executionsCount,1788580712907000000,1788580772949000000,766
FlushQueue.queueSize90P,1788580712907000000,1788580772949000000,0
NonBlockingReadAction.failedExecutionsCount,1788580712907000000,1788580772949000000,0
FlushQueue.queueSizeAvg,1788580712907000000,1788580772949000000,0.0
AWTEventQueue.dispatchTime90PNs,1788580712907000000,1788580772949000000,0
WriteAction.executionsCount,1788580712907000000,1788580772949000000,0
NonBlockingReadAction.failedExecutionTimeUs,1788580712907000000,1788580772949000000,0
AWTEventQueue.dispatchTimeTotalNS,1788580712907000000,1788580772949000000,1395269420
FlushQueue.executionTimeMaxNs,1788580712907000000,1788580772949000000,0
FlushQueue.waitingTimeAvgNs,1788580712907000000,1788580772949000000,0.0
AWTEventQueue.dispatchTimeMaxNs,1788580712907000000,1788580772949000000,0
FlushQueue.waitingTimeMaxNs,1788580712907000000,1788580772949000000,0
FlushQueue.waitingTime90PNs,1788580712907000000,1788580772949000000,0
AWTEventQueue.dispatchTimeAvgNs,1788580712907000000,1788580772949000000,0.0
AWTEventQueue.eventsDispatched,1788580712907000000,1788580772949000000,0
NonBlockingReadAction.finalizedExecutionTimeUs,1788580712907000000,1788580772949000000,179908
NonBlockingReadAction.finalizedExecutionsCount,1788580712907000000,1788580772949000000,12
FlushQueue.executionTimeAvgNs,1788580712907000000,1788580772949000000,0.0
FlushQueue.tasksExecuted,1788580712907000000,1788580772949000000,0
FlushQueue.executionTime90PNs,1788580712907000000,1788580772949000000,0
FlushQueue.queueSizeMax,1788580712907000000,1788580772949000000,0
FilePageCache.pageFastCacheHits,1788580712907000000,1788580772949000000,177
FilePageCache.WAL.entriesFlushedOnClose,1788580712907000000,1788580772949000000,0
FilePageCache.WAL.entriesFlushedOnForce,1788580712907000000,1788580772949000000,0
MappedFileStorage.totalPagesMapped,1788580712907000000,1788580772949000000,17
FilePageCache.totalBytesStored,1788580712907000000,1788580772949000000,944
StreamlinedBlobStorage.totalLiveRecordsCapacityBytes,1788580712907000000,1788580772949000000,0
FilePageCache.WAL.bytesCopiedByApplyUnfinished,1788580712907000000,1788580772949000000,0
FilePageCache.maxCacheSizeInBytes,1788580712907000000,1788580772949000000,629153792
StorageLockContext.competingThreads.max,1788580712907000000,1788580772949000000,0
StreamlinedBlobStorage.recordsRelocated,1788580712907000000,1788580772949000000,0
FilePageCache.WAL.entriesFlushed,1788580712907000000,1788580772949000000,0
FilePageCache.disposedBuffers,1788580712907000000,1788580772949000000,0
MappedFileStorage.storages,1788580712907000000,1788580772949000000,17
FilePageCache.totalPageLoadsUs,1788580712907000000,1788580772949000000,0
FilePageCache.pageLoadsAboveSizeThreshold,1788580712907000000,1788580772949000000,0
FileChannelInterruptsRetryer.totalRetriedAttempts,1788580712907000000,1788580772949000000,0
FilePageCache.WAL.bytesQueued,1788580712907000000,1788580772949000000,0
StreamlinedBlobStorage.recordsDeleted,1788580712907000000,1788580772949000000,0
FilePageCache.totalPageStoresUs,1788580712907000000,1788580772949000000,44734
FilePageCache.pageLoads,1788580712907000000,1788580772949000000,0
FilePageCache.WAL.entriesFlushedOnRead,1788580712907000000,1788580772949000000,0
FilePageCache.WAL.flushesForcedByOverflow,1788580712907000000,1788580772949000000,0
DirectByteBufferAllocator.totalSizeOfBuffersAllocatedInBytes,1788580712907000000,1788580772949000000,3153920
FilePageCache.WAL.entriesFlushedOnTruncate,1788580712907000000,1788580772949000000,0
StorageLockContext.competingThreads.avg,1788580712907000000,1788580772949000000,0.0
DirectByteBufferAllocator.totalSizeOfBuffersCachedInBytes,1788580712907000000,1788580772949000000,46170112
FilePageCache.capacityInBytes,1788580712907000000,1788580772949000000,629145600
FilePageCache.totalPageDisposalsUs,1788580712907000000,1788580772949000000,0
FilePageCache.maxRegisteredFiles,1788580712907000000,1788580772949000000,1796
FilePageCache.pageHits,1788580712907000000,1788580772949000000,0
StorageLockContext.competingThreads.90P,1788580712907000000,1788580772949000000,0
FilePageCache.uncachedFileAccess,1788580712907000000,1788580772949000000,59
StreamlinedBlobStorage.recordsAllocated,1788580712907000000,1788580772949000000,0
DirectByteBufferAllocator.disposed,1788580712907000000,1788580772949000000,0
DirectByteBufferAllocator.reclaimed,1788580712907000000,1788580772949000000,0
StreamlinedBlobStorage.totalLiveRecordsPayloadBytes,1788580712907000000,1788580772949000000,0
MappedFileStorage.totalTimeSpentOnMappingUs,1788580712907000000,1788580772949000000,72260
MappedFileStorage.totalBytesMapped,1788580712907000000,1788580772949000000,266600448
DirectByteBufferAllocator.hits,1788580712907000000,1788580772949000000,0
DirectByteBufferAllocator.misses,1788580712907000000,1788580772949000000,0
cacheStateStorage.get.counter,1788580712907000000,1788580772949000000,0
cacheStateStorage.set.duration,1788580712907000000,1788580772949000000,0
cacheStateStorage.set.counter,1788580712907000000,1788580772949000000,0
cacheStateStorage.get.duration,1788580712907000000,1788580772949000000,0
Indexing.writer_3.totalTimeSpentWritingMs,1788580712907000000,1788580772949000000,0
Indexing.totalTimeIndexersSleptMs,1788580712907000000,1788580772949000000,0
Indexes.allKeys.lookups,1788580712907000000,1788580772949000000,0
Indexing.writesQueuedMax,1788580712907000000,1788580772949000000,0
Indexes.entries.lookupDurationAvgMs,1788580712907000000,1788580772949000000,0.0
Indexing.writer_1.totalTimeSpentWritingMs,1788580712907000000,1788580772949000000,0
Indexes.allKeys.lookupDuration90PMs,1788580712907000000,1788580772949000000,0.0
Indexes.stubs.lookupDurationMaxMs,1788580712907000000,1788580772949000000,0.0
Indexes.entries.lookupDuration90PMs,1788580712907000000,1788580772949000000,0.0
Indexes.entries.lookupDurationMaxMs,1788580712907000000,1788580772949000000,0.0
Indexing.writer_2.totalTimeSpentWritingMs,1788580712907000000,1788580772949000000,0
Indexes.stubs.lookupDuration90PMs,1788580712907000000,1788580772949000000,0.0
Indexing.writesQueuedMin,1788580712907000000,1788580772949000000,0
Indexing.writer_0.totalTimeSpentWritingMs,1788580712907000000,1788580772949000000,0
Indexing.writesQueuedAvg,1788580712907000000,1788580772949000000,0.0
Indexing.cache.totalCacheAccesses,1788580712907000000,1788580772949000000,0
Indexes.entries.lookups,1788580712907000000,1788580772949000000,0
Indexes.stubs.lookupDurationAvgMs,1788580712907000000,1788580772949000000,0.0
Indexes.allKeys.lookupDurationMaxMs,1788580712907000000,1788580772949000000,0.0
Indexes.stubs.lookups,1788580712907000000,1788580772949000000,0
Indexing.cache.totalCacheEvicted,1788580712907000000,1788580772949000000,5
Indexes.allKeys.lookupDurationAvgMs,1788580712907000000,1788580772949000000,0.0
Indexing.cache.totalCacheMisses,1788580712907000000,1788580772949000000,0
workspaceModel.check.recursive.update.ms,1788580712907000000,1788580772949000000,0
workspaceModel.cachedValueWithParameters.calculated.count,1788580712907000000,1788580772949000000,0
workspaceModel.loading.total.ms,1788580712907000000,1788580772949000000,0
workspaceModel.workspaceFileIndexData.visitFileSets.ms,1788580712907000000,1788580772949000000,0
workspaceModel.cachedValue.from.cache.count,1788580712907000000,1788580772949000000,2
workspaceModel.non.incremental.contributors.total.update.time.ms,1788580712907000000,1788580772949000000,0
workspaceModel.workspaceFileIndexData.markDirty.ms,1788580712907000000,1788580772949000000,0
workspaceModel.cachedValueWithParameters.clear.count,1788580712907000000,1788580772949000000,0
workspaceModel.cachedValue.total.get.count,1788580712907000000,1788580772949000000,2
workspaceModel.non.incremental.contributors.file.sets.computation.time.ms,1788580712907000000,1788580772949000000,0
workspaceModel.collect.changes.ms,1788580712907000000,1788580772949000000,0
workspaceModel.cachedValueWithParameters.total.get.count,1788580712907000000,1788580772949000000,0
workspaceModel.update.unloaded.entities.ms,1788580712907000000,1788580772949000000,0
workspaceModel.cachedValue.clear.count,1788580712907000000,1788580772949000000,0
workspaceModel.cachedValue.calculated.count,1788580712907000000,1788580772949000000,0
workspaceModel.loading.from.cache.ms,1788580712907000000,1788580772949000000,0
workspaceModel.updates.ms,1788580712907000000,1788580772949000000,0
workspaceModel.workspaceFileIndexData.getFileInfo.ms,1788580712907000000,1788580772949000000,1
workspaceModel.replace.project.model.ms,1788580712907000000,1788580772949000000,0
workspaceModel.updates.count,1788580712907000000,1788580772949000000,0
workspaceModel.on.changed.ms,1788580712907000000,1788580772949000000,0
workspaceModel.workspaceFileIndexData.getPackageName.ms,1788580712907000000,1788580772949000000,0
workspaceModel.workspaceFileIndexData.processFileSets.ms,1788580712907000000,1788580772949000000,0
workspaceModel.pre.handlers.ms,1788580712907000000,1788580772949000000,0
workspaceModel.to.snapshot.ms,1788580712907000000,1788580772949000000,0
workspaceModel.workspaceFileIndexData.getDirectoriesByPackageName.ms,1788580712907000000,1788580772949000000,0
workspaceModel.init.bridges.ms,1788580712907000000,1788580772949000000,0
workspaceModel.workspaceFileIndexData.init.ms,1788580712907000000,1788580772949000000,0
workspaceModel.entityStorageSnapshotImpl.instances.count,1788580712907000000,1788580772949000000,0
workspaceModel.updates.precise.ms,1788580712907000000,1788580772949000000,0
workspaceModel.initializing.ms,1788580712907000000,1788580772949000000,0
workspaceModel.cachedValueWithParameters.from.cache.count,1788580712907000000,1788580772949000000,0
workspaceModel.full.replace.project.model.ms,1788580712907000000,1788580772949000000,0
workspaceModel.workspaceFileIndexData.updateDirtyEntities.ms,1788580712907000000,1788580772949000000,0
workspaceModel.on.before.changed.ms,1788580712907000000,1788580772949000000,0
workspaceModel.workspaceFileIndexData.onEntitiesChanged.ms,1788580712907000000,1788580772949000000,0
workspaceModel.non.incremental.contributors.exclude.roots.computation.time.ms,1788580712907000000,1788580772949000000,0
workspaceModel.workspaceFileIndexContributor.registerFileSets.ms,1788580712907000000,1788580772949000000,0
workspaceModel.workspaceFileIndexData.instances.count,1788580712907000000,1788580772949000000,0
compiler.ArtifactVirtualFileListener.propertyChanged.ms,1788580712907000000,1788580772949000000,0
compiler.ArtifactVirtualFileListener.filePathChanged.ms,1788580712907000000,1788580772949000000,0
compiler.ArtifactManagerBridge.findArtifact.ms,1788580712907000000,1788580772949000000,0
compiler.ArtifactManagerBridge.getArtifacts.ms,1788580712907000000,1788580772949000000,0
compiler.ArtifactManagerBridge.dropMappings.ms,1788580712907000000,1788580772949000000,0
compiler.ArtifactManagerBridge.commit.ms,1788580712907000000,1788580772949000000,0
compiler.ArtifactManagerBridge.getArtifactsByType.ms,1788580712907000000,1788580772949000000,0
compiler.ArtifactManagerBridge.addArtifact.ms,1788580712907000000,1788580772949000000,0
compiler.ArtifactManagerBridge.initBridges.ms,1788580712907000000,1788580772949000000,0
JVM.GC.collectionTimesMs,1788580712907000000,1788580772949000000,0
MEM.ramMinusFileMappingsBytes,1788580712907000000,1788580772949000000,226295808
JVM.usedNativeBytes,1788580712907000000,1788580772949000000,619064224
JVM.totalCpuTimeMs,1788580712907000000,1788580772949000000,7375
JVM.maxThreadCount,1788580712907000000,1788580772949000000,172
JVM.threadCount,1788580712907000000,1788580772949000000,111
JVM.GC.collections,1788580712907000000,1788580772949000000,0
JVM.totalTimeToSafepointsMs,1788580712907000000,1788580772949000000,0
MEM.ramBytes,1788580712907000000,1788580772949000000,271908864
JVM.committedHeapBytes,1788580712907000000,1788580772949000000,896532480
JVM.usedHeapBytes,1788580712907000000,1788580772949000000,664497552
JVM.totalDirectByteBuffersBytes,1788580712907000000,1788580772949000000,3430408
MEM.ramPlusSwapMinusFileMappingsBytes,1788580712907000000,1788580772949000000,1940321920
JVM.totalSafepointCount,1788580712907000000,1788580772949000000,0
JVM.totalBytesAllocated,1788580712907000000,1788580772949000000,115307648
OS.loadAverage,1788580712907000000,1788580772949000000,2.5
MEM.fileMappingsRamBytes,1788580712907000000,1788580772949000000,45613056
JVM.newThreadsCount,1788580712907000000,1788580772949000000,4
JVM.maxHeapBytes,1788580712907000000,1788580772949000000,2147483648
JVM.totalTimeAtSafepointsMs,1788580712907000000,1788580772949000000,0
workspaceModel.mutableEntityStorage.changeLog.addReplaceEventForNewChild.ms,1788580772949000000,1788580832903000000,0
jps.facet.change.listener.init.bridge.ms,1788580772949000000,1788580832903000000,0
jps.global.get.library.ms,1788580772949000000,1788580832903000000,0
workspaceModel.moduleBridge.update.option.ms,1788580772949000000,1788580832903000000,0
workspaceModel.moduleBridgeLoader.loading.modules.ms,1788580772949000000,1788580832903000000,0
workspaceModel.global.apply.state.to.project.builder.ms,1788580772949000000,1788580832903000000,0
jps.library.entities.serializer.load.entities.ms,1788580772949000000,1788580832903000000,0
workspaceModel.moduleBridge.facet.initialization.ms,1788580772949000000,1788580832903000000,0
jps.global.handle.changed.events.ms,1788580772949000000,1788580832903000000,0
jps.modifiable.module.model.bridge.disposing.ms,1788580772949000000,1788580832903000000,0
workspaceModel.moduleManagerBridge.create.module.instance.ms,1788580772949000000,1788580832903000000,0
jps.reload.project.entities.ms,1788580772949000000,1788580832903000000,0
jps.app.storage.content.reader.load.component.ms,1788580772949000000,1788580832903000000,0
jps.modifiable.module.model.bridge.renaming.ms,1788580772949000000,1788580832903000000,0
workspaceModel.sync.entities.ms,1788580772949000000,1788580832903000000,0
jps.artifact.entities.serializer.save.entities.ms,1788580772949000000,1788580832903000000,0
workspaceModel.moduleManagerBridge.new.nonPersistent.module.ms,1788580772949000000,1788580832903000000,0
jps.app.storage.content.writer.save.component.ms,1788580772949000000,1788580832903000000,0
workspaceModel.mutableEntityStorage.add.entity.ms,1788580772949000000,1788580832903000000,0
workspaceModel.moduleBridge.before.changed.ms,1788580772949000000,1788580832903000000,0
jps.global.handle.before.change.events.ms,1788580772949000000,1788580832903000000,0
workspaceModel.mutableEntityStorage.mutable.ext.mapping.ms,1788580772949000000,1788580832903000000,0
jps.save.changed.project.entities.ms,1788580772949000000,1788580832903000000,0
jps.module.iml.entities.serializer.save.entities.ms,1788580772949000000,1788580832903000000,0
workspaceModel.moduleManagerBridge.set.unloadedModules.ms,1788580772949000000,1788580832903000000,0
workspaceModel.mutableEntityStorage.changeLog.addReplaceEventForRemovedChild.ms,1788580772949000000,1788580832903000000,0
workspaceModel.mutableEntityStorage.changeLog.addReplaceEventForRemovedParent.ms,1788580772949000000,1788580832903000000,0
jps.global.get.library.by.name.ms,1788580772949000000,1788580832903000000,0
workspaceModel.global.apply.state.to.project.ms,1788580772949000000,1788580832903000000,0
workspaceModel.moduleManagerBridge.load.module.ms,1788580772949000000,1788580832903000000,0
workspaceModel.mutableEntityStorage.mutable.vfurl.index.ms,1788580772949000000,1788580832903000000,0
workspaceModel.mutableEntityStorage.entities.ms,1788580772949000000,1788580832903000000,0
jps.global.initialize.library.bridges.after.loading.ms,1788580772949000000,1788580832903000000,0
workspaceModel.mutableEntityStorage.apply.changes.from.ms,1788580772949000000,1788580832903000000,0
workspaceModel.load.cache.metadata.from.file.ms,1788580772949000000,1788580832903000000,0
jps.save.global.entities.ms,1788580772949000000,1788580832903000000,0
workspaceModel.global.updates.ms,1788580772949000000,1788580832903000000,0
workspaceModel.mutableEntityStorage.changeLog.addReplaceEventForNewParent.ms,1788580772949000000,1788580832903000000,0
workspaceModel.mutableEntityStorage.has.same.entities.ms,1788580772949000000,1788580832903000000,0
workspaceModel.mutableEntityStorage.put.entity.ms,1788580772949000000,1788580832903000000,0
jps.load.project.to.empty.storage.ms,1788580772949000000,1788580832903000000,0
jps.project.serializers.load.ms,1788580772949000000,1788580832903000000,0
jps.load.initial.state.ms,1788580772949000000,1788580832903000000,0
workspaceModel.mutableEntityStorage.replace.by.source.ms,1788580772949000000,1788580832903000000,0
workspaceModel.save.cache.to.file.ms,1788580772949000000,1788580832903000000,0
workspaceModel.moduleManagerBridge.newModule.ms,1788580772949000000,1788580832903000000,0
jps.apply.loaded.storage.ms,1788580772949000000,1788580832903000000,0
jps.modifiable.module.model.bridge.new.module.ms,1788580772949000000,1788580832903000000,0
workspaceModel.mutableEntityStorage.entities.by.source.ms,1788580772949000000,1788580832903000000,0
workspaceModel.load.cache.from.file.ms,1788580772949000000,1788580832903000000,0
workspaceModel.mutableEntityStorage.hasReferrers.ms,1788580772949000000,1788580832903000000,0
jps.module.dependency.index.workspace.model.listener.on.changed.ms,1788580772949000000,1788580832903000000,0
jps.global.initialize.library.bridges.ms,1788580772949000000,1788580832903000000,0
workspaceModel.mutableEntityStorage.instances.count,1788580772949000000,1788580832903000000,1
jps.library.entities.serializer.save.entities.ms,1788580772949000000,1788580832903000000,0
workspaceModel.do.save.caches.ms,1788580772949000000,1788580832903000000,0
workspaceModel.moduleManagerBridge.build.module.graph.ms,1788580772949000000,1788580832903000000,0
jps.global.get.libraries.ms,1788580772949000000,1788580832903000000,0
workspaceModel.moduleManagerBridge.get.modules.ms,1788580772949000000,1788580832903000000,0
workspaceModel.mutableEntityStorage.referrers.ms,1788580772949000000,1788580832903000000,0
jps.storage.jps.conf.reader.load.component.ms,1788580772949000000,1788580832903000000,0
jps.modifiable.module.model.bridge.load.module.ms,1788580772949000000,1788580832903000000,0
workspaceModel.orphan.listener.update.ms,1788580772949000000,1788580832903000000,0
jps.module.iml.entities.serializer.load.entities.ms,1788580772949000000,1788580832903000000,0
workspaceModel.mutableEntityStorage.to.snapshot.ms,1788580772949000000,1788580832903000000,0
jps.facet.change.listener.process.change.events.ms,1788580772949000000,1788580832903000000,0
workspaceModel.mutableEntityStorage.collect.changes.ms,1788580772949000000,1788580832903000000,0
workspaceModel.moduleManagerBridge.load.all.modules.ms,1788580772949000000,1788580832903000000,0
workspaceModel.mutableEntityStorage.modify.entity.ms,1788580772949000000,1788580832903000000,0
workspaceModel.mutableEntityStorage.resolve.ms,1788580772949000000,1788580832903000000,0
workspaceModel.global.updates.count,1788580772949000000,1788580832903000000,0
jps.artifact.entities.serializer.load.entities.ms,1788580772949000000,1788580832903000000,0
workspaceModel.mutableEntityStorage.remove.entity.ms,1788580772949000000,1788580832903000000,0
jps.project.serializers.save.ms,1788580772949000000,1788580832903000000,0
jps.facet.change.listener.before.change.events.ms,1788580772949000000,1788580832903000000,0
DiskQueryRelay.taskExecutionTotalTimeUs,1788580772949000000,1788580832903000000,10990
writeAction.max.wait.ms,1788580772949000000,1788580832903000000,70
writeAction.wait.ms,1788580772949000000,1788580832903000000,0
DiskQueryRelay.taskWaitingTotalTimeUs,1788580772949000000,1788580832903000000,13040
writeAction.count,1788580772949000000,1788580832903000000,0
LowMemory.gcLoad,1788580772949000000,1788580832903000000,0.0012262697474739392
DiskQueryRelay.tasksExecuted,1788580772949000000,1788580832903000000,17
writeAction.median.wait.ms,1788580772949000000,1788580832903000000,100
DiskQueryRelay.tasksRequested,1788580772949000000,1788580832903000000,17
LowMemory.gcOverloaded,1788580772949000000,1788580832903000000,0
FileNameCache.queries,1788580772949000000,1788580832903000000,0
VFS.cache.directoriesCreated,1788580772949000000,1788580832903000000,0
VFS.cache.filesCreated,1788580772949000000,1788580832903000000,25
VFS.ContentWriter.totalTimeSpentOnAsyncOperationsUs,1788580772949000000,1788580832903000000,0
VFS.fileByIdCache.misses,1788580772949000000,1788580832903000000,1
VFS.contentStorage.recordsStoredCompressed,1788580772949000000,1788580832903000000,0
VFS.folderCaseSensitivityReads,1788580772949000000,1788580832903000000,0
VFS.contentStorage.recordsStored,1788580772949000000,1788580832903000000,0
VFS.contentStorage.recordsRead,1788580772949000000,1788580832903000000,0
VFS.contentStorage.recordsReadSize,1788580772949000000,1788580832903000000,0
VFS.invertedFileNameIndex.requests,1788580772949000000,1788580832903000000,0
VFS.cache.segmentsCreated,1788580772949000000,1788580832903000000,0
VFS.ContentWriter.totalTasksExecutedAsync,1788580772949000000,1788580832903000000,0
VFS.fileByIdCache.hits,1788580772949000000,1788580832903000000,0
VFS.contentStorage.recordsDeduplicated,1788580772949000000,1788580832903000000,0
VFS.cache.segments,1788580772949000000,1788580832903000000,315
VFS.contentStorage.recordsDecompressionTimeUs,1788580772949000000,1788580832903000000,0
VFS.ContentWriter.totalTimeSpentOnSyncOperationsUs,1788580772949000000,1788580832903000000,0
VFS.contentStorage.recordsUncompressedSize,1788580772949000000,1788580832903000000,0
VFS.fileChildByName,1788580772949000000,1788580832903000000,151
VFS.contentStorage.recordsReadDecompressed,1788580772949000000,1788580832903000000,0
VFS.ContentWriter.totalFlushes,1788580772949000000,1788580832903000000,0
VFS.rootsCount,1788580772949000000,1788580832903000000,298.0
VFS.ContentWriter.totalTasksExecutedSync,1788580772949000000,1788580832903000000,0
FileNameCache.totalMisses,1788580772949000000,1788580832903000000,0
VFS.contentStorage.recordsStoredSize,1788580772949000000,1788580832903000000,0
ReadAction.executionsCount,1788580772949000000,1788580832903000000,580
FlushQueue.queueSize90P,1788580772949000000,1788580832903000000,0
NonBlockingReadAction.failedExecutionsCount,1788580772949000000,1788580832903000000,0
FlushQueue.queueSizeAvg,1788580772949000000,1788580832903000000,0.0
AWTEventQueue.dispatchTime90PNs,1788580772949000000,1788580832903000000,62914559
WriteAction.executionsCount,1788580772949000000,1788580832903000000,0
NonBlockingReadAction.failedExecutionTimeUs,1788580772949000000,1788580832903000000,0
AWTEventQueue.dispatchTimeTotalNS,1788580772949000000,1788580832903000000,1827354866
FlushQueue.executionTimeMaxNs,1788580772949000000,1788580832903000000,62652415
FlushQueue.waitingTimeAvgNs,1788580772949000000,1788580832903000000,59264.0
AWTEventQueue.dispatchTimeMaxNs,1788580772949000000,1788580832903000000,62914559
FlushQueue.waitingTimeMaxNs,1788580772949000000,1788580832903000000,59391
FlushQueue.waitingTime90PNs,1788580772949000000,1788580832903000000,59391
AWTEventQueue.dispatchTimeAvgNs,1788580772949000000,1788580832903000000,3.1415872E7
AWTEventQueue.eventsDispatched,1788580772949000000,1788580832903000000,2
NonBlockingReadAction.finalizedExecutionTimeUs,1788580772949000000,1788580832903000000,62774
NonBlockingReadAction.finalizedExecutionsCount,1788580772949000000,1788580832903000000,10
FlushQueue.executionTimeAvgNs,1788580772949000000,1788580832903000000,6.2521344E7
FlushQueue.tasksExecuted,1788580772949000000,1788580832903000000,1
FlushQueue.executionTime90PNs,1788580772949000000,1788580832903000000,62652415
FlushQueue.queueSizeMax,1788580772949000000,1788580832903000000,0
FilePageCache.pageFastCacheHits,1788580772949000000,1788580832903000000,182
FilePageCache.WAL.entriesFlushedOnClose,1788580772949000000,1788580832903000000,0
FilePageCache.WAL.entriesFlushedOnForce,1788580772949000000,1788580832903000000,0
MappedFileStorage.totalPagesMapped,1788580772949000000,1788580832903000000,17
FilePageCache.totalBytesStored,1788580772949000000,1788580832903000000,960
StreamlinedBlobStorage.totalLiveRecordsCapacityBytes,1788580772949000000,1788580832903000000,0
FilePageCache.WAL.bytesCopiedByApplyUnfinished,1788580772949000000,1788580832903000000,0
FilePageCache.maxCacheSizeInBytes,1788580772949000000,1788580832903000000,629153792
StorageLockContext.competingThreads.max,1788580772949000000,1788580832903000000,0
StreamlinedBlobStorage.recordsRelocated,1788580772949000000,1788580832903000000,0
FilePageCache.WAL.entriesFlushed,1788580772949000000,1788580832903000000,0
FilePageCache.disposedBuffers,1788580772949000000,1788580832903000000,0
MappedFileStorage.storages,1788580772949000000,1788580832903000000,17
FilePageCache.totalPageLoadsUs,1788580772949000000,1788580832903000000,0
FilePageCache.pageLoadsAboveSizeThreshold,1788580772949000000,1788580832903000000,0
FileChannelInterruptsRetryer.totalRetriedAttempts,1788580772949000000,1788580832903000000,0
FilePageCache.WAL.bytesQueued,1788580772949000000,1788580832903000000,0
StreamlinedBlobStorage.recordsDeleted,1788580772949000000,1788580832903000000,0
FilePageCache.totalPageStoresUs,1788580772949000000,1788580832903000000,38586
FilePageCache.pageLoads,1788580772949000000,1788580832903000000,0
FilePageCache.WAL.entriesFlushedOnRead,1788580772949000000,1788580832903000000,0
FilePageCache.WAL.flushesForcedByOverflow,1788580772949000000,1788580832903000000,0
DirectByteBufferAllocator.totalSizeOfBuffersAllocatedInBytes,1788580772949000000,1788580832903000000,3153920
FilePageCache.WAL.entriesFlushedOnTruncate,1788580772949000000,1788580832903000000,0
StorageLockContext.competingThreads.avg,1788580772949000000,1788580832903000000,0.0
DirectByteBufferAllocator.totalSizeOfBuffersCachedInBytes,1788580772949000000,1788580832903000000,46170112
FilePageCache.capacityInBytes,1788580772949000000,1788580832903000000,629145600
FilePageCache.totalPageDisposalsUs,1788580772949000000,1788580832903000000,0
FilePageCache.maxRegisteredFiles,1788580772949000000,1788580832903000000,1796
FilePageCache.pageHits,1788580772949000000,1788580832903000000,0
StorageLockContext.competingThreads.90P,1788580772949000000,1788580832903000000,0
FilePageCache.uncachedFileAccess,1788580772949000000,1788580832903000000,60
StreamlinedBlobStorage.recordsAllocated,1788580772949000000,1788580832903000000,0
DirectByteBufferAllocator.disposed,1788580772949000000,1788580832903000000,0
DirectByteBufferAllocator.reclaimed,1788580772949000000,1788580832903000000,0
StreamlinedBlobStorage.totalLiveRecordsPayloadBytes,1788580772949000000,1788580832903000000,0
MappedFileStorage.totalTimeSpentOnMappingUs,1788580772949000000,1788580832903000000,72260
MappedFileStorage.totalBytesMapped,1788580772949000000,1788580832903000000,266600448
DirectByteBufferAllocator.hits,1788580772949000000,1788580832903000000,0
DirectByteBufferAllocator.misses,1788580772949000000,1788580832903000000,0
cacheStateStorage.get.counter,1788580772949000000,1788580832903000000,0
cacheStateStorage.set.duration,1788580772949000000,1788580832903000000,0
cacheStateStorage.set.counter,1788580772949000000,1788580832903000000,0
cacheStateStorage.get.duration,1788580772949000000,1788580832903000000,0
Indexing.writer_3.totalTimeSpentWritingMs,1788580772949000000,1788580832903000000,0
Indexing.totalTimeIndexersSleptMs,1788580772949000000,1788580832903000000,0
Indexes.allKeys.lookups,1788580772949000000,1788580832903000000,0
Indexing.writesQueuedMax,1788580772949000000,1788580832903000000,0
Indexes.entries.lookupDurationAvgMs,1788580772949000000,1788580832903000000,0.0
Indexing.writer_1.totalTimeSpentWritingMs,1788580772949000000,1788580832903000000,0
Indexes.allKeys.lookupDuration90PMs,1788580772949000000,1788580832903000000,0.0
Indexes.stubs.lookupDurationMaxMs,1788580772949000000,1788580832903000000,0.0
Indexes.entries.lookupDuration90PMs,1788580772949000000,1788580832903000000,0.0
Indexes.entries.lookupDurationMaxMs,1788580772949000000,1788580832903000000,0.0
Indexing.writer_2.totalTimeSpentWritingMs,1788580772949000000,1788580832903000000,0
Indexes.stubs.lookupDuration90PMs,1788580772949000000,1788580832903000000,0.0
Indexing.writesQueuedMin,1788580772949000000,1788580832903000000,9223372036854775807
Indexing.writer_0.totalTimeSpentWritingMs,1788580772949000000,1788580832903000000,0
Indexing.cache.totalCacheAccesses,1788580772949000000,1788580832903000000,14
Indexes.entries.lookups,1788580772949000000,1788580832903000000,0
Indexes.stubs.lookupDurationAvgMs,1788580772949000000,1788580832903000000,0.0
Indexes.allKeys.lookupDurationMaxMs,1788580772949000000,1788580832903000000,0.0
Indexes.stubs.lookups,1788580772949000000,1788580832903000000,7
Indexing.cache.totalCacheEvicted,1788580772949000000,1788580832903000000,5
Indexes.allKeys.lookupDurationAvgMs,1788580772949000000,1788580832903000000,0.0
Indexing.cache.totalCacheMisses,1788580772949000000,1788580832903000000,5
workspaceModel.check.recursive.update.ms,1788580772949000000,1788580832903000000,0
workspaceModel.cachedValueWithParameters.calculated.count,1788580772949000000,1788580832903000000,0
workspaceModel.loading.total.ms,1788580772949000000,1788580832903000000,0
workspaceModel.workspaceFileIndexData.visitFileSets.ms,1788580772949000000,1788580832903000000,0
workspaceModel.cachedValue.from.cache.count,1788580772949000000,1788580832903000000,0
workspaceModel.non.incremental.contributors.total.update.time.ms,1788580772949000000,1788580832903000000,0
workspaceModel.workspaceFileIndexData.markDirty.ms,1788580772949000000,1788580832903000000,0
workspaceModel.cachedValueWithParameters.clear.count,1788580772949000000,1788580832903000000,0
workspaceModel.cachedValue.total.get.count,1788580772949000000,1788580832903000000,0
workspaceModel.non.incremental.contributors.file.sets.computation.time.ms,1788580772949000000,1788580832903000000,0
workspaceModel.collect.changes.ms,1788580772949000000,1788580832903000000,0
workspaceModel.cachedValueWithParameters.total.get.count,1788580772949000000,1788580832903000000,0
workspaceModel.update.unloaded.entities.ms,1788580772949000000,1788580832903000000,0
workspaceModel.cachedValue.clear.count,1788580772949000000,1788580832903000000,0
workspaceModel.cachedValue.calculated.count,1788580772949000000,1788580832903000000,0
workspaceModel.loading.from.cache.ms,1788580772949000000,1788580832903000000,0
workspaceModel.updates.ms,1788580772949000000,1788580832903000000,0
workspaceModel.workspaceFileIndexData.getFileInfo.ms,1788580772949000000,1788580832903000000,1
workspaceModel.replace.project.model.ms,1788580772949000000,1788580832903000000,0
workspaceModel.updates.count,1788580772949000000,1788580832903000000,0
workspaceModel.on.changed.ms,1788580772949000000,1788580832903000000,0
workspaceModel.workspaceFileIndexData.getPackageName.ms,1788580772949000000,1788580832903000000,0
workspaceModel.workspaceFileIndexData.processFileSets.ms,1788580772949000000,1788580832903000000,0
workspaceModel.pre.handlers.ms,1788580772949000000,1788580832903000000,0
workspaceModel.to.snapshot.ms,1788580772949000000,1788580832903000000,0
workspaceModel.workspaceFileIndexData.getDirectoriesByPackageName.ms,1788580772949000000,1788580832903000000,0
workspaceModel.init.bridges.ms,1788580772949000000,1788580832903000000,0
workspaceModel.workspaceFileIndexData.init.ms,1788580772949000000,1788580832903000000,0
workspaceModel.entityStorageSnapshotImpl.instances.count,1788580772949000000,1788580832903000000,0
workspaceModel.updates.precise.ms,1788580772949000000,1788580832903000000,0
workspaceModel.initializing.ms,1788580772949000000,1788580832903000000,0
workspaceModel.cachedValueWithParameters.from.cache.count,1788580772949000000,1788580832903000000,0
workspaceModel.full.replace.project.model.ms,1788580772949000000,1788580832903000000,0
workspaceModel.workspaceFileIndexData.updateDirtyEntities.ms,1788580772949000000,1788580832903000000,0
workspaceModel.on.before.changed.ms,1788580772949000000,1788580832903000000,0
workspaceModel.workspaceFileIndexData.onEntitiesChanged.ms,1788580772949000000,1788580832903000000,0
workspaceModel.non.incremental.contributors.exclude.roots.computation.time.ms,1788580772949000000,1788580832903000000,0
workspaceModel.workspaceFileIndexContributor.registerFileSets.ms,1788580772949000000,1788580832903000000,0
workspaceModel.workspaceFileIndexData.instances.count,1788580772949000000,1788580832903000000,0
compiler.ArtifactVirtualFileListener.propertyChanged.ms,1788580772949000000,1788580832903000000,0
compiler.ArtifactVirtualFileListener.filePathChanged.ms,1788580772949000000,1788580832903000000,0
compiler.ArtifactManagerBridge.findArtifact.ms,1788580772949000000,1788580832903000000,0
compiler.ArtifactManagerBridge.getArtifacts.ms,1788580772949000000,1788580832903000000,0
compiler.ArtifactManagerBridge.dropMappings.ms,1788580772949000000,1788580832903000000,0
compiler.ArtifactManagerBridge.commit.ms,1788580772949000000,1788580832903000000,0
compiler.ArtifactManagerBridge.getArtifactsByType.ms,1788580772949000000,1788580832903000000,0
compiler.ArtifactManagerBridge.addArtifact.ms,1788580772949000000,1788580832903000000,0
compiler.ArtifactManagerBridge.initBridges.ms,1788580772949000000,1788580832903000000,0
JVM.GC.collectionTimesMs,1788580772949000000,1788580832903000000,187
MEM.ramMinusFileMappingsBytes,1788580772949000000,1788580832903000000,1293828096
JVM.usedNativeBytes,1788580772949000000,1788580832903000000,677616960
JVM.totalCpuTimeMs,1788580772949000000,1788580832903000000,14504
JVM.maxThreadCount,1788580772949000000,1788580832903000000,172
JVM.threadCount,1788580772949000000,1788580832903000000,79
JVM.GC.collections,1788580772949000000,1788580832903000000,7
JVM.totalTimeToSafepointsMs,1788580772949000000,1788580832903000000,0
MEM.ramBytes,1788580772949000000,1788580832903000000,1452949504
JVM.committedHeapBytes,1788580772949000000,1788580832903000000,1127219200
JVM.usedHeapBytes,1788580772949000000,1788580832903000000,956171960
JVM.totalDirectByteBuffersBytes,1788580772949000000,1788580832903000000,3414024
MEM.ramPlusSwapMinusFileMappingsBytes,1788580772949000000,1788580832903000000,2274966528
JVM.totalSafepointCount,1788580772949000000,1788580832903000000,7
JVM.totalBytesAllocated,1788580772949000000,1788580832903000000,1486260032
OS.loadAverage,1788580772949000000,1788580832903000000,2.06005859375
MEM.fileMappingsRamBytes,1788580772949000000,1788580832903000000,159121408
JVM.newThreadsCount,1788580772949000000,1788580832903000000,14
JVM.maxHeapBytes,1788580772949000000,1788580832903000000,2147483648
JVM.totalTimeAtSafepointsMs,1788580772949000000,1788580832903000000,188
workspaceModel.mutableEntityStorage.changeLog.addReplaceEventForNewChild.ms,1788580832903000000,1788580892941000000,0
jps.facet.change.listener.init.bridge.ms,1788580832903000000,1788580892941000000,0
jps.global.get.library.ms,1788580832903000000,1788580892941000000,0
workspaceModel.moduleBridge.update.option.ms,1788580832903000000,1788580892941000000,0
workspaceModel.moduleBridgeLoader.loading.modules.ms,1788580832903000000,1788580892941000000,0
workspaceModel.global.apply.state.to.project.builder.ms,1788580832903000000,1788580892941000000,0
jps.library.entities.serializer.load.entities.ms,1788580832903000000,1788580892941000000,0
workspaceModel.moduleBridge.facet.initialization.ms,1788580832903000000,1788580892941000000,0
jps.global.handle.changed.events.ms,1788580832903000000,1788580892941000000,0
jps.modifiable.module.model.bridge.disposing.ms,1788580832903000000,1788580892941000000,0
workspaceModel.moduleManagerBridge.create.module.instance.ms,1788580832903000000,1788580892941000000,0
jps.reload.project.entities.ms,1788580832903000000,1788580892941000000,0
jps.app.storage.content.reader.load.component.ms,1788580832903000000,1788580892941000000,0
jps.modifiable.module.model.bridge.renaming.ms,1788580832903000000,1788580892941000000,0
workspaceModel.sync.entities.ms,1788580832903000000,1788580892941000000,0
jps.artifact.entities.serializer.save.entities.ms,1788580832903000000,1788580892941000000,0
workspaceModel.moduleManagerBridge.new.nonPersistent.module.ms,1788580832903000000,1788580892941000000,0
jps.app.storage.content.writer.save.component.ms,1788580832903000000,1788580892941000000,6
workspaceModel.mutableEntityStorage.add.entity.ms,1788580832903000000,1788580892941000000,0
workspaceModel.moduleBridge.before.changed.ms,1788580832903000000,1788580892941000000,0
jps.global.handle.before.change.events.ms,1788580832903000000,1788580892941000000,0
workspaceModel.mutableEntityStorage.mutable.ext.mapping.ms,1788580832903000000,1788580892941000000,0
jps.save.changed.project.entities.ms,1788580832903000000,1788580892941000000,3
jps.module.iml.entities.serializer.save.entities.ms,1788580832903000000,1788580892941000000,0
workspaceModel.moduleManagerBridge.set.unloadedModules.ms,1788580832903000000,1788580892941000000,0
workspaceModel.mutableEntityStorage.changeLog.addReplaceEventForRemovedChild.ms,1788580832903000000,1788580892941000000,0
workspaceModel.mutableEntityStorage.changeLog.addReplaceEventForRemovedParent.ms,1788580832903000000,1788580892941000000,0
jps.global.get.library.by.name.ms,1788580832903000000,1788580892941000000,0
workspaceModel.global.apply.state.to.project.ms,1788580832903000000,1788580892941000000,0
workspaceModel.moduleManagerBridge.load.module.ms,1788580832903000000,1788580892941000000,0
workspaceModel.mutableEntityStorage.mutable.vfurl.index.ms,1788580832903000000,1788580892941000000,0
workspaceModel.mutableEntityStorage.entities.ms,1788580832903000000,1788580892941000000,0
jps.global.initialize.library.bridges.after.loading.ms,1788580832903000000,1788580892941000000,0
workspaceModel.mutableEntityStorage.apply.changes.from.ms,1788580832903000000,1788580892941000000,0
workspaceModel.load.cache.metadata.from.file.ms,1788580832903000000,1788580892941000000,0
jps.save.global.entities.ms,1788580832903000000,1788580892941000000,11
workspaceModel.global.updates.ms,1788580832903000000,1788580892941000000,0
workspaceModel.mutableEntityStorage.changeLog.addReplaceEventForNewParent.ms,1788580832903000000,1788580892941000000,0
workspaceModel.mutableEntityStorage.has.same.entities.ms,1788580832903000000,1788580892941000000,0
workspaceModel.mutableEntityStorage.put.entity.ms,1788580832903000000,1788580892941000000,0
jps.load.project.to.empty.storage.ms,1788580832903000000,1788580892941000000,0
jps.project.serializers.load.ms,1788580832903000000,1788580892941000000,0
jps.load.initial.state.ms,1788580832903000000,1788580892941000000,0
workspaceModel.mutableEntityStorage.replace.by.source.ms,1788580832903000000,1788580892941000000,0
workspaceModel.save.cache.to.file.ms,1788580832903000000,1788580892941000000,0
workspaceModel.moduleManagerBridge.newModule.ms,1788580832903000000,1788580892941000000,0
jps.apply.loaded.storage.ms,1788580832903000000,1788580892941000000,0
jps.modifiable.module.model.bridge.new.module.ms,1788580832903000000,1788580892941000000,0
workspaceModel.mutableEntityStorage.entities.by.source.ms,1788580832903000000,1788580892941000000,0
workspaceModel.load.cache.from.file.ms,1788580832903000000,1788580892941000000,0
workspaceModel.mutableEntityStorage.hasReferrers.ms,1788580832903000000,1788580892941000000,0
jps.module.dependency.index.workspace.model.listener.on.changed.ms,1788580832903000000,1788580892941000000,0
jps.global.initialize.library.bridges.ms,1788580832903000000,1788580892941000000,0
workspaceModel.mutableEntityStorage.instances.count,1788580832903000000,1788580892941000000,0
jps.library.entities.serializer.save.entities.ms,1788580832903000000,1788580892941000000,0
workspaceModel.do.save.caches.ms,1788580832903000000,1788580892941000000,0
workspaceModel.moduleManagerBridge.build.module.graph.ms,1788580832903000000,1788580892941000000,0
jps.global.get.libraries.ms,1788580832903000000,1788580892941000000,0
workspaceModel.moduleManagerBridge.get.modules.ms,1788580832903000000,1788580892941000000,0
workspaceModel.mutableEntityStorage.referrers.ms,1788580832903000000,1788580892941000000,0
jps.storage.jps.conf.reader.load.component.ms,1788580832903000000,1788580892941000000,0
jps.modifiable.module.model.bridge.load.module.ms,1788580832903000000,1788580892941000000,0
workspaceModel.orphan.listener.update.ms,1788580832903000000,1788580892941000000,0
jps.module.iml.entities.serializer.load.entities.ms,1788580832903000000,1788580892941000000,0
workspaceModel.mutableEntityStorage.to.snapshot.ms,1788580832903000000,1788580892941000000,0
jps.facet.change.listener.process.change.events.ms,1788580832903000000,1788580892941000000,0
workspaceModel.mutableEntityStorage.collect.changes.ms,1788580832903000000,1788580892941000000,0
workspaceModel.moduleManagerBridge.load.all.modules.ms,1788580832903000000,1788580892941000000,0
workspaceModel.mutableEntityStorage.modify.entity.ms,1788580832903000000,1788580892941000000,0
workspaceModel.mutableEntityStorage.resolve.ms,1788580832903000000,1788580892941000000,0
workspaceModel.global.updates.count,1788580832903000000,1788580892941000000,0
jps.artifact.entities.serializer.load.entities.ms,1788580832903000000,1788580892941000000,0
workspaceModel.mutableEntityStorage.remove.entity.ms,1788580832903000000,1788580892941000000,0
jps.project.serializers.save.ms,1788580832903000000,1788580892941000000,1
jps.facet.change.listener.before.change.events.ms,1788580832903000000,1788580892941000000,0
DiskQueryRelay.taskExecutionTotalTimeUs,1788580832903000000,1788580892941000000,1644
writeAction.max.wait.ms,1788580832903000000,1788580892941000000,70
writeAction.wait.ms,1788580832903000000,1788580892941000000,0
DiskQueryRelay.taskWaitingTotalTimeUs,1788580832903000000,1788580892941000000,10220
writeAction.count,1788580832903000000,1788580892941000000,1
LowMemory.gcLoad,1788580832903000000,1788580892941000000,0.006020356330636552
DiskQueryRelay.tasksExecuted,1788580832903000000,1788580892941000000,19
writeAction.median.wait.ms,1788580832903000000,1788580892941000000,100
DiskQueryRelay.tasksRequested,1788580832903000000,1788580892941000000,19
LowMemory.gcOverloaded,1788580832903000000,1788580892941000000,0
FileNameCache.queries,1788580832903000000,1788580892941000000,0
VFS.cache.directoriesCreated,1788580832903000000,1788580892941000000,0
VFS.cache.filesCreated,1788580832903000000,1788580892941000000,14
VFS.ContentWriter.totalTimeSpentOnAsyncOperationsUs,1788580832903000000,1788580892941000000,0
VFS.fileByIdCache.misses,1788580832903000000,1788580892941000000,3
VFS.contentStorage.recordsStoredCompressed,1788580832903000000,1788580892941000000,0
VFS.folderCaseSensitivityReads,1788580832903000000,1788580892941000000,0
VFS.contentStorage.recordsStored,1788580832903000000,1788580892941000000,0
VFS.contentStorage.recordsRead,1788580832903000000,1788580892941000000,0
VFS.contentStorage.recordsReadSize,1788580832903000000,1788580892941000000,0
VFS.invertedFileNameIndex.requests,1788580832903000000,1788580892941000000,0
VFS.cache.segmentsCreated,1788580832903000000,1788580892941000000,0
VFS.ContentWriter.totalTasksExecutedAsync,1788580832903000000,1788580892941000000,0
VFS.fileByIdCache.hits,1788580832903000000,1788580892941000000,0
VFS.contentStorage.recordsDeduplicated,1788580832903000000,1788580892941000000,0
VFS.cache.segments,1788580832903000000,1788580892941000000,315
VFS.contentStorage.recordsDecompressionTimeUs,1788580832903000000,1788580892941000000,0
VFS.ContentWriter.totalTimeSpentOnSyncOperationsUs,1788580832903000000,1788580892941000000,0
VFS.contentStorage.recordsUncompressedSize,1788580832903000000,1788580892941000000,0
VFS.fileChildByName,1788580832903000000,1788580892941000000,132
VFS.contentStorage.recordsReadDecompressed,1788580832903000000,1788580892941000000,0
VFS.ContentWriter.totalFlushes,1788580832903000000,1788580892941000000,0
VFS.rootsCount,1788580832903000000,1788580892941000000,298.0
VFS.ContentWriter.totalTasksExecutedSync,1788580832903000000,1788580892941000000,0
FileNameCache.totalMisses,1788580832903000000,1788580892941000000,0
VFS.contentStorage.recordsStoredSize,1788580832903000000,1788580892941000000,0
ReadAction.executionsCount,1788580832903000000,1788580892941000000,632
FlushQueue.queueSize90P,1788580832903000000,1788580892941000000,0
NonBlockingReadAction.failedExecutionsCount,1788580832903000000,1788580892941000000,0
FlushQueue.queueSizeAvg,1788580832903000000,1788580892941000000,0.0
AWTEventQueue.dispatchTime90PNs,1788580832903000000,1788580892941000000,0
WriteAction.executionsCount,1788580832903000000,1788580892941000000,1
NonBlockingReadAction.failedExecutionTimeUs,1788580832903000000,1788580892941000000,0
AWTEventQueue.dispatchTimeTotalNS,1788580832903000000,1788580892941000000,2507012856
FlushQueue.executionTimeMaxNs,1788580832903000000,1788580892941000000,0
FlushQueue.waitingTimeAvgNs,1788580832903000000,1788580892941000000,0.0
AWTEventQueue.dispatchTimeMaxNs,1788580832903000000,1788580892941000000,0
FlushQueue.waitingTimeMaxNs,1788580832903000000,1788580892941000000,0
FlushQueue.waitingTime90PNs,1788580832903000000,1788580892941000000,0
AWTEventQueue.dispatchTimeAvgNs,1788580832903000000,1788580892941000000,0.0
AWTEventQueue.eventsDispatched,1788580832903000000,1788580892941000000,0
NonBlockingReadAction.finalizedExecutionTimeUs,1788580832903000000,1788580892941000000,145530
NonBlockingReadAction.finalizedExecutionsCount,1788580832903000000,1788580892941000000,10
FlushQueue.executionTimeAvgNs,1788580832903000000,1788580892941000000,0.0
FlushQueue.tasksExecuted,1788580832903000000,1788580892941000000,0
FlushQueue.executionTime90PNs,1788580832903000000,1788580892941000000,0
FlushQueue.queueSizeMax,1788580832903000000,1788580892941000000,0
FilePageCache.pageFastCacheHits,1788580832903000000,1788580892941000000,197
FilePageCache.WAL.entriesFlushedOnClose,1788580832903000000,1788580892941000000,0
FilePageCache.WAL.entriesFlushedOnForce,1788580832903000000,1788580892941000000,0
MappedFileStorage.totalPagesMapped,1788580832903000000,1788580892941000000,17
FilePageCache.totalBytesStored,1788580832903000000,1788580892941000000,1558
StreamlinedBlobStorage.totalLiveRecordsCapacityBytes,1788580832903000000,1788580892941000000,0
FilePageCache.WAL.bytesCopiedByApplyUnfinished,1788580832903000000,1788580892941000000,0
FilePageCache.maxCacheSizeInBytes,1788580832903000000,1788580892941000000,629153792
StorageLockContext.competingThreads.max,1788580832903000000,1788580892941000000,0
StreamlinedBlobStorage.recordsRelocated,1788580832903000000,1788580892941000000,0
FilePageCache.WAL.entriesFlushed,1788580832903000000,1788580892941000000,0
FilePageCache.disposedBuffers,1788580832903000000,1788580892941000000,6
MappedFileStorage.storages,1788580832903000000,1788580892941000000,17
FilePageCache.totalPageLoadsUs,1788580832903000000,1788580892941000000,6408
FilePageCache.pageLoadsAboveSizeThreshold,1788580832903000000,1788580892941000000,0
FileChannelInterruptsRetryer.totalRetriedAttempts,1788580832903000000,1788580892941000000,0
FilePageCache.WAL.bytesQueued,1788580832903000000,1788580892941000000,0
StreamlinedBlobStorage.recordsDeleted,1788580832903000000,1788580892941000000,0
FilePageCache.totalPageStoresUs,1788580832903000000,1788580892941000000,38124
FilePageCache.pageLoads,1788580832903000000,1788580892941000000,6
FilePageCache.WAL.entriesFlushedOnRead,1788580832903000000,1788580892941000000,0
FilePageCache.WAL.flushesForcedByOverflow,1788580832903000000,1788580892941000000,0
DirectByteBufferAllocator.totalSizeOfBuffersAllocatedInBytes,1788580832903000000,1788580892941000000,3153920
FilePageCache.WAL.entriesFlushedOnTruncate,1788580832903000000,1788580892941000000,0
StorageLockContext.competingThreads.avg,1788580832903000000,1788580892941000000,0.0
DirectByteBufferAllocator.totalSizeOfBuffersCachedInBytes,1788580832903000000,1788580892941000000,49340416
FilePageCache.capacityInBytes,1788580832903000000,1788580892941000000,629145600
FilePageCache.totalPageDisposalsUs,1788580832903000000,1788580892941000000,40
FilePageCache.maxRegisteredFiles,1788580832903000000,1788580892941000000,1796
FilePageCache.pageHits,1788580832903000000,1788580892941000000,0
StorageLockContext.competingThreads.90P,1788580832903000000,1788580892941000000,0
FilePageCache.uncachedFileAccess,1788580832903000000,1788580892941000000,67
StreamlinedBlobStorage.recordsAllocated,1788580832903000000,1788580892941000000,0
DirectByteBufferAllocator.disposed,1788580832903000000,1788580892941000000,6
DirectByteBufferAllocator.reclaimed,1788580832903000000,1788580892941000000,6
StreamlinedBlobStorage.totalLiveRecordsPayloadBytes,1788580832903000000,1788580892941000000,0
MappedFileStorage.totalTimeSpentOnMappingUs,1788580832903000000,1788580892941000000,72260
MappedFileStorage.totalBytesMapped,1788580832903000000,1788580892941000000,266600448
DirectByteBufferAllocator.hits,1788580832903000000,1788580892941000000,0
DirectByteBufferAllocator.misses,1788580832903000000,1788580892941000000,6
cacheStateStorage.get.counter,1788580832903000000,1788580892941000000,2
cacheStateStorage.set.duration,1788580832903000000,1788580892941000000,1
cacheStateStorage.set.counter,1788580832903000000,1788580892941000000,10
cacheStateStorage.get.duration,1788580832903000000,1788580892941000000,7
Indexing.writer_3.totalTimeSpentWritingMs,1788580832903000000,1788580892941000000,0
Indexing.totalTimeIndexersSleptMs,1788580832903000000,1788580892941000000,0
Indexes.allKeys.lookups,1788580832903000000,1788580892941000000,1
Indexing.writesQueuedMax,1788580832903000000,1788580892941000000,0
Indexes.entries.lookupDurationAvgMs,1788580832903000000,1788580892941000000,0.0
Indexing.writer_1.totalTimeSpentWritingMs,1788580832903000000,1788580892941000000,0
Indexes.allKeys.lookupDuration90PMs,1788580832903000000,1788580892941000000,0.0
Indexes.stubs.lookupDurationMaxMs,1788580832903000000,1788580892941000000,0.0
Indexes.entries.lookupDuration90PMs,1788580832903000000,1788580892941000000,0.0
Indexes.entries.lookupDurationMaxMs,1788580832903000000,1788580892941000000,0.0
Indexing.writer_2.totalTimeSpentWritingMs,1788580832903000000,1788580892941000000,0
Indexes.stubs.lookupDuration90PMs,1788580832903000000,1788580892941000000,0.0
Indexing.writesQueuedMin,1788580832903000000,1788580892941000000,9223372036854775807
Indexing.writer_0.totalTimeSpentWritingMs,1788580832903000000,1788580892941000000,0
Indexing.cache.totalCacheAccesses,1788580832903000000,1788580892941000000,42
Indexes.entries.lookups,1788580832903000000,1788580892941000000,0
Indexes.stubs.lookupDurationAvgMs,1788580832903000000,1788580892941000000,0.0
Indexes.allKeys.lookupDurationMaxMs,1788580832903000000,1788580892941000000,0.0
Indexes.stubs.lookups,1788580832903000000,1788580892941000000,21
Indexing.cache.totalCacheEvicted,1788580832903000000,1788580892941000000,15
Indexes.allKeys.lookupDurationAvgMs,1788580832903000000,1788580892941000000,0.0
Indexing.cache.totalCacheMisses,1788580832903000000,1788580892941000000,15
workspaceModel.check.recursive.update.ms,1788580832903000000,1788580892941000000,0
workspaceModel.cachedValueWithParameters.calculated.count,1788580832903000000,1788580892941000000,0
workspaceModel.loading.total.ms,1788580832903000000,1788580892941000000,0
workspaceModel.workspaceFileIndexData.visitFileSets.ms,1788580832903000000,1788580892941000000,0
workspaceModel.cachedValue.from.cache.count,1788580832903000000,1788580892941000000,2
workspaceModel.non.incremental.contributors.total.update.time.ms,1788580832903000000,1788580892941000000,0
workspaceModel.workspaceFileIndexData.markDirty.ms,1788580832903000000,1788580892941000000,0
workspaceModel.cachedValueWithParameters.clear.count,1788580832903000000,1788580892941000000,0
workspaceModel.cachedValue.total.get.count,1788580832903000000,1788580892941000000,2
workspaceModel.non.incremental.contributors.file.sets.computation.time.ms,1788580832903000000,1788580892941000000,0
workspaceModel.collect.changes.ms,1788580832903000000,1788580892941000000,0
workspaceModel.cachedValueWithParameters.total.get.count,1788580832903000000,1788580892941000000,0
workspaceModel.update.unloaded.entities.ms,1788580832903000000,1788580892941000000,0
workspaceModel.cachedValue.clear.count,1788580832903000000,1788580892941000000,0
workspaceModel.cachedValue.calculated.count,1788580832903000000,1788580892941000000,0
workspaceModel.loading.from.cache.ms,1788580832903000000,1788580892941000000,0
workspaceModel.updates.ms,1788580832903000000,1788580892941000000,0
workspaceModel.workspaceFileIndexData.getFileInfo.ms,1788580832903000000,1788580892941000000,1
workspaceModel.replace.project.model.ms,1788580832903000000,1788580892941000000,0
workspaceModel.updates.count,1788580832903000000,1788580892941000000,0
workspaceModel.on.changed.ms,1788580832903000000,1788580892941000000,0
workspaceModel.workspaceFileIndexData.getPackageName.ms,1788580832903000000,1788580892941000000,0
workspaceModel.workspaceFileIndexData.processFileSets.ms,1788580832903000000,1788580892941000000,0
workspaceModel.pre.handlers.ms,1788580832903000000,1788580892941000000,0
workspaceModel.to.snapshot.ms,1788580832903000000,1788580892941000000,0
workspaceModel.workspaceFileIndexData.getDirectoriesByPackageName.ms,1788580832903000000,1788580892941000000,0
workspaceModel.init.bridges.ms,1788580832903000000,1788580892941000000,0
workspaceModel.workspaceFileIndexData.init.ms,1788580832903000000,1788580892941000000,0
workspaceModel.entityStorageSnapshotImpl.instances.count,1788580832903000000,1788580892941000000,0
workspaceModel.updates.precise.ms,1788580832903000000,1788580892941000000,0
workspaceModel.initializing.ms,1788580832903000000,1788580892941000000,0
workspaceModel.cachedValueWithParameters.from.cache.count,1788580832903000000,1788580892941000000,0
workspaceModel.full.replace.project.model.ms,1788580832903000000,1788580892941000000,0
workspaceModel.workspaceFileIndexData.updateDirtyEntities.ms,1788580832903000000,1788580892941000000,0
workspaceModel.on.before.changed.ms,1788580832903000000,1788580892941000000,0
workspaceModel.workspaceFileIndexData.onEntitiesChanged.ms,1788580832903000000,1788580892941000000,0
workspaceModel.non.incremental.contributors.exclude.roots.computation.time.ms,1788580832903000000,1788580892941000000,0
workspaceModel.workspaceFileIndexContributor.registerFileSets.ms,1788580832903000000,1788580892941000000,0
workspaceModel.workspaceFileIndexData.instances.count,1788580832903000000,1788580892941000000,0
compiler.ArtifactVirtualFileListener.propertyChanged.ms,1788580832903000000,1788580892941000000,0
compiler.ArtifactVirtualFileListener.filePathChanged.ms,1788580832903000000,1788580892941000000,0
compiler.ArtifactManagerBridge.findArtifact.ms,1788580832903000000,1788580892941000000,0
compiler.ArtifactManagerBridge.getArtifacts.ms,1788580832903000000,1788580892941000000,0
compiler.ArtifactManagerBridge.dropMappings.ms,1788580832903000000,1788580892941000000,0
compiler.ArtifactManagerBridge.commit.ms,1788580832903000000,1788580892941000000,0
compiler.ArtifactManagerBridge.getArtifactsByType.ms,1788580832903000000,1788580892941000000,0
compiler.ArtifactManagerBridge.addArtifact.ms,1788580832903000000,1788580892941000000,0
compiler.ArtifactManagerBridge.initBridges.ms,1788580832903000000,1788580892941000000,0
JVM.GC.collectionTimesMs,1788580832903000000,1788580892941000000,716
MEM.ramMinusFileMappingsBytes,1788580832903000000,1788580892941000000,218251264
JVM.usedNativeBytes,1788580832903000000,1788580892941000000,663054808
JVM.totalCpuTimeMs,1788580832903000000,1788580892941000000,11440
JVM.maxThreadCount,1788580832903000000,1788580892941000000,172
JVM.threadCount,1788580832903000000,1788580892941000000,85
JVM.GC.collections,1788580832903000000,1788580892941000000,2
JVM.totalTimeToSafepointsMs,1788580832903000000,1788580892941000000,3
MEM.ramBytes,1788580832903000000,1788580892941000000,246300672
JVM.committedHeapBytes,1788580832903000000,1788580892941000000,1174405120
JVM.usedHeapBytes,1788580832903000000,1788580892941000000,701444184
JVM.totalDirectByteBuffersBytes,1788580832903000000,1788580892941000000,3414024
MEM.ramPlusSwapMinusFileMappingsBytes,1788580832903000000,1788580892941000000,2221702208
JVM.totalSafepointCount,1788580832903000000,1788580892941000000,2
JVM.totalBytesAllocated,1788580832903000000,1788580892941000000,177779216
OS.loadAverage,1788580832903000000,1788580892941000000,3.4619140625
MEM.fileMappingsRamBytes,1788580832903000000,1788580892941000000,28049408
JVM.newThreadsCount,1788580832903000000,1788580892941000000,7
JVM.maxHeapBytes,1788580832903000000,1788580892941000000,2147483648
JVM.totalTimeAtSafepointsMs,1788580832903000000,1788580892941000000,716
workspaceModel.mutableEntityStorage.changeLog.addReplaceEventForNewChild.ms,1788580892941000000,1788580952943000000,0
jps.facet.change.listener.init.bridge.ms,1788580892941000000,1788580952943000000,0
jps.global.get.library.ms,1788580892941000000,1788580952943000000,0
workspaceModel.moduleBridge.update.option.ms,1788580892941000000,1788580952943000000,0
workspaceModel.moduleBridgeLoader.loading.modules.ms,1788580892941000000,1788580952943000000,0
workspaceModel.global.apply.state.to.project.builder.ms,1788580892941000000,1788580952943000000,0
jps.library.entities.serializer.load.entities.ms,1788580892941000000,1788580952943000000,0
workspaceModel.moduleBridge.facet.initialization.ms,1788580892941000000,1788580952943000000,0
jps.global.handle.changed.events.ms,1788580892941000000,1788580952943000000,0
jps.modifiable.module.model.bridge.disposing.ms,1788580892941000000,1788580952943000000,0
workspaceModel.moduleManagerBridge.create.module.instance.ms,1788580892941000000,1788580952943000000,0
jps.reload.project.entities.ms,1788580892941000000,1788580952943000000,0
jps.app.storage.content.reader.load.component.ms,1788580892941000000,1788580952943000000,0
jps.modifiable.module.model.bridge.renaming.ms,1788580892941000000,1788580952943000000,0
workspaceModel.sync.entities.ms,1788580892941000000,1788580952943000000,0
jps.artifact.entities.serializer.save.entities.ms,1788580892941000000,1788580952943000000,0
workspaceModel.moduleManagerBridge.new.nonPersistent.module.ms,1788580892941000000,1788580952943000000,0
jps.app.storage.content.writer.save.component.ms,1788580892941000000,1788580952943000000,25
workspaceModel.mutableEntityStorage.add.entity.ms,1788580892941000000,1788580952943000000,0
workspaceModel.moduleBridge.before.changed.ms,1788580892941000000,1788580952943000000,0
jps.global.handle.before.change.events.ms,1788580892941000000,1788580952943000000,0
workspaceModel.mutableEntityStorage.mutable.ext.mapping.ms,1788580892941000000,1788580952943000000,0
jps.save.changed.project.entities.ms,1788580892941000000,1788580952943000000,7
jps.module.iml.entities.serializer.save.entities.ms,1788580892941000000,1788580952943000000,0
workspaceModel.moduleManagerBridge.set.unloadedModules.ms,1788580892941000000,1788580952943000000,0
workspaceModel.mutableEntityStorage.changeLog.addReplaceEventForRemovedChild.ms,1788580892941000000,1788580952943000000,0
workspaceModel.mutableEntityStorage.changeLog.addReplaceEventForRemovedParent.ms,1788580892941000000,1788580952943000000,0
jps.global.get.library.by.name.ms,1788580892941000000,1788580952943000000,0
workspaceModel.global.apply.state.to.project.ms,1788580892941000000,1788580952943000000,0
workspaceModel.moduleManagerBridge.load.module.ms,1788580892941000000,1788580952943000000,0
workspaceModel.mutableEntityStorage.mutable.vfurl.index.ms,1788580892941000000,1788580952943000000,0
workspaceModel.mutableEntityStorage.entities.ms,1788580892941000000,1788580952943000000,0
jps.global.initialize.library.bridges.after.loading.ms,1788580892941000000,1788580952943000000,0
workspaceModel.mutableEntityStorage.apply.changes.from.ms,1788580892941000000,1788580952943000000,0
workspaceModel.load.cache.metadata.from.file.ms,1788580892941000000,1788580952943000000,0
jps.save.global.entities.ms,1788580892941000000,1788580952943000000,39
workspaceModel.global.updates.ms,1788580892941000000,1788580952943000000,0
workspaceModel.mutableEntityStorage.changeLog.addReplaceEventForNewParent.ms,1788580892941000000,1788580952943000000,0
workspaceModel.mutableEntityStorage.has.same.entities.ms,1788580892941000000,1788580952943000000,0
workspaceModel.mutableEntityStorage.put.entity.ms,1788580892941000000,1788580952943000000,0
jps.load.project.to.empty.storage.ms,1788580892941000000,1788580952943000000,0
jps.project.serializers.load.ms,1788580892941000000,1788580952943000000,0
jps.load.initial.state.ms,1788580892941000000,1788580952943000000,0
workspaceModel.mutableEntityStorage.replace.by.source.ms,1788580892941000000,1788580952943000000,0
workspaceModel.save.cache.to.file.ms,1788580892941000000,1788580952943000000,0
workspaceModel.moduleManagerBridge.newModule.ms,1788580892941000000,1788580952943000000,0
jps.apply.loaded.storage.ms,1788580892941000000,1788580952943000000,0
jps.modifiable.module.model.bridge.new.module.ms,1788580892941000000,1788580952943000000,0
workspaceModel.mutableEntityStorage.entities.by.source.ms,1788580892941000000,1788580952943000000,0
workspaceModel.load.cache.from.file.ms,1788580892941000000,1788580952943000000,0
workspaceModel.mutableEntityStorage.hasReferrers.ms,1788580892941000000,1788580952943000000,0
jps.module.dependency.index.workspace.model.listener.on.changed.ms,1788580892941000000,1788580952943000000,0
jps.global.initialize.library.bridges.ms,1788580892941000000,1788580952943000000,0
workspaceModel.mutableEntityStorage.instances.count,1788580892941000000,1788580952943000000,0
jps.library.entities.serializer.save.entities.ms,1788580892941000000,1788580952943000000,0
workspaceModel.do.save.caches.ms,1788580892941000000,1788580952943000000,0
workspaceModel.moduleManagerBridge.build.module.graph.ms,1788580892941000000,1788580952943000000,0
jps.global.get.libraries.ms,1788580892941000000,1788580952943000000,0
workspaceModel.moduleManagerBridge.get.modules.ms,1788580892941000000,1788580952943000000,0
workspaceModel.mutableEntityStorage.referrers.ms,1788580892941000000,1788580952943000000,0
jps.storage.jps.conf.reader.load.component.ms,1788580892941000000,1788580952943000000,0
jps.modifiable.module.model.bridge.load.module.ms,1788580892941000000,1788580952943000000,0
workspaceModel.orphan.listener.update.ms,1788580892941000000,1788580952943000000,0
jps.module.iml.entities.serializer.load.entities.ms,1788580892941000000,1788580952943000000,0
workspaceModel.mutableEntityStorage.to.snapshot.ms,1788580892941000000,1788580952943000000,0
jps.facet.change.listener.process.change.events.ms,1788580892941000000,1788580952943000000,0
workspaceModel.mutableEntityStorage.collect.changes.ms,1788580892941000000,1788580952943000000,0
workspaceModel.moduleManagerBridge.load.all.modules.ms,1788580892941000000,1788580952943000000,0
workspaceModel.mutableEntityStorage.modify.entity.ms,1788580892941000000,1788580952943000000,0
workspaceModel.mutableEntityStorage.resolve.ms,1788580892941000000,1788580952943000000,0
workspaceModel.global.updates.count,1788580892941000000,1788580952943000000,0
jps.artifact.entities.serializer.load.entities.ms,1788580892941000000,1788580952943000000,0
workspaceModel.mutableEntityStorage.remove.entity.ms,1788580892941000000,1788580952943000000,0
jps.project.serializers.save.ms,1788580892941000000,1788580952943000000,5
jps.facet.change.listener.before.change.events.ms,1788580892941000000,1788580952943000000,0
DiskQueryRelay.taskExecutionTotalTimeUs,1788580892941000000,1788580952943000000,424521
writeAction.max.wait.ms,1788580892941000000,1788580952943000000,70
writeAction.wait.ms,1788580892941000000,1788580952943000000,0
DiskQueryRelay.taskWaitingTotalTimeUs,1788580892941000000,1788580952943000000,427973
writeAction.count,1788580892941000000,1788580952943000000,1
LowMemory.gcLoad,1788580892941000000,1788580952943000000,0.012106135724684159
DiskQueryRelay.tasksExecuted,1788580892941000000,1788580952943000000,362
writeAction.median.wait.ms,1788580892941000000,1788580952943000000,100
DiskQueryRelay.tasksRequested,1788580892941000000,1788580952943000000,362
LowMemory.gcOverloaded,1788580892941000000,1788580952943000000,0
FileNameCache.queries,1788580892941000000,1788580952943000000,5440
VFS.cache.directoriesCreated,1788580892941000000,1788580952943000000,0
VFS.cache.filesCreated,1788580892941000000,1788580952943000000,1102
VFS.ContentWriter.totalTimeSpentOnAsyncOperationsUs,1788580892941000000,1788580952943000000,0
VFS.fileByIdCache.misses,1788580892941000000,1788580952943000000,2
VFS.contentStorage.recordsStoredCompressed,1788580892941000000,1788580952943000000,0
VFS.folderCaseSensitivityReads,1788580892941000000,1788580952943000000,0
VFS.contentStorage.recordsStored,1788580892941000000,1788580952943000000,0
VFS.contentStorage.recordsRead,1788580892941000000,1788580952943000000,0
VFS.contentStorage.recordsReadSize,1788580892941000000,1788580952943000000,0
VFS.invertedFileNameIndex.requests,1788580892941000000,1788580952943000000,0
VFS.cache.segmentsCreated,1788580892941000000,1788580952943000000,0
VFS.ContentWriter.totalTasksExecutedAsync,1788580892941000000,1788580952943000000,0
VFS.fileByIdCache.hits,1788580892941000000,1788580952943000000,0
VFS.contentStorage.recordsDeduplicated,1788580892941000000,1788580952943000000,0
VFS.cache.segments,1788580892941000000,1788580952943000000,315
VFS.contentStorage.recordsDecompressionTimeUs,1788580892941000000,1788580952943000000,0
VFS.ContentWriter.totalTimeSpentOnSyncOperationsUs,1788580892941000000,1788580952943000000,0
VFS.contentStorage.recordsUncompressedSize,1788580892941000000,1788580952943000000,0
VFS.fileChildByName,1788580892941000000,1788580952943000000,207
VFS.contentStorage.recordsReadDecompressed,1788580892941000000,1788580952943000000,0
VFS.ContentWriter.totalFlushes,1788580892941000000,1788580952943000000,0
VFS.rootsCount,1788580892941000000,1788580952943000000,298.0
VFS.ContentWriter.totalTasksExecutedSync,1788580892941000000,1788580952943000000,0
FileNameCache.totalMisses,1788580892941000000,1788580952943000000,0
VFS.contentStorage.recordsStoredSize,1788580892941000000,1788580952943000000,0
ReadAction.executionsCount,1788580892941000000,1788580952943000000,2086
FlushQueue.queueSize90P,1788580892941000000,1788580952943000000,0
NonBlockingReadAction.failedExecutionsCount,1788580892941000000,1788580952943000000,0
FlushQueue.queueSizeAvg,1788580892941000000,1788580952943000000,0.0
AWTEventQueue.dispatchTime90PNs,1788580892941000000,1788580952943000000,0
WriteAction.executionsCount,1788580892941000000,1788580952943000000,1
NonBlockingReadAction.failedExecutionTimeUs,1788580892941000000,1788580952943000000,0
AWTEventQueue.dispatchTimeTotalNS,1788580892941000000,1788580952943000000,3154664135
FlushQueue.executionTimeMaxNs,1788580892941000000,1788580952943000000,0
FlushQueue.waitingTimeAvgNs,1788580892941000000,1788580952943000000,0.0
AWTEventQueue.dispatchTimeMaxNs,1788580892941000000,1788580952943000000,0
FlushQueue.waitingTimeMaxNs,1788580892941000000,1788580952943000000,0
FlushQueue.waitingTime90PNs,1788580892941000000,1788580952943000000,0
AWTEventQueue.dispatchTimeAvgNs,1788580892941000000,1788580952943000000,0.0
AWTEventQueue.eventsDispatched,1788580892941000000,1788580952943000000,0
NonBlockingReadAction.finalizedExecutionTimeUs,1788580892941000000,1788580952943000000,1126136
NonBlockingReadAction.finalizedExecutionsCount,1788580892941000000,1788580952943000000,19
FlushQueue.executionTimeAvgNs,1788580892941000000,1788580952943000000,0.0
FlushQueue.tasksExecuted,1788580892941000000,1788580952943000000,0
FlushQueue.executionTime90PNs,1788580892941000000,1788580952943000000,0
FlushQueue.queueSizeMax,1788580892941000000,1788580952943000000,0
FilePageCache.pageFastCacheHits,1788580892941000000,1788580952943000000,195
FilePageCache.WAL.entriesFlushedOnClose,1788580892941000000,1788580952943000000,0
FilePageCache.WAL.entriesFlushedOnForce,1788580892941000000,1788580952943000000,0
MappedFileStorage.totalPagesMapped,1788580892941000000,1788580952943000000,17
FilePageCache.totalBytesStored,1788580892941000000,1788580952943000000,1394
StreamlinedBlobStorage.totalLiveRecordsCapacityBytes,1788580892941000000,1788580952943000000,0
FilePageCache.WAL.bytesCopiedByApplyUnfinished,1788580892941000000,1788580952943000000,0
FilePageCache.maxCacheSizeInBytes,1788580892941000000,1788580952943000000,629153792
StorageLockContext.competingThreads.max,1788580892941000000,1788580952943000000,0
StreamlinedBlobStorage.recordsRelocated,1788580892941000000,1788580952943000000,0
FilePageCache.WAL.entriesFlushed,1788580892941000000,1788580952943000000,0
FilePageCache.disposedBuffers,1788580892941000000,1788580952943000000,6
MappedFileStorage.storages,1788580892941000000,1788580952943000000,17
FilePageCache.totalPageLoadsUs,1788580892941000000,1788580952943000000,4972
FilePageCache.pageLoadsAboveSizeThreshold,1788580892941000000,1788580952943000000,0
FileChannelInterruptsRetryer.totalRetriedAttempts,1788580892941000000,1788580952943000000,0
FilePageCache.WAL.bytesQueued,1788580892941000000,1788580952943000000,0
StreamlinedBlobStorage.recordsDeleted,1788580892941000000,1788580952943000000,0
FilePageCache.totalPageStoresUs,1788580892941000000,1788580952943000000,55873
FilePageCache.pageLoads,1788580892941000000,1788580952943000000,6
FilePageCache.WAL.entriesFlushedOnRead,1788580892941000000,1788580952943000000,0
FilePageCache.WAL.flushesForcedByOverflow,1788580892941000000,1788580952943000000,0
DirectByteBufferAllocator.totalSizeOfBuffersAllocatedInBytes,1788580892941000000,1788580952943000000,3153920
FilePageCache.WAL.entriesFlushedOnTruncate,1788580892941000000,1788580952943000000,0
StorageLockContext.competingThreads.avg,1788580892941000000,1788580952943000000,0.0
DirectByteBufferAllocator.totalSizeOfBuffersCachedInBytes,1788580892941000000,1788580952943000000,52510720
FilePageCache.capacityInBytes,1788580892941000000,1788580952943000000,629145600
FilePageCache.totalPageDisposalsUs,1788580892941000000,1788580952943000000,6
FilePageCache.maxRegisteredFiles,1788580892941000000,1788580952943000000,1796
FilePageCache.pageHits,1788580892941000000,1788580952943000000,0
StorageLockContext.competingThreads.90P,1788580892941000000,1788580952943000000,0
FilePageCache.uncachedFileAccess,1788580892941000000,1788580952943000000,67
StreamlinedBlobStorage.recordsAllocated,1788580892941000000,1788580952943000000,0
DirectByteBufferAllocator.disposed,1788580892941000000,1788580952943000000,6
DirectByteBufferAllocator.reclaimed,1788580892941000000,1788580952943000000,6
StreamlinedBlobStorage.totalLiveRecordsPayloadBytes,1788580892941000000,1788580952943000000,0
MappedFileStorage.totalTimeSpentOnMappingUs,1788580892941000000,1788580952943000000,72260
MappedFileStorage.totalBytesMapped,1788580892941000000,1788580952943000000,266600448
DirectByteBufferAllocator.hits,1788580892941000000,1788580952943000000,0
DirectByteBufferAllocator.misses,1788580892941000000,1788580952943000000,6
cacheStateStorage.get.counter,1788580892941000000,1788580952943000000,0
cacheStateStorage.set.duration,1788580892941000000,1788580952943000000,0
cacheStateStorage.set.counter,1788580892941000000,1788580952943000000,0
cacheStateStorage.get.duration,1788580892941000000,1788580952943000000,0
Indexing.writer_3.totalTimeSpentWritingMs,1788580892941000000,1788580952943000000,0
Indexing.totalTimeIndexersSleptMs,1788580892941000000,1788580952943000000,0
Indexes.allKeys.lookups,1788580892941000000,1788580952943000000,1
Indexing.writesQueuedMax,1788580892941000000,1788580952943000000,0
Indexes.entries.lookupDurationAvgMs,1788580892941000000,1788580952943000000,0.0
Indexing.writer_1.totalTimeSpentWritingMs,1788580892941000000,1788580952943000000,0
Indexes.allKeys.lookupDuration90PMs,1788580892941000000,1788580952943000000,0.0
Indexes.stubs.lookupDurationMaxMs,1788580892941000000,1788580952943000000,0.0
Indexes.entries.lookupDuration90PMs,1788580892941000000,1788580952943000000,0.0
Indexes.entries.lookupDurationMaxMs,1788580892941000000,1788580952943000000,0.0
Indexing.writer_2.totalTimeSpentWritingMs,1788580892941000000,1788580952943000000,0
Indexes.stubs.lookupDuration90PMs,1788580892941000000,1788580952943000000,0.0
Indexing.writesQueuedMin,1788580892941000000,1788580952943000000,9223372036854775807
Indexing.writer_0.totalTimeSpentWritingMs,1788580892941000000,1788580952943000000,0
Indexing.cache.totalCacheAccesses,1788580892941000000,1788580952943000000,28
Indexes.entries.lookups,1788580892941000000,1788580952943000000,0
Indexes.stubs.lookupDurationAvgMs,1788580892941000000,1788580952943000000,0.0
Indexes.allKeys.lookupDurationMaxMs,1788580892941000000,1788580952943000000,0.0
Indexes.stubs.lookups,1788580892941000000,1788580952943000000,14
Indexing.cache.totalCacheEvicted,1788580892941000000,1788580952943000000,10
Indexes.allKeys.lookupDurationAvgMs,1788580892941000000,1788580952943000000,0.0
Indexing.cache.totalCacheMisses,1788580892941000000,1788580952943000000,10
workspaceModel.check.recursive.update.ms,1788580892941000000,1788580952943000000,0
workspaceModel.cachedValueWithParameters.calculated.count,1788580892941000000,1788580952943000000,0
workspaceModel.loading.total.ms,1788580892941000000,1788580952943000000,0
workspaceModel.workspaceFileIndexData.visitFileSets.ms,1788580892941000000,1788580952943000000,0
workspaceModel.cachedValue.from.cache.count,1788580892941000000,1788580952943000000,8
workspaceModel.non.incremental.contributors.total.update.time.ms,1788580892941000000,1788580952943000000,0
workspaceModel.workspaceFileIndexData.markDirty.ms,1788580892941000000,1788580952943000000,0
workspaceModel.cachedValueWithParameters.clear.count,1788580892941000000,1788580952943000000,0
workspaceModel.cachedValue.total.get.count,1788580892941000000,1788580952943000000,8
workspaceModel.non.incremental.contributors.file.sets.computation.time.ms,1788580892941000000,1788580952943000000,0
workspaceModel.collect.changes.ms,1788580892941000000,1788580952943000000,0
workspaceModel.cachedValueWithParameters.total.get.count,1788580892941000000,1788580952943000000,0
workspaceModel.update.unloaded.entities.ms,1788580892941000000,1788580952943000000,0
workspaceModel.cachedValue.clear.count,1788580892941000000,1788580952943000000,0
workspaceModel.cachedValue.calculated.count,1788580892941000000,1788580952943000000,0
workspaceModel.loading.from.cache.ms,1788580892941000000,1788580952943000000,0
workspaceModel.updates.ms,1788580892941000000,1788580952943000000,0
workspaceModel.workspaceFileIndexData.getFileInfo.ms,1788580892941000000,1788580952943000000,5
workspaceModel.replace.project.model.ms,1788580892941000000,1788580952943000000,0
workspaceModel.updates.count,1788580892941000000,1788580952943000000,0
workspaceModel.on.changed.ms,1788580892941000000,1788580952943000000,0
workspaceModel.workspaceFileIndexData.getPackageName.ms,1788580892941000000,1788580952943000000,0
workspaceModel.workspaceFileIndexData.processFileSets.ms,1788580892941000000,1788580952943000000,0
workspaceModel.pre.handlers.ms,1788580892941000000,1788580952943000000,0
workspaceModel.to.snapshot.ms,1788580892941000000,1788580952943000000,0
workspaceModel.workspaceFileIndexData.getDirectoriesByPackageName.ms,1788580892941000000,1788580952943000000,0
workspaceModel.init.bridges.ms,1788580892941000000,1788580952943000000,0
workspaceModel.workspaceFileIndexData.init.ms,1788580892941000000,1788580952943000000,0
workspaceModel.entityStorageSnapshotImpl.instances.count,1788580892941000000,1788580952943000000,0
workspaceModel.updates.precise.ms,1788580892941000000,1788580952943000000,0
workspaceModel.initializing.ms,1788580892941000000,1788580952943000000,0
workspaceModel.cachedValueWithParameters.from.cache.count,1788580892941000000,1788580952943000000,0
workspaceModel.full.replace.project.model.ms,1788580892941000000,1788580952943000000,0
workspaceModel.workspaceFileIndexData.updateDirtyEntities.ms,1788580892941000000,1788580952943000000,0
workspaceModel.on.before.changed.ms,1788580892941000000,1788580952943000000,0
workspaceModel.workspaceFileIndexData.onEntitiesChanged.ms,1788580892941000000,1788580952943000000,0
workspaceModel.non.incremental.contributors.exclude.roots.computation.time.ms,1788580892941000000,1788580952943000000,0
workspaceModel.workspaceFileIndexContributor.registerFileSets.ms,1788580892941000000,1788580952943000000,0
workspaceModel.workspaceFileIndexData.instances.count,1788580892941000000,1788580952943000000,0
compiler.ArtifactVirtualFileListener.propertyChanged.ms,1788580892941000000,1788580952943000000,0
compiler.ArtifactVirtualFileListener.filePathChanged.ms,1788580892941000000,1788580952943000000,0
compiler.ArtifactManagerBridge.findArtifact.ms,1788580892941000000,1788580952943000000,0
compiler.ArtifactManagerBridge.getArtifacts.ms,1788580892941000000,1788580952943000000,0
compiler.ArtifactManagerBridge.dropMappings.ms,1788580892941000000,1788580952943000000,0
compiler.ArtifactManagerBridge.commit.ms,1788580892941000000,1788580952943000000,0
compiler.ArtifactManagerBridge.getArtifactsByType.ms,1788580892941000000,1788580952943000000,0
compiler.ArtifactManagerBridge.addArtifact.ms,1788580892941000000,1788580952943000000,0
compiler.ArtifactManagerBridge.initBridges.ms,1788580892941000000,1788580952943000000,0
JVM.GC.collectionTimesMs,1788580892941000000,1788580952943000000,1096
MEM.ramMinusFileMappingsBytes,1788580892941000000,1788580952943000000,217448448
JVM.usedNativeBytes,1788580892941000000,1788580952943000000,663449912
JVM.totalCpuTimeMs,1788580892941000000,1788580952943000000,10477
JVM.maxThreadCount,1788580892941000000,1788580952943000000,172
JVM.threadCount,1788580892941000000,1788580952943000000,83
JVM.GC.collections,1788580892941000000,1788580952943000000,4
JVM.totalTimeToSafepointsMs,1788580892941000000,1788580952943000000,14
MEM.ramBytes,1788580892941000000,1788580952943000000,249069568
JVM.committedHeapBytes,1788580892941000000,1788580952943000000,1173356544
JVM.usedHeapBytes,1788580892941000000,1788580952943000000,699507832
JVM.totalDirectByteBuffersBytes,1788580892941000000,1788580952943000000,3414024
MEM.ramPlusSwapMinusFileMappingsBytes,1788580892941000000,1788580952943000000,2247244928
JVM.totalSafepointCount,1788580892941000000,1788580952943000000,4
JVM.totalBytesAllocated,1788580892941000000,1788580952943000000,88630536
OS.loadAverage,1788580892941000000,1788580952943000000,2.46875
MEM.fileMappingsRamBytes,1788580892941000000,1788580952943000000,31621120
JVM.newThreadsCount,1788580892941000000,1788580952943000000,1
JVM.maxHeapBytes,1788580892941000000,1788580952943000000,2147483648
JVM.totalTimeAtSafepointsMs,1788580892941000000,1788580952943000000,1098
workspaceModel.mutableEntityStorage.changeLog.addReplaceEventForNewChild.ms,1788580952943000000,1788581012930000000,0
jps.facet.change.listener.init.bridge.ms,1788580952943000000,1788581012930000000,0
jps.global.get.library.ms,1788580952943000000,1788581012930000000,0
workspaceModel.moduleBridge.update.option.ms,1788580952943000000,1788581012930000000,0
workspaceModel.moduleBridgeLoader.loading.modules.ms,1788580952943000000,1788581012930000000,0
workspaceModel.global.apply.state.to.project.builder.ms,1788580952943000000,1788581012930000000,0
jps.library.entities.serializer.load.entities.ms,1788580952943000000,1788581012930000000,0
workspaceModel.moduleBridge.facet.initialization.ms,1788580952943000000,1788581012930000000,0
jps.global.handle.changed.events.ms,1788580952943000000,1788581012930000000,0
jps.modifiable.module.model.bridge.disposing.ms,1788580952943000000,1788581012930000000,0
workspaceModel.moduleManagerBridge.create.module.instance.ms,1788580952943000000,1788581012930000000,0
jps.reload.project.entities.ms,1788580952943000000,1788581012930000000,0
jps.app.storage.content.reader.load.component.ms,1788580952943000000,1788581012930000000,0
jps.modifiable.module.model.bridge.renaming.ms,1788580952943000000,1788581012930000000,0
workspaceModel.sync.entities.ms,1788580952943000000,1788581012930000000,0
jps.artifact.entities.serializer.save.entities.ms,1788580952943000000,1788581012930000000,0
workspaceModel.moduleManagerBridge.new.nonPersistent.module.ms,1788580952943000000,1788581012930000000,0
jps.app.storage.content.writer.save.component.ms,1788580952943000000,1788581012930000000,0
workspaceModel.mutableEntityStorage.add.entity.ms,1788580952943000000,1788581012930000000,0
workspaceModel.moduleBridge.before.changed.ms,1788580952943000000,1788581012930000000,0
jps.global.handle.before.change.events.ms,1788580952943000000,1788581012930000000,0
workspaceModel.mutableEntityStorage.mutable.ext.mapping.ms,1788580952943000000,1788581012930000000,0
jps.save.changed.project.entities.ms,1788580952943000000,1788581012930000000,0
jps.module.iml.entities.serializer.save.entities.ms,1788580952943000000,1788581012930000000,0
workspaceModel.moduleManagerBridge.set.unloadedModules.ms,1788580952943000000,1788581012930000000,0
workspaceModel.mutableEntityStorage.changeLog.addReplaceEventForRemovedChild.ms,1788580952943000000,1788581012930000000,0
workspaceModel.mutableEntityStorage.changeLog.addReplaceEventForRemovedParent.ms,1788580952943000000,1788581012930000000,0
jps.global.get.library.by.name.ms,1788580952943000000,1788581012930000000,0
workspaceModel.global.apply.state.to.project.ms,1788580952943000000,1788581012930000000,0
workspaceModel.moduleManagerBridge.load.module.ms,1788580952943000000,1788581012930000000,0
workspaceModel.mutableEntityStorage.mutable.vfurl.index.ms,1788580952943000000,1788581012930000000,0
workspaceModel.mutableEntityStorage.entities.ms,1788580952943000000,1788581012930000000,0
jps.global.initialize.library.bridges.after.loading.ms,1788580952943000000,1788581012930000000,0
workspaceModel.mutableEntityStorage.apply.changes.from.ms,1788580952943000000,1788581012930000000,0
workspaceModel.load.cache.metadata.from.file.ms,1788580952943000000,1788581012930000000,0
jps.save.global.entities.ms,1788580952943000000,1788581012930000000,0
workspaceModel.global.updates.ms,1788580952943000000,1788581012930000000,0
workspaceModel.mutableEntityStorage.changeLog.addReplaceEventForNewParent.ms,1788580952943000000,1788581012930000000,0
workspaceModel.mutableEntityStorage.has.same.entities.ms,1788580952943000000,1788581012930000000,0
workspaceModel.mutableEntityStorage.put.entity.ms,1788580952943000000,1788581012930000000,0
jps.load.project.to.empty.storage.ms,1788580952943000000,1788581012930000000,0
jps.project.serializers.load.ms,1788580952943000000,1788581012930000000,0
jps.load.initial.state.ms,1788580952943000000,1788581012930000000,0
workspaceModel.mutableEntityStorage.replace.by.source.ms,1788580952943000000,1788581012930000000,0
workspaceModel.save.cache.to.file.ms,1788580952943000000,1788581012930000000,0
workspaceModel.moduleManagerBridge.newModule.ms,1788580952943000000,1788581012930000000,0
jps.apply.loaded.storage.ms,1788580952943000000,1788581012930000000,0
jps.modifiable.module.model.bridge.new.module.ms,1788580952943000000,1788581012930000000,0
workspaceModel.mutableEntityStorage.entities.by.source.ms,1788580952943000000,1788581012930000000,0
workspaceModel.load.cache.from.file.ms,1788580952943000000,1788581012930000000,0
workspaceModel.mutableEntityStorage.hasReferrers.ms,1788580952943000000,1788581012930000000,0
jps.module.dependency.index.workspace.model.listener.on.changed.ms,1788580952943000000,1788581012930000000,0
jps.global.initialize.library.bridges.ms,1788580952943000000,1788581012930000000,0
workspaceModel.mutableEntityStorage.instances.count,1788580952943000000,1788581012930000000,0
jps.library.entities.serializer.save.entities.ms,1788580952943000000,1788581012930000000,0
workspaceModel.do.save.caches.ms,1788580952943000000,1788581012930000000,0
workspaceModel.moduleManagerBridge.build.module.graph.ms,1788580952943000000,1788581012930000000,0
jps.global.get.libraries.ms,1788580952943000000,1788581012930000000,0
workspaceModel.moduleManagerBridge.get.modules.ms,1788580952943000000,1788581012930000000,0
workspaceModel.mutableEntityStorage.referrers.ms,1788580952943000000,1788581012930000000,0
jps.storage.jps.conf.reader.load.component.ms,1788580952943000000,1788581012930000000,0
jps.modifiable.module.model.bridge.load.module.ms,1788580952943000000,1788581012930000000,0
workspaceModel.orphan.listener.update.ms,1788580952943000000,1788581012930000000,0
jps.module.iml.entities.serializer.load.entities.ms,1788580952943000000,1788581012930000000,0
workspaceModel.mutableEntityStorage.to.snapshot.ms,1788580952943000000,1788581012930000000,0
jps.facet.change.listener.process.change.events.ms,1788580952943000000,1788581012930000000,0
workspaceModel.mutableEntityStorage.collect.changes.ms,1788580952943000000,1788581012930000000,0
workspaceModel.moduleManagerBridge.load.all.modules.ms,1788580952943000000,1788581012930000000,0
workspaceModel.mutableEntityStorage.modify.entity.ms,1788580952943000000,1788581012930000000,0
workspaceModel.mutableEntityStorage.resolve.ms,1788580952943000000,1788581012930000000,0
workspaceModel.global.updates.count,1788580952943000000,1788581012930000000,0
jps.artifact.entities.serializer.load.entities.ms,1788580952943000000,1788581012930000000,0
workspaceModel.mutableEntityStorage.remove.entity.ms,1788580952943000000,1788581012930000000,0
jps.project.serializers.save.ms,1788580952943000000,1788581012930000000,0
jps.facet.change.listener.before.change.events.ms,1788580952943000000,1788581012930000000,0
DiskQueryRelay.taskExecutionTotalTimeUs,1788580952943000000,1788581012930000000,0
writeAction.max.wait.ms,1788580952943000000,1788581012930000000,70
writeAction.wait.ms,1788580952943000000,1788581012930000000,0
DiskQueryRelay.taskWaitingTotalTimeUs,1788580952943000000,1788581012930000000,0
writeAction.count,1788580952943000000,1788581012930000000,0
LowMemory.gcLoad,1788580952943000000,1788581012930000000,0.006214116258214497
DiskQueryRelay.tasksExecuted,1788580952943000000,1788581012930000000,0
writeAction.median.wait.ms,1788580952943000000,1788581012930000000,100
DiskQueryRelay.tasksRequested,1788580952943000000,1788581012930000000,0
LowMemory.gcOverloaded,1788580952943000000,1788581012930000000,0
FileNameCache.queries,1788580952943000000,1788581012930000000,0
VFS.cache.directoriesCreated,1788580952943000000,1788581012930000000,0
VFS.cache.filesCreated,1788580952943000000,1788581012930000000,0
VFS.ContentWriter.totalTimeSpentOnAsyncOperationsUs,1788580952943000000,1788581012930000000,0
VFS.fileByIdCache.misses,1788580952943000000,1788581012930000000,0
VFS.contentStorage.recordsStoredCompressed,1788580952943000000,1788581012930000000,0
VFS.folderCaseSensitivityReads,1788580952943000000,1788581012930000000,0
VFS.contentStorage.recordsStored,1788580952943000000,1788581012930000000,0
VFS.contentStorage.recordsRead,1788580952943000000,1788581012930000000,0
VFS.contentStorage.recordsReadSize,1788580952943000000,1788581012930000000,0
VFS.invertedFileNameIndex.requests,1788580952943000000,1788581012930000000,0
VFS.cache.segmentsCreated,1788580952943000000,1788581012930000000,0
VFS.ContentWriter.totalTasksExecutedAsync,1788580952943000000,1788581012930000000,0
VFS.fileByIdCache.hits,1788580952943000000,1788581012930000000,0
VFS.contentStorage.recordsDeduplicated,1788580952943000000,1788581012930000000,0
VFS.cache.segments,1788580952943000000,1788581012930000000,315
VFS.contentStorage.recordsDecompressionTimeUs,1788580952943000000,1788581012930000000,0
VFS.ContentWriter.totalTimeSpentOnSyncOperationsUs,1788580952943000000,1788581012930000000,0
VFS.contentStorage.recordsUncompressedSize,1788580952943000000,1788581012930000000,0
VFS.fileChildByName,1788580952943000000,1788581012930000000,0
VFS.contentStorage.recordsReadDecompressed,1788580952943000000,1788581012930000000,0
VFS.ContentWriter.totalFlushes,1788580952943000000,1788581012930000000,0
VFS.rootsCount,1788580952943000000,1788581012930000000,298.0
VFS.ContentWriter.totalTasksExecutedSync,1788580952943000000,1788581012930000000,0
FileNameCache.totalMisses,1788580952943000000,1788581012930000000,0
VFS.contentStorage.recordsStoredSize,1788580952943000000,1788581012930000000,0
ReadAction.executionsCount,1788580952943000000,1788581012930000000,3
FlushQueue.queueSize90P,1788580952943000000,1788581012930000000,0
NonBlockingReadAction.failedExecutionsCount,1788580952943000000,1788581012930000000,0
FlushQueue.queueSizeAvg,1788580952943000000,1788581012930000000,0.0
AWTEventQueue.dispatchTime90PNs,1788580952943000000,1788581012930000000,0
WriteAction.executionsCount,1788580952943000000,1788581012930000000,0
NonBlockingReadAction.failedExecutionTimeUs,1788580952943000000,1788581012930000000,0
AWTEventQueue.dispatchTimeTotalNS,1788580952943000000,1788581012930000000,14855706
FlushQueue.executionTimeMaxNs,1788580952943000000,1788581012930000000,0
FlushQueue.waitingTimeAvgNs,1788580952943000000,1788581012930000000,0.0
AWTEventQueue.dispatchTimeMaxNs,1788580952943000000,1788581012930000000,0
FlushQueue.waitingTimeMaxNs,1788580952943000000,1788581012930000000,0
FlushQueue.waitingTime90PNs,1788580952943000000,1788581012930000000,0
AWTEventQueue.dispatchTimeAvgNs,1788580952943000000,1788581012930000000,0.0
AWTEventQueue.eventsDispatched,1788580952943000000,1788581012930000000,0
NonBlockingReadAction.finalizedExecutionTimeUs,1788580952943000000,1788581012930000000,0
NonBlockingReadAction.finalizedExecutionsCount,1788580952943000000,1788581012930000000,0
FlushQueue.executionTimeAvgNs,1788580952943000000,1788581012930000000,0.0
FlushQueue.tasksExecuted,1788580952943000000,1788581012930000000,0
FlushQueue.executionTime90PNs,1788580952943000000,1788581012930000000,0
FlushQueue.queueSizeMax,1788580952943000000,1788581012930000000,0
FilePageCache.pageFastCacheHits,1788580952943000000,1788581012930000000,180
FilePageCache.WAL.entriesFlushedOnClose,1788580952943000000,1788581012930000000,0
FilePageCache.WAL.entriesFlushedOnForce,1788580952943000000,1788581012930000000,0
MappedFileStorage.totalPagesMapped,1788580952943000000,1788581012930000000,17
FilePageCache.totalBytesStored,1788580952943000000,1788581012930000000,960
StreamlinedBlobStorage.totalLiveRecordsCapacityBytes,1788580952943000000,1788581012930000000,0
FilePageCache.WAL.bytesCopiedByApplyUnfinished,1788580952943000000,1788581012930000000,0
FilePageCache.maxCacheSizeInBytes,1788580952943000000,1788581012930000000,629153792
StorageLockContext.competingThreads.max,1788580952943000000,1788581012930000000,0
StreamlinedBlobStorage.recordsRelocated,1788580952943000000,1788581012930000000,0
FilePageCache.WAL.entriesFlushed,1788580952943000000,1788581012930000000,0
FilePageCache.disposedBuffers,1788580952943000000,1788581012930000000,0
MappedFileStorage.storages,1788580952943000000,1788581012930000000,17
FilePageCache.totalPageLoadsUs,1788580952943000000,1788581012930000000,0
FilePageCache.pageLoadsAboveSizeThreshold,1788580952943000000,1788581012930000000,0
FileChannelInterruptsRetryer.totalRetriedAttempts,1788580952943000000,1788581012930000000,0
FilePageCache.WAL.bytesQueued,1788580952943000000,1788581012930000000,0
StreamlinedBlobStorage.recordsDeleted,1788580952943000000,1788581012930000000,0
FilePageCache.totalPageStoresUs,1788580952943000000,1788581012930000000,42837
FilePageCache.pageLoads,1788580952943000000,1788581012930000000,0
FilePageCache.WAL.entriesFlushedOnRead,1788580952943000000,1788581012930000000,0
FilePageCache.WAL.flushesForcedByOverflow,1788580952943000000,1788581012930000000,0
DirectByteBufferAllocator.totalSizeOfBuffersAllocatedInBytes,1788580952943000000,1788581012930000000,3153920
FilePageCache.WAL.entriesFlushedOnTruncate,1788580952943000000,1788581012930000000,0
StorageLockContext.competingThreads.avg,1788580952943000000,1788581012930000000,0.0
DirectByteBufferAllocator.totalSizeOfBuffersCachedInBytes,1788580952943000000,1788581012930000000,52510720
FilePageCache.capacityInBytes,1788580952943000000,1788581012930000000,629145600
FilePageCache.totalPageDisposalsUs,1788580952943000000,1788581012930000000,0
FilePageCache.maxRegisteredFiles,1788580952943000000,1788581012930000000,1796
FilePageCache.pageHits,1788580952943000000,1788581012930000000,0
StorageLockContext.competingThreads.90P,1788580952943000000,1788581012930000000,0
FilePageCache.uncachedFileAccess,1788580952943000000,1788581012930000000,60
StreamlinedBlobStorage.recordsAllocated,1788580952943000000,1788581012930000000,0
DirectByteBufferAllocator.disposed,1788580952943000000,1788581012930000000,0
DirectByteBufferAllocator.reclaimed,1788580952943000000,1788581012930000000,0
StreamlinedBlobStorage.totalLiveRecordsPayloadBytes,1788580952943000000,1788581012930000000,0
MappedFileStorage.totalTimeSpentOnMappingUs,1788580952943000000,1788581012930000000,72260
MappedFileStorage.totalBytesMapped,1788580952943000000,1788581012930000000,266600448
DirectByteBufferAllocator.hits,1788580952943000000,1788581012930000000,0
DirectByteBufferAllocator.misses,1788580952943000000,1788581012930000000,0
cacheStateStorage.get.counter,1788580952943000000,1788581012930000000,0
cacheStateStorage.set.duration,1788580952943000000,1788581012930000000,0
cacheStateStorage.set.counter,1788580952943000000,1788581012930000000,0
cacheStateStorage.get.duration,1788580952943000000,1788581012930000000,0
Indexing.writer_3.totalTimeSpentWritingMs,1788580952943000000,1788581012930000000,0
Indexing.totalTimeIndexersSleptMs,1788580952943000000,1788581012930000000,0
Indexes.allKeys.lookups,1788580952943000000,1788581012930000000,0
Indexing.writesQueuedMax,1788580952943000000,1788581012930000000,0
Indexes.entries.lookupDurationAvgMs,1788580952943000000,1788581012930000000,0.0
Indexing.writer_1.totalTimeSpentWritingMs,1788580952943000000,1788581012930000000,0
Indexes.allKeys.lookupDuration90PMs,1788580952943000000,1788581012930000000,0.0
Indexes.stubs.lookupDurationMaxMs,1788580952943000000,1788581012930000000,0.0
Indexes.entries.lookupDuration90PMs,1788580952943000000,1788581012930000000,0.0
Indexes.entries.lookupDurationMaxMs,1788580952943000000,1788581012930000000,0.0
Indexing.writer_2.totalTimeSpentWritingMs,1788580952943000000,1788581012930000000,0
Indexes.stubs.lookupDuration90PMs,1788580952943000000,1788581012930000000,0.0
Indexing.writesQueuedMin,1788580952943000000,1788581012930000000,9223372036854775807
Indexing.writer_0.totalTimeSpentWritingMs,1788580952943000000,1788581012930000000,0
Indexing.cache.totalCacheAccesses,1788580952943000000,1788581012930000000,0
Indexes.entries.lookups,1788580952943000000,1788581012930000000,0
Indexes.stubs.lookupDurationAvgMs,1788580952943000000,1788581012930000000,0.0
Indexes.allKeys.lookupDurationMaxMs,1788580952943000000,1788581012930000000,0.0
Indexes.stubs.lookups,1788580952943000000,1788581012930000000,0
Indexing.cache.totalCacheEvicted,1788580952943000000,1788581012930000000,0
Indexes.allKeys.lookupDurationAvgMs,1788580952943000000,1788581012930000000,0.0
Indexing.cache.totalCacheMisses,1788580952943000000,1788581012930000000,0
workspaceModel.check.recursive.update.ms,1788580952943000000,1788581012930000000,0
workspaceModel.cachedValueWithParameters.calculated.count,1788580952943000000,1788581012930000000,0
workspaceModel.loading.total.ms,1788580952943000000,1788581012930000000,0
workspaceModel.workspaceFileIndexData.visitFileSets.ms,1788580952943000000,1788581012930000000,0
workspaceModel.cachedValue.from.cache.count,1788580952943000000,1788581012930000000,0
workspaceModel.non.incremental.contributors.total.update.time.ms,1788580952943000000,1788581012930000000,0
workspaceModel.workspaceFileIndexData.markDirty.ms,1788580952943000000,1788581012930000000,0
workspaceModel.cachedValueWithParameters.clear.count,1788580952943000000,1788581012930000000,0
workspaceModel.cachedValue.total.get.count,1788580952943000000,1788581012930000000,0
workspaceModel.non.incremental.contributors.file.sets.computation.time.ms,1788580952943000000,1788581012930000000,0
workspaceModel.collect.changes.ms,1788580952943000000,1788581012930000000,0
workspaceModel.cachedValueWithParameters.total.get.count,1788580952943000000,1788581012930000000,0
workspaceModel.update.unloaded.entities.ms,1788580952943000000,1788581012930000000,0
workspaceModel.cachedValue.clear.count,1788580952943000000,1788581012930000000,0
workspaceModel.cachedValue.calculated.count,1788580952943000000,1788581012930000000,0
workspaceModel.loading.from.cache.ms,1788580952943000000,1788581012930000000,0
workspaceModel.updates.ms,1788580952943000000,1788581012930000000,0
workspaceModel.workspaceFileIndexData.getFileInfo.ms,1788580952943000000,1788581012930000000,0
workspaceModel.replace.project.model.ms,1788580952943000000,1788581012930000000,0
workspaceModel.updates.count,1788580952943000000,1788581012930000000,0
workspaceModel.on.changed.ms,1788580952943000000,1788581012930000000,0
workspaceModel.workspaceFileIndexData.getPackageName.ms,1788580952943000000,1788581012930000000,0
workspaceModel.workspaceFileIndexData.processFileSets.ms,1788580952943000000,1788581012930000000,0
workspaceModel.pre.handlers.ms,1788580952943000000,1788581012930000000,0
workspaceModel.to.snapshot.ms,1788580952943000000,1788581012930000000,0
workspaceModel.workspaceFileIndexData.getDirectoriesByPackageName.ms,1788580952943000000,1788581012930000000,0
workspaceModel.init.bridges.ms,1788580952943000000,1788581012930000000,0
workspaceModel.workspaceFileIndexData.init.ms,1788580952943000000,1788581012930000000,0
workspaceModel.entityStorageSnapshotImpl.instances.count,1788580952943000000,1788581012930000000,0
workspaceModel.updates.precise.ms,1788580952943000000,1788581012930000000,0
workspaceModel.initializing.ms,1788580952943000000,1788581012930000000,0
workspaceModel.cachedValueWithParameters.from.cache.count,1788580952943000000,1788581012930000000,0
workspaceModel.full.replace.project.model.ms,1788580952943000000,1788581012930000000,0
workspaceModel.workspaceFileIndexData.updateDirtyEntities.ms,1788580952943000000,1788581012930000000,0
workspaceModel.on.before.changed.ms,1788580952943000000,1788581012930000000,0
workspaceModel.workspaceFileIndexData.onEntitiesChanged.ms,1788580952943000000,1788581012930000000,0
workspaceModel.non.incremental.contributors.exclude.roots.computation.time.ms,1788580952943000000,1788581012930000000,0
workspaceModel.workspaceFileIndexContributor.registerFileSets.ms,1788580952943000000,1788581012930000000,0
workspaceModel.workspaceFileIndexData.instances.count,1788580952943000000,1788581012930000000,0
compiler.ArtifactVirtualFileListener.propertyChanged.ms,1788580952943000000,1788581012930000000,0
compiler.ArtifactVirtualFileListener.filePathChanged.ms,1788580952943000000,1788581012930000000,0
compiler.ArtifactManagerBridge.findArtifact.ms,1788580952943000000,1788581012930000000,0
compiler.ArtifactManagerBridge.getArtifacts.ms,1788580952943000000,1788581012930000000,0
compiler.ArtifactManagerBridge.dropMappings.ms,1788580952943000000,1788581012930000000,0
compiler.ArtifactManagerBridge.commit.ms,1788580952943000000,1788581012930000000,0
compiler.ArtifactManagerBridge.getArtifactsByType.ms,1788580952943000000,1788581012930000000,0
compiler.ArtifactManagerBridge.addArtifact.ms,1788580952943000000,1788581012930000000,0
compiler.ArtifactManagerBridge.initBridges.ms,1788580952943000000,1788581012930000000,0
JVM.GC.collectionTimesMs,1788580952943000000,1788581012930000000,0
MEM.ramMinusFileMappingsBytes,1788580952943000000,1788581012930000000,309231616
JVM.usedNativeBytes,1788580952943000000,1788581012930000000,664126896
JVM.totalCpuTimeMs,1788580952943000000,1788581012930000000,2040
JVM.maxThreadCount,1788580952943000000,1788581012930000000,172
JVM.threadCount,1788580952943000000,1788581012930000000,72
JVM.GC.collections,1788580952943000000,1788581012930000000,0
JVM.totalTimeToSafepointsMs,1788580952943000000,1788581012930000000,0
MEM.ramBytes,1788580952943000000,1788581012930000000,340869120
JVM.committedHeapBytes,1788580952943000000,1788581012930000000,1173356544
JVM.usedHeapBytes,1788580952943000000,1788581012930000000,717333624
JVM.totalDirectByteBuffersBytes,1788580952943000000,1788581012930000000,3414024
MEM.ramPlusSwapMinusFileMappingsBytes,1788580952943000000,1788581012930000000,2229140608
JVM.totalSafepointCount,1788580952943000000,1788581012930000000,0
JVM.totalBytesAllocated,1788580952943000000,1788581012930000000,15492872
OS.loadAverage,1788580952943000000,1788581012930000000,2.20654296875
MEM.fileMappingsRamBytes,1788580952943000000,1788581012930000000,31637504
JVM.newThreadsCount,1788580952943000000,1788581012930000000,0
JVM.maxHeapBytes,1788580952943000000,1788581012930000000,2147483648
JVM.totalTimeAtSafepointsMs,1788580952943000000,1788581012930000000,0
workspaceModel.mutableEntityStorage.changeLog.addReplaceEventForNewChild.ms,1788581012930000000,1788581072938000000,0
jps.facet.change.listener.init.bridge.ms,1788581012930000000,1788581072938000000,0
jps.global.get.library.ms,1788581012930000000,1788581072938000000,0
workspaceModel.moduleBridge.update.option.ms,1788581012930000000,1788581072938000000,0
workspaceModel.moduleBridgeLoader.loading.modules.ms,1788581012930000000,1788581072938000000,0
workspaceModel.global.apply.state.to.project.builder.ms,1788581012930000000,1788581072938000000,0
jps.library.entities.serializer.load.entities.ms,1788581012930000000,1788581072938000000,0
workspaceModel.moduleBridge.facet.initialization.ms,1788581012930000000,1788581072938000000,0
jps.global.handle.changed.events.ms,1788581012930000000,1788581072938000000,0
jps.modifiable.module.model.bridge.disposing.ms,1788581012930000000,1788581072938000000,0
workspaceModel.moduleManagerBridge.create.module.instance.ms,1788581012930000000,1788581072938000000,0
jps.reload.project.entities.ms,1788581012930000000,1788581072938000000,0
jps.app.storage.content.reader.load.component.ms,1788581012930000000,1788581072938000000,0
jps.modifiable.module.model.bridge.renaming.ms,1788581012930000000,1788581072938000000,0
workspaceModel.sync.entities.ms,1788581012930000000,1788581072938000000,0
jps.artifact.entities.serializer.save.entities.ms,1788581012930000000,1788581072938000000,0
workspaceModel.moduleManagerBridge.new.nonPersistent.module.ms,1788581012930000000,1788581072938000000,0
jps.app.storage.content.writer.save.component.ms,1788581012930000000,1788581072938000000,0
workspaceModel.mutableEntityStorage.add.entity.ms,1788581012930000000,1788581072938000000,0
workspaceModel.moduleBridge.before.changed.ms,1788581012930000000,1788581072938000000,0
jps.global.handle.before.change.events.ms,1788581012930000000,1788581072938000000,0
workspaceModel.mutableEntityStorage.mutable.ext.mapping.ms,1788581012930000000,1788581072938000000,0
jps.save.changed.project.entities.ms,1788581012930000000,1788581072938000000,0
jps.module.iml.entities.serializer.save.entities.ms,1788581012930000000,1788581072938000000,0
workspaceModel.moduleManagerBridge.set.unloadedModules.ms,1788581012930000000,1788581072938000000,0
workspaceModel.mutableEntityStorage.changeLog.addReplaceEventForRemovedChild.ms,1788581012930000000,1788581072938000000,0
workspaceModel.mutableEntityStorage.changeLog.addReplaceEventForRemovedParent.ms,1788581012930000000,1788581072938000000,0
jps.global.get.library.by.name.ms,1788581012930000000,1788581072938000000,0
workspaceModel.global.apply.state.to.project.ms,1788581012930000000,1788581072938000000,0
workspaceModel.moduleManagerBridge.load.module.ms,1788581012930000000,1788581072938000000,0
workspaceModel.mutableEntityStorage.mutable.vfurl.index.ms,1788581012930000000,1788581072938000000,0
workspaceModel.mutableEntityStorage.entities.ms,1788581012930000000,1788581072938000000,0
jps.global.initialize.library.bridges.after.loading.ms,1788581012930000000,1788581072938000000,0
workspaceModel.mutableEntityStorage.apply.changes.from.ms,1788581012930000000,1788581072938000000,0
workspaceModel.load.cache.metadata.from.file.ms,1788581012930000000,1788581072938000000,0
jps.save.global.entities.ms,1788581012930000000,1788581072938000000,0
workspaceModel.global.updates.ms,1788581012930000000,1788581072938000000,0
workspaceModel.mutableEntityStorage.changeLog.addReplaceEventForNewParent.ms,1788581012930000000,1788581072938000000,0
workspaceModel.mutableEntityStorage.has.same.entities.ms,1788581012930000000,1788581072938000000,0
workspaceModel.mutableEntityStorage.put.entity.ms,1788581012930000000,1788581072938000000,0
jps.load.project.to.empty.storage.ms,1788581012930000000,1788581072938000000,0
jps.project.serializers.load.ms,1788581012930000000,1788581072938000000,0
jps.load.initial.state.ms,1788581012930000000,1788581072938000000,0
workspaceModel.mutableEntityStorage.replace.by.source.ms,1788581012930000000,1788581072938000000,0
workspaceModel.save.cache.to.file.ms,1788581012930000000,1788581072938000000,0
workspaceModel.moduleManagerBridge.newModule.ms,1788581012930000000,1788581072938000000,0
jps.apply.loaded.storage.ms,1788581012930000000,1788581072938000000,0
jps.modifiable.module.model.bridge.new.module.ms,1788581012930000000,1788581072938000000,0
workspaceModel.mutableEntityStorage.entities.by.source.ms,1788581012930000000,1788581072938000000,0
workspaceModel.load.cache.from.file.ms,1788581012930000000,1788581072938000000,0
workspaceModel.mutableEntityStorage.hasReferrers.ms,1788581012930000000,1788581072938000000,0
jps.module.dependency.index.workspace.model.listener.on.changed.ms,1788581012930000000,1788581072938000000,0
jps.global.initialize.library.bridges.ms,1788581012930000000,1788581072938000000,0
workspaceModel.mutableEntityStorage.instances.count,1788581012930000000,1788581072938000000,0
jps.library.entities.serializer.save.entities.ms,1788581012930000000,1788581072938000000,0
workspaceModel.do.save.caches.ms,1788581012930000000,1788581072938000000,0
workspaceModel.moduleManagerBridge.build.module.graph.ms,1788581012930000000,1788581072938000000,0
jps.global.get.libraries.ms,1788581012930000000,1788581072938000000,0
workspaceModel.moduleManagerBridge.get.modules.ms,1788581012930000000,1788581072938000000,0
workspaceModel.mutableEntityStorage.referrers.ms,1788581012930000000,1788581072938000000,0
jps.storage.jps.conf.reader.load.component.ms,1788581012930000000,1788581072938000000,0
jps.modifiable.module.model.bridge.load.module.ms,1788581012930000000,1788581072938000000,0
workspaceModel.orphan.listener.update.ms,1788581012930000000,1788581072938000000,0
jps.module.iml.entities.serializer.load.entities.ms,1788581012930000000,1788581072938000000,0
workspaceModel.mutableEntityStorage.to.snapshot.ms,1788581012930000000,1788581072938000000,0
jps.facet.change.listener.process.change.events.ms,1788581012930000000,1788581072938000000,0
workspaceModel.mutableEntityStorage.collect.changes.ms,1788581012930000000,1788581072938000000,0
workspaceModel.moduleManagerBridge.load.all.modules.ms,1788581012930000000,1788581072938000000,0
workspaceModel.mutableEntityStorage.modify.entity.ms,1788581012930000000,1788581072938000000,0
workspaceModel.mutableEntityStorage.resolve.ms,1788581012930000000,1788581072938000000,0
workspaceModel.global.updates.count,1788581012930000000,1788581072938000000,0
jps.artifact.entities.serializer.load.entities.ms,1788581012930000000,1788581072938000000,0
workspaceModel.mutableEntityStorage.remove.entity.ms,1788581012930000000,1788581072938000000,0
jps.project.serializers.save.ms,1788581012930000000,1788581072938000000,0
jps.facet.change.listener.before.change.events.ms,1788581012930000000,1788581072938000000,0
DiskQueryRelay.taskExecutionTotalTimeUs,1788581012930000000,1788581072938000000,450
writeAction.max.wait.ms,1788581012930000000,1788581072938000000,70
writeAction.wait.ms,1788581012930000000,1788581072938000000,0
DiskQueryRelay.taskWaitingTotalTimeUs,1788581012930000000,1788581072938000000,1378
writeAction.count,1788581012930000000,1788581072938000000,1
LowMemory.gcLoad,1788581012930000000,1788581072938000000,0.003190043748562302
DiskQueryRelay.tasksExecuted,1788581012930000000,1788581072938000000,2
writeAction.median.wait.ms,1788581012930000000,1788581072938000000,100
DiskQueryRelay.tasksRequested,1788581012930000000,1788581072938000000,2
LowMemory.gcOverloaded,1788581012930000000,1788581072938000000,0
FileNameCache.queries,1788581012930000000,1788581072938000000,0
VFS.cache.directoriesCreated,1788581012930000000,1788581072938000000,0
VFS.cache.filesCreated,1788581012930000000,1788581072938000000,0
VFS.ContentWriter.totalTimeSpentOnAsyncOperationsUs,1788581012930000000,1788581072938000000,0
VFS.fileByIdCache.misses,1788581012930000000,1788581072938000000,0
VFS.contentStorage.recordsStoredCompressed,1788581012930000000,1788581072938000000,0
VFS.folderCaseSensitivityReads,1788581012930000000,1788581072938000000,0
VFS.contentStorage.recordsStored,1788581012930000000,1788581072938000000,0
VFS.contentStorage.recordsRead,1788581012930000000,1788581072938000000,0
VFS.contentStorage.recordsReadSize,1788581012930000000,1788581072938000000,0
VFS.invertedFileNameIndex.requests,1788581012930000000,1788581072938000000,0
VFS.cache.segmentsCreated,1788581012930000000,1788581072938000000,0
VFS.ContentWriter.totalTasksExecutedAsync,1788581012930000000,1788581072938000000,0
VFS.fileByIdCache.hits,1788581012930000000,1788581072938000000,0
VFS.contentStorage.recordsDeduplicated,1788581012930000000,1788581072938000000,0
VFS.cache.segments,1788581012930000000,1788581072938000000,315
VFS.contentStorage.recordsDecompressionTimeUs,1788581012930000000,1788581072938000000,0
VFS.ContentWriter.totalTimeSpentOnSyncOperationsUs,1788581012930000000,1788581072938000000,0
VFS.contentStorage.recordsUncompressedSize,1788581012930000000,1788581072938000000,0
VFS.fileChildByName,1788581012930000000,1788581072938000000,25
VFS.contentStorage.recordsReadDecompressed,1788581012930000000,1788581072938000000,0
VFS.ContentWriter.totalFlushes,1788581012930000000,1788581072938000000,0
VFS.rootsCount,1788581012930000000,1788581072938000000,298.0
VFS.ContentWriter.totalTasksExecutedSync,1788581012930000000,1788581072938000000,0
FileNameCache.totalMisses,1788581012930000000,1788581072938000000,0
VFS.contentStorage.recordsStoredSize,1788581012930000000,1788581072938000000,0
ReadAction.executionsCount,1788581012930000000,1788581072938000000,161
FlushQueue.queueSize90P,1788581012930000000,1788581072938000000,0
NonBlockingReadAction.failedExecutionsCount,1788581012930000000,1788581072938000000,0
FlushQueue.queueSizeAvg,1788581012930000000,1788581072938000000,0.0
AWTEventQueue.dispatchTime90PNs,1788581012930000000,1788581072938000000,0
WriteAction.executionsCount,1788581012930000000,1788581072938000000,1
NonBlockingReadAction.failedExecutionTimeUs,1788581012930000000,1788581072938000000,0
AWTEventQueue.dispatchTimeTotalNS,1788581012930000000,1788581072938000000,172204212
FlushQueue.executionTimeMaxNs,1788581012930000000,1788581072938000000,0
FlushQueue.waitingTimeAvgNs,1788581012930000000,1788581072938000000,0.0
AWTEventQueue.dispatchTimeMaxNs,1788581012930000000,1788581072938000000,0
FlushQueue.waitingTimeMaxNs,1788581012930000000,1788581072938000000,0
FlushQueue.waitingTime90PNs,1788581012930000000,1788581072938000000,0
AWTEventQueue.dispatchTimeAvgNs,1788581012930000000,1788581072938000000,0.0
AWTEventQueue.eventsDispatched,1788581012930000000,1788581072938000000,0
NonBlockingReadAction.finalizedExecutionTimeUs,1788581012930000000,1788581072938000000,45833
NonBlockingReadAction.finalizedExecutionsCount,1788581012930000000,1788581072938000000,5
FlushQueue.executionTimeAvgNs,1788581012930000000,1788581072938000000,0.0
FlushQueue.tasksExecuted,1788581012930000000,1788581072938000000,0
FlushQueue.executionTime90PNs,1788581012930000000,1788581072938000000,0
FlushQueue.queueSizeMax,1788581012930000000,1788581072938000000,0
FilePageCache.pageFastCacheHits,1788581012930000000,1788581072938000000,180
FilePageCache.WAL.entriesFlushedOnClose,1788581012930000000,1788581072938000000,0
FilePageCache.WAL.entriesFlushedOnForce,1788581012930000000,1788581072938000000,0
MappedFileStorage.totalPagesMapped,1788581012930000000,1788581072938000000,17
FilePageCache.totalBytesStored,1788581012930000000,1788581072938000000,960
StreamlinedBlobStorage.totalLiveRecordsCapacityBytes,1788581012930000000,1788581072938000000,0
FilePageCache.WAL.bytesCopiedByApplyUnfinished,1788581012930000000,1788581072938000000,0
FilePageCache.maxCacheSizeInBytes,1788581012930000000,1788581072938000000,629153792
StorageLockContext.competingThreads.max,1788581012930000000,1788581072938000000,0
StreamlinedBlobStorage.recordsRelocated,1788581012930000000,1788581072938000000,0
FilePageCache.WAL.entriesFlushed,1788581012930000000,1788581072938000000,0
FilePageCache.disposedBuffers,1788581012930000000,1788581072938000000,0
MappedFileStorage.storages,1788581012930000000,1788581072938000000,17
FilePageCache.totalPageLoadsUs,1788581012930000000,1788581072938000000,0
FilePageCache.pageLoadsAboveSizeThreshold,1788581012930000000,1788581072938000000,0
FileChannelInterruptsRetryer.totalRetriedAttempts,1788581012930000000,1788581072938000000,0
FilePageCache.WAL.bytesQueued,1788581012930000000,1788581072938000000,0
StreamlinedBlobStorage.recordsDeleted,1788581012930000000,1788581072938000000,0
FilePageCache.totalPageStoresUs,1788581012930000000,1788581072938000000,47700
FilePageCache.pageLoads,1788581012930000000,1788581072938000000,0
FilePageCache.WAL.entriesFlushedOnRead,1788581012930000000,1788581072938000000,0
FilePageCache.WAL.flushesForcedByOverflow,1788581012930000000,1788581072938000000,0
DirectByteBufferAllocator.totalSizeOfBuffersAllocatedInBytes,1788581012930000000,1788581072938000000,3153920
FilePageCache.WAL.entriesFlushedOnTruncate,1788581012930000000,1788581072938000000,0
StorageLockContext.competingThreads.avg,1788581012930000000,1788581072938000000,0.0
DirectByteBufferAllocator.totalSizeOfBuffersCachedInBytes,1788581012930000000,1788581072938000000,52510720
FilePageCache.capacityInBytes,1788581012930000000,1788581072938000000,629145600
FilePageCache.totalPageDisposalsUs,1788581012930000000,1788581072938000000,0
FilePageCache.maxRegisteredFiles,1788581012930000000,1788581072938000000,1796
FilePageCache.pageHits,1788581012930000000,1788581072938000000,0
StorageLockContext.competingThreads.90P,1788581012930000000,1788581072938000000,0
FilePageCache.uncachedFileAccess,1788581012930000000,1788581072938000000,60
StreamlinedBlobStorage.recordsAllocated,1788581012930000000,1788581072938000000,0
DirectByteBufferAllocator.disposed,1788581012930000000,1788581072938000000,0
DirectByteBufferAllocator.reclaimed,1788581012930000000,1788581072938000000,0
StreamlinedBlobStorage.totalLiveRecordsPayloadBytes,1788581012930000000,1788581072938000000,0
MappedFileStorage.totalTimeSpentOnMappingUs,1788581012930000000,1788581072938000000,72260
MappedFileStorage.totalBytesMapped,1788581012930000000,1788581072938000000,266600448
DirectByteBufferAllocator.hits,1788581012930000000,1788581072938000000,0
DirectByteBufferAllocator.misses,1788581012930000000,1788581072938000000,0
cacheStateStorage.get.counter,1788581012930000000,1788581072938000000,0
cacheStateStorage.set.duration,1788581012930000000,1788581072938000000,0
cacheStateStorage.set.counter,1788581012930000000,1788581072938000000,0
cacheStateStorage.get.duration,1788581012930000000,1788581072938000000,0
Indexing.writer_3.totalTimeSpentWritingMs,1788581012930000000,1788581072938000000,0
Indexing.totalTimeIndexersSleptMs,1788581012930000000,1788581072938000000,0
Indexes.allKeys.lookups,1788581012930000000,1788581072938000000,0
Indexing.writesQueuedMax,1788581012930000000,1788581072938000000,0
Indexes.entries.lookupDurationAvgMs,1788581012930000000,1788581072938000000,0.0
Indexing.writer_1.totalTimeSpentWritingMs,1788581012930000000,1788581072938000000,0
Indexes.allKeys.lookupDuration90PMs,1788581012930000000,1788581072938000000,0.0
Indexes.stubs.lookupDurationMaxMs,1788581012930000000,1788581072938000000,0.0
Indexes.entries.lookupDuration90PMs,1788581012930000000,1788581072938000000,0.0
Indexes.entries.lookupDurationMaxMs,1788581012930000000,1788581072938000000,0.0
Indexing.writer_2.totalTimeSpentWritingMs,1788581012930000000,1788581072938000000,0
Indexes.stubs.lookupDuration90PMs,1788581012930000000,1788581072938000000,0.0
Indexing.writesQueuedMin,1788581012930000000,1788581072938000000,9223372036854775807
Indexing.writer_0.totalTimeSpentWritingMs,1788581012930000000,1788581072938000000,0
Indexing.cache.totalCacheAccesses,1788581012930000000,1788581072938000000,0
Indexes.entries.lookups,1788581012930000000,1788581072938000000,0
Indexes.stubs.lookupDurationAvgMs,1788581012930000000,1788581072938000000,0.0
Indexes.allKeys.lookupDurationMaxMs,1788581012930000000,1788581072938000000,0.0
Indexes.stubs.lookups,1788581012930000000,1788581072938000000,0
Indexing.cache.totalCacheEvicted,1788581012930000000,1788581072938000000,0
Indexes.allKeys.lookupDurationAvgMs,1788581012930000000,1788581072938000000,0.0
Indexing.cache.totalCacheMisses,1788581012930000000,1788581072938000000,0
workspaceModel.check.recursive.update.ms,1788581012930000000,1788581072938000000,0
workspaceModel.cachedValueWithParameters.calculated.count,1788581012930000000,1788581072938000000,0
workspaceModel.loading.total.ms,1788581012930000000,1788581072938000000,0
workspaceModel.workspaceFileIndexData.visitFileSets.ms,1788581012930000000,1788581072938000000,0
workspaceModel.cachedValue.from.cache.count,1788581012930000000,1788581072938000000,0
workspaceModel.non.incremental.contributors.total.update.time.ms,1788581012930000000,1788581072938000000,0
workspaceModel.workspaceFileIndexData.markDirty.ms,1788581012930000000,1788581072938000000,0
workspaceModel.cachedValueWithParameters.clear.count,1788581012930000000,1788581072938000000,0
workspaceModel.cachedValue.total.get.count,1788581012930000000,1788581072938000000,0
workspaceModel.non.incremental.contributors.file.sets.computation.time.ms,1788581012930000000,1788581072938000000,0
workspaceModel.collect.changes.ms,1788581012930000000,1788581072938000000,0
workspaceModel.cachedValueWithParameters.total.get.count,1788581012930000000,1788581072938000000,0
workspaceModel.update.unloaded.entities.ms,1788581012930000000,1788581072938000000,0
workspaceModel.cachedValue.clear.count,1788581012930000000,1788581072938000000,0
workspaceModel.cachedValue.calculated.count,1788581012930000000,1788581072938000000,0
workspaceModel.loading.from.cache.ms,1788581012930000000,1788581072938000000,0
workspaceModel.updates.ms,1788581012930000000,1788581072938000000,0
workspaceModel.workspaceFileIndexData.getFileInfo.ms,1788581012930000000,1788581072938000000,1
workspaceModel.replace.project.model.ms,1788581012930000000,1788581072938000000,0
workspaceModel.updates.count,1788581012930000000,1788581072938000000,0
workspaceModel.on.changed.ms,1788581012930000000,1788581072938000000,0
workspaceModel.workspaceFileIndexData.getPackageName.ms,1788581012930000000,1788581072938000000,0
workspaceModel.workspaceFileIndexData.processFileSets.ms,1788581012930000000,1788581072938000000,0
workspaceModel.pre.handlers.ms,1788581012930000000,1788581072938000000,0
workspaceModel.to.snapshot.ms,1788581012930000000,1788581072938000000,0
workspaceModel.workspaceFileIndexData.getDirectoriesByPackageName.ms,1788581012930000000,1788581072938000000,0
workspaceModel.init.bridges.ms,1788581012930000000,1788581072938000000,0
workspaceModel.workspaceFileIndexData.init.ms,1788581012930000000,1788581072938000000,0
workspaceModel.entityStorageSnapshotImpl.instances.count,1788581012930000000,1788581072938000000,0
workspaceModel.updates.precise.ms,1788581012930000000,1788581072938000000,0
workspaceModel.initializing.ms,1788581012930000000,1788581072938000000,0
workspaceModel.cachedValueWithParameters.from.cache.count,1788581012930000000,1788581072938000000,0
workspaceModel.full.replace.project.model.ms,1788581012930000000,1788581072938000000,0
workspaceModel.workspaceFileIndexData.updateDirtyEntities.ms,1788581012930000000,1788581072938000000,0
workspaceModel.on.before.changed.ms,1788581012930000000,1788581072938000000,0
workspaceModel.workspaceFileIndexData.onEntitiesChanged.ms,1788581012930000000,1788581072938000000,0
workspaceModel.non.incremental.contributors.exclude.roots.computation.time.ms,1788581012930000000,1788581072938000000,0
workspaceModel.workspaceFileIndexContributor.registerFileSets.ms,1788581012930000000,1788581072938000000,0
workspaceModel.workspaceFileIndexData.instances.count,1788581012930000000,1788581072938000000,0
compiler.ArtifactVirtualFileListener.propertyChanged.ms,1788581012930000000,1788581072938000000,0
compiler.ArtifactVirtualFileListener.filePathChanged.ms,1788581012930000000,1788581072938000000,0
compiler.ArtifactManagerBridge.findArtifact.ms,1788581012930000000,1788581072938000000,0
compiler.ArtifactManagerBridge.getArtifacts.ms,1788581012930000000,1788581072938000000,0
compiler.ArtifactManagerBridge.dropMappings.ms,1788581012930000000,1788581072938000000,0
compiler.ArtifactManagerBridge.commit.ms,1788581012930000000,1788581072938000000,0
compiler.ArtifactManagerBridge.getArtifactsByType.ms,1788581012930000000,1788581072938000000,0
compiler.ArtifactManagerBridge.addArtifact.ms,1788581012930000000,1788581072938000000,0
compiler.ArtifactManagerBridge.initBridges.ms,1788581012930000000,1788581072938000000,0
JVM.GC.collectionTimesMs,1788581012930000000,1788581072938000000,0
MEM.ramMinusFileMappingsBytes,1788581012930000000,1788581072938000000,288440320
JVM.usedNativeBytes,1788581012930000000,1788581072938000000,665333328
JVM.totalCpuTimeMs,1788581012930000000,1788581072938000000,2800
JVM.maxThreadCount,1788581012930000000,1788581072938000000,172
JVM.threadCount,1788581012930000000,1788581072938000000,80
JVM.GC.collections,1788581012930000000,1788581072938000000,0
JVM.totalTimeToSafepointsMs,1788581012930000000,1788581072938000000,0
MEM.ramBytes,1788581012930000000,1788581072938000000,320372736
JVM.committedHeapBytes,1788581012930000000,1788581072938000000,1173356544
JVM.usedHeapBytes,1788581012930000000,1788581072938000000,738305144
JVM.totalDirectByteBuffersBytes,1788581012930000000,1788581072938000000,3414024
MEM.ramPlusSwapMinusFileMappingsBytes,1788581012930000000,1788581072938000000,2235464832
JVM.totalSafepointCount,1788581012930000000,1788581072938000000,0
JVM.totalBytesAllocated,1788581012930000000,1788581072938000000,19150064
OS.loadAverage,1788581012930000000,1788581072938000000,2.3701171875
MEM.fileMappingsRamBytes,1788581012930000000,1788581072938000000,31932416
JVM.newThreadsCount,1788581012930000000,1788581072938000000,8
JVM.maxHeapBytes,1788581012930000000,1788581072938000000,2147483648
JVM.totalTimeAtSafepointsMs,1788581012930000000,1788581072938000000,0
workspaceModel.mutableEntityStorage.changeLog.addReplaceEventForNewChild.ms,1788581072938000000,1788581132924000000,0
jps.facet.change.listener.init.bridge.ms,1788581072938000000,1788581132924000000,0
jps.global.get.library.ms,1788581072938000000,1788581132924000000,0
workspaceModel.moduleBridge.update.option.ms,1788581072938000000,1788581132924000000,0
workspaceModel.moduleBridgeLoader.loading.modules.ms,1788581072938000000,1788581132924000000,0
workspaceModel.global.apply.state.to.project.builder.ms,1788581072938000000,1788581132924000000,0
jps.library.entities.serializer.load.entities.ms,1788581072938000000,1788581132924000000,0
workspaceModel.moduleBridge.facet.initialization.ms,1788581072938000000,1788581132924000000,0
jps.global.handle.changed.events.ms,1788581072938000000,1788581132924000000,0
jps.modifiable.module.model.bridge.disposing.ms,1788581072938000000,1788581132924000000,0
workspaceModel.moduleManagerBridge.create.module.instance.ms,1788581072938000000,1788581132924000000,0
jps.reload.project.entities.ms,1788581072938000000,1788581132924000000,0
jps.app.storage.content.reader.load.component.ms,1788581072938000000,1788581132924000000,0
jps.modifiable.module.model.bridge.renaming.ms,1788581072938000000,1788581132924000000,0
workspaceModel.sync.entities.ms,1788581072938000000,1788581132924000000,0
jps.artifact.entities.serializer.save.entities.ms,1788581072938000000,1788581132924000000,0
workspaceModel.moduleManagerBridge.new.nonPersistent.module.ms,1788581072938000000,1788581132924000000,0
jps.app.storage.content.writer.save.component.ms,1788581072938000000,1788581132924000000,0
workspaceModel.mutableEntityStorage.add.entity.ms,1788581072938000000,1788581132924000000,0
workspaceModel.moduleBridge.before.changed.ms,1788581072938000000,1788581132924000000,0
jps.global.handle.before.change.events.ms,1788581072938000000,1788581132924000000,0
workspaceModel.mutableEntityStorage.mutable.ext.mapping.ms,1788581072938000000,1788581132924000000,0
jps.save.changed.project.entities.ms,1788581072938000000,1788581132924000000,0
jps.module.iml.entities.serializer.save.entities.ms,1788581072938000000,1788581132924000000,0
workspaceModel.moduleManagerBridge.set.unloadedModules.ms,1788581072938000000,1788581132924000000,0
workspaceModel.mutableEntityStorage.changeLog.addReplaceEventForRemovedChild.ms,1788581072938000000,1788581132924000000,0
workspaceModel.mutableEntityStorage.changeLog.addReplaceEventForRemovedParent.ms,1788581072938000000,1788581132924000000,0
jps.global.get.library.by.name.ms,1788581072938000000,1788581132924000000,0
workspaceModel.global.apply.state.to.project.ms,1788581072938000000,1788581132924000000,0
workspaceModel.moduleManagerBridge.load.module.ms,1788581072938000000,1788581132924000000,0
workspaceModel.mutableEntityStorage.mutable.vfurl.index.ms,1788581072938000000,1788581132924000000,0
workspaceModel.mutableEntityStorage.entities.ms,1788581072938000000,1788581132924000000,0
jps.global.initialize.library.bridges.after.loading.ms,1788581072938000000,1788581132924000000,0
workspaceModel.mutableEntityStorage.apply.changes.from.ms,1788581072938000000,1788581132924000000,0
workspaceModel.load.cache.metadata.from.file.ms,1788581072938000000,1788581132924000000,0
jps.save.global.entities.ms,1788581072938000000,1788581132924000000,0
workspaceModel.global.updates.ms,1788581072938000000,1788581132924000000,0
workspaceModel.mutableEntityStorage.changeLog.addReplaceEventForNewParent.ms,1788581072938000000,1788581132924000000,0
workspaceModel.mutableEntityStorage.has.same.entities.ms,1788581072938000000,1788581132924000000,0
workspaceModel.mutableEntityStorage.put.entity.ms,1788581072938000000,1788581132924000000,0
jps.load.project.to.empty.storage.ms,1788581072938000000,1788581132924000000,0
jps.project.serializers.load.ms,1788581072938000000,1788581132924000000,0
jps.load.initial.state.ms,1788581072938000000,1788581132924000000,0
workspaceModel.mutableEntityStorage.replace.by.source.ms,1788581072938000000,1788581132924000000,0
workspaceModel.save.cache.to.file.ms,1788581072938000000,1788581132924000000,0
workspaceModel.moduleManagerBridge.newModule.ms,1788581072938000000,1788581132924000000,0
jps.apply.loaded.storage.ms,1788581072938000000,1788581132924000000,0
jps.modifiable.module.model.bridge.new.module.ms,1788581072938000000,1788581132924000000,0
workspaceModel.mutableEntityStorage.entities.by.source.ms,1788581072938000000,1788581132924000000,0
workspaceModel.load.cache.from.file.ms,1788581072938000000,1788581132924000000,0
workspaceModel.mutableEntityStorage.hasReferrers.ms,1788581072938000000,1788581132924000000,0
jps.module.dependency.index.workspace.model.listener.on.changed.ms,1788581072938000000,1788581132924000000,0
jps.global.initialize.library.bridges.ms,1788581072938000000,1788581132924000000,0
workspaceModel.mutableEntityStorage.instances.count,1788581072938000000,1788581132924000000,0
jps.library.entities.serializer.save.entities.ms,1788581072938000000,1788581132924000000,0
workspaceModel.do.save.caches.ms,1788581072938000000,1788581132924000000,0
workspaceModel.moduleManagerBridge.build.module.graph.ms,1788581072938000000,1788581132924000000,0
jps.global.get.libraries.ms,1788581072938000000,1788581132924000000,0
workspaceModel.moduleManagerBridge.get.modules.ms,1788581072938000000,1788581132924000000,0
workspaceModel.mutableEntityStorage.referrers.ms,1788581072938000000,1788581132924000000,0
jps.storage.jps.conf.reader.load.component.ms,1788581072938000000,1788581132924000000,0
jps.modifiable.module.model.bridge.load.module.ms,1788581072938000000,1788581132924000000,0
workspaceModel.orphan.listener.update.ms,1788581072938000000,1788581132924000000,0
jps.module.iml.entities.serializer.load.entities.ms,1788581072938000000,1788581132924000000,0
workspaceModel.mutableEntityStorage.to.snapshot.ms,1788581072938000000,1788581132924000000,0
jps.facet.change.listener.process.change.events.ms,1788581072938000000,1788581132924000000,0
workspaceModel.mutableEntityStorage.collect.changes.ms,1788581072938000000,1788581132924000000,0
workspaceModel.moduleManagerBridge.load.all.modules.ms,1788581072938000000,1788581132924000000,0
workspaceModel.mutableEntityStorage.modify.entity.ms,1788581072938000000,1788581132924000000,0
workspaceModel.mutableEntityStorage.resolve.ms,1788581072938000000,1788581132924000000,0
workspaceModel.global.updates.count,1788581072938000000,1788581132924000000,0
jps.artifact.entities.serializer.load.entities.ms,1788581072938000000,1788581132924000000,0
workspaceModel.mutableEntityStorage.remove.entity.ms,1788581072938000000,1788581132924000000,0
jps.project.serializers.save.ms,1788581072938000000,1788581132924000000,0
jps.facet.change.listener.before.change.events.ms,1788581072938000000,1788581132924000000,0
DiskQueryRelay.taskExecutionTotalTimeUs,1788581072938000000,1788581132924000000,0
writeAction.max.wait.ms,1788581072938000000,1788581132924000000,70
writeAction.wait.ms,1788581072938000000,1788581132924000000,0
DiskQueryRelay.taskWaitingTotalTimeUs,1788581072938000000,1788581132924000000,0
writeAction.count,1788581072938000000,1788581132924000000,0
LowMemory.gcLoad,1788581072938000000,1788581132924000000,0.001637531928308951
DiskQueryRelay.tasksExecuted,1788581072938000000,1788581132924000000,0
writeAction.median.wait.ms,1788581072938000000,1788581132924000000,100
DiskQueryRelay.tasksRequested,1788581072938000000,1788581132924000000,0
LowMemory.gcOverloaded,1788581072938000000,1788581132924000000,0
FileNameCache.queries,1788581072938000000,1788581132924000000,0
VFS.cache.directoriesCreated,1788581072938000000,1788581132924000000,0
VFS.cache.filesCreated,1788581072938000000,1788581132924000000,0
VFS.ContentWriter.totalTimeSpentOnAsyncOperationsUs,1788581072938000000,1788581132924000000,0
VFS.fileByIdCache.misses,1788581072938000000,1788581132924000000,0
VFS.contentStorage.recordsStoredCompressed,1788581072938000000,1788581132924000000,0
VFS.folderCaseSensitivityReads,1788581072938000000,1788581132924000000,0
VFS.contentStorage.recordsStored,1788581072938000000,1788581132924000000,0
VFS.contentStorage.recordsRead,1788581072938000000,1788581132924000000,0
VFS.contentStorage.recordsReadSize,1788581072938000000,1788581132924000000,0
VFS.invertedFileNameIndex.requests,1788581072938000000,1788581132924000000,0
VFS.cache.segmentsCreated,1788581072938000000,1788581132924000000,0
VFS.ContentWriter.totalTasksExecutedAsync,1788581072938000000,1788581132924000000,0
VFS.fileByIdCache.hits,1788581072938000000,1788581132924000000,0
VFS.contentStorage.recordsDeduplicated,1788581072938000000,1788581132924000000,0
VFS.cache.segments,1788581072938000000,1788581132924000000,315
VFS.contentStorage.recordsDecompressionTimeUs,1788581072938000000,1788581132924000000,0
VFS.ContentWriter.totalTimeSpentOnSyncOperationsUs,1788581072938000000,1788581132924000000,0
VFS.contentStorage.recordsUncompressedSize,1788581072938000000,1788581132924000000,0
VFS.fileChildByName,1788581072938000000,1788581132924000000,0
VFS.contentStorage.recordsReadDecompressed,1788581072938000000,1788581132924000000,0
VFS.ContentWriter.totalFlushes,1788581072938000000,1788581132924000000,0
VFS.rootsCount,1788581072938000000,1788581132924000000,298.0
VFS.ContentWriter.totalTasksExecutedSync,1788581072938000000,1788581132924000000,0
FileNameCache.totalMisses,1788581072938000000,1788581132924000000,0
VFS.contentStorage.recordsStoredSize,1788581072938000000,1788581132924000000,0
ReadAction.executionsCount,1788581072938000000,1788581132924000000,5044
FlushQueue.queueSize90P,1788581072938000000,1788581132924000000,0
NonBlockingReadAction.failedExecutionsCount,1788581072938000000,1788581132924000000,0
FlushQueue.queueSizeAvg,1788581072938000000,1788581132924000000,0.0
AWTEventQueue.dispatchTime90PNs,1788581072938000000,1788581132924000000,0
WriteAction.executionsCount,1788581072938000000,1788581132924000000,0
NonBlockingReadAction.failedExecutionTimeUs,1788581072938000000,1788581132924000000,0
AWTEventQueue.dispatchTimeTotalNS,1788581072938000000,1788581132924000000,12989500
FlushQueue.executionTimeMaxNs,1788581072938000000,1788581132924000000,0
FlushQueue.waitingTimeAvgNs,1788581072938000000,1788581132924000000,0.0
AWTEventQueue.dispatchTimeMaxNs,1788581072938000000,1788581132924000000,0
FlushQueue.waitingTimeMaxNs,1788581072938000000,1788581132924000000,0
FlushQueue.waitingTime90PNs,1788581072938000000,1788581132924000000,0
AWTEventQueue.dispatchTimeAvgNs,1788581072938000000,1788581132924000000,0.0
AWTEventQueue.eventsDispatched,1788581072938000000,1788581132924000000,0
NonBlockingReadAction.finalizedExecutionTimeUs,1788581072938000000,1788581132924000000,0
NonBlockingReadAction.finalizedExecutionsCount,1788581072938000000,1788581132924000000,0
FlushQueue.executionTimeAvgNs,1788581072938000000,1788581132924000000,0.0
FlushQueue.tasksExecuted,1788581072938000000,1788581132924000000,0
FlushQueue.executionTime90PNs,1788581072938000000,1788581132924000000,0
FlushQueue.queueSizeMax,1788581072938000000,1788581132924000000,0
FilePageCache.pageFastCacheHits,1788581072938000000,1788581132924000000,180
FilePageCache.WAL.entriesFlushedOnClose,1788581072938000000,1788581132924000000,0
FilePageCache.WAL.entriesFlushedOnForce,1788581072938000000,1788581132924000000,0
MappedFileStorage.totalPagesMapped,1788581072938000000,1788581132924000000,17
FilePageCache.totalBytesStored,1788581072938000000,1788581132924000000,960
StreamlinedBlobStorage.totalLiveRecordsCapacityBytes,1788581072938000000,1788581132924000000,0
FilePageCache.WAL.bytesCopiedByApplyUnfinished,1788581072938000000,1788581132924000000,0
FilePageCache.maxCacheSizeInBytes,1788581072938000000,1788581132924000000,629153792
StorageLockContext.competingThreads.max,1788581072938000000,1788581132924000000,0
StreamlinedBlobStorage.recordsRelocated,1788581072938000000,1788581132924000000,0
FilePageCache.WAL.entriesFlushed,1788581072938000000,1788581132924000000,0
FilePageCache.disposedBuffers,1788581072938000000,1788581132924000000,0
MappedFileStorage.storages,1788581072938000000,1788581132924000000,17
FilePageCache.totalPageLoadsUs,1788581072938000000,1788581132924000000,0
FilePageCache.pageLoadsAboveSizeThreshold,1788581072938000000,1788581132924000000,0
FileChannelInterruptsRetryer.totalRetriedAttempts,1788581072938000000,1788581132924000000,0
FilePageCache.WAL.bytesQueued,1788581072938000000,1788581132924000000,0
StreamlinedBlobStorage.recordsDeleted,1788581072938000000,1788581132924000000,0
FilePageCache.totalPageStoresUs,1788581072938000000,1788581132924000000,58450
FilePageCache.pageLoads,1788581072938000000,1788581132924000000,0
FilePageCache.WAL.entriesFlushedOnRead,1788581072938000000,1788581132924000000,0
FilePageCache.WAL.flushesForcedByOverflow,1788581072938000000,1788581132924000000,0
DirectByteBufferAllocator.totalSizeOfBuffersAllocatedInBytes,1788581072938000000,1788581132924000000,3153920
FilePageCache.WAL.entriesFlushedOnTruncate,1788581072938000000,1788581132924000000,0
StorageLockContext.competingThreads.avg,1788581072938000000,1788581132924000000,0.0
DirectByteBufferAllocator.totalSizeOfBuffersCachedInBytes,1788581072938000000,1788581132924000000,52510720
FilePageCache.capacityInBytes,1788581072938000000,1788581132924000000,629145600
FilePageCache.totalPageDisposalsUs,1788581072938000000,1788581132924000000,0
FilePageCache.maxRegisteredFiles,1788581072938000000,1788581132924000000,1796
FilePageCache.pageHits,1788581072938000000,1788581132924000000,0
StorageLockContext.competingThreads.90P,1788581072938000000,1788581132924000000,0
FilePageCache.uncachedFileAccess,1788581072938000000,1788581132924000000,60
StreamlinedBlobStorage.recordsAllocated,1788581072938000000,1788581132924000000,0
DirectByteBufferAllocator.disposed,1788581072938000000,1788581132924000000,0
DirectByteBufferAllocator.reclaimed,1788581072938000000,1788581132924000000,0
StreamlinedBlobStorage.totalLiveRecordsPayloadBytes,1788581072938000000,1788581132924000000,0
MappedFileStorage.totalTimeSpentOnMappingUs,1788581072938000000,1788581132924000000,72260
MappedFileStorage.totalBytesMapped,1788581072938000000,1788581132924000000,266600448
DirectByteBufferAllocator.hits,1788581072938000000,1788581132924000000,0
DirectByteBufferAllocator.misses,1788581072938000000,1788581132924000000,0
cacheStateStorage.get.counter,1788581072938000000,1788581132924000000,1
cacheStateStorage.set.duration,1788581072938000000,1788581132924000000,1
cacheStateStorage.set.counter,1788581072938000000,1788581132924000000,1
cacheStateStorage.get.duration,1788581072938000000,1788581132924000000,1
Indexing.writer_3.totalTimeSpentWritingMs,1788581072938000000,1788581132924000000,0
Indexing.totalTimeIndexersSleptMs,1788581072938000000,1788581132924000000,0
Indexes.allKeys.lookups,1788581072938000000,1788581132924000000,0
Indexing.writesQueuedMax,1788581072938000000,1788581132924000000,0
Indexes.entries.lookupDurationAvgMs,1788581072938000000,1788581132924000000,0.0
Indexing.writer_1.totalTimeSpentWritingMs,1788581072938000000,1788581132924000000,0
Indexes.allKeys.lookupDuration90PMs,1788581072938000000,1788581132924000000,0.0
Indexes.stubs.lookupDurationMaxMs,1788581072938000000,1788581132924000000,0.0
Indexes.entries.lookupDuration90PMs,1788581072938000000,1788581132924000000,0.0
Indexes.entries.lookupDurationMaxMs,1788581072938000000,1788581132924000000,0.0
Indexing.writer_2.totalTimeSpentWritingMs,1788581072938000000,1788581132924000000,0
Indexes.stubs.lookupDuration90PMs,1788581072938000000,1788581132924000000,0.0
Indexing.writesQueuedMin,1788581072938000000,1788581132924000000,9223372036854775807
Indexing.writer_0.totalTimeSpentWritingMs,1788581072938000000,1788581132924000000,0
Indexing.cache.totalCacheAccesses,1788581072938000000,1788581132924000000,0
Indexes.entries.lookups,1788581072938000000,1788581132924000000,0
Indexes.stubs.lookupDurationAvgMs,1788581072938000000,1788581132924000000,0.0
Indexes.allKeys.lookupDurationMaxMs,1788581072938000000,1788581132924000000,0.0
Indexes.stubs.lookups,1788581072938000000,1788581132924000000,0
Indexing.cache.totalCacheEvicted,1788581072938000000,1788581132924000000,0
Indexes.allKeys.lookupDurationAvgMs,1788581072938000000,1788581132924000000,0.0
Indexing.cache.totalCacheMisses,1788581072938000000,1788581132924000000,0
workspaceModel.check.recursive.update.ms,1788581072938000000,1788581132924000000,0
workspaceModel.cachedValueWithParameters.calculated.count,1788581072938000000,1788581132924000000,0
workspaceModel.loading.total.ms,1788581072938000000,1788581132924000000,0
workspaceModel.workspaceFileIndexData.visitFileSets.ms,1788581072938000000,1788581132924000000,0
workspaceModel.cachedValue.from.cache.count,1788581072938000000,1788581132924000000,0
workspaceModel.non.incremental.contributors.total.update.time.ms,1788581072938000000,1788581132924000000,0
workspaceModel.workspaceFileIndexData.markDirty.ms,1788581072938000000,1788581132924000000,0
workspaceModel.cachedValueWithParameters.clear.count,1788581072938000000,1788581132924000000,0
workspaceModel.cachedValue.total.get.count,1788581072938000000,1788581132924000000,0
workspaceModel.non.incremental.contributors.file.sets.computation.time.ms,1788581072938000000,1788581132924000000,0
workspaceModel.collect.changes.ms,1788581072938000000,1788581132924000000,0
workspaceModel.cachedValueWithParameters.total.get.count,1788581072938000000,1788581132924000000,0
workspaceModel.update.unloaded.entities.ms,1788581072938000000,1788581132924000000,0
workspaceModel.cachedValue.clear.count,1788581072938000000,1788581132924000000,0
workspaceModel.cachedValue.calculated.count,1788581072938000000,1788581132924000000,0
workspaceModel.loading.from.cache.ms,1788581072938000000,1788581132924000000,0
workspaceModel.updates.ms,1788581072938000000,1788581132924000000,0
workspaceModel.workspaceFileIndexData.getFileInfo.ms,1788581072938000000,1788581132924000000,0
workspaceModel.replace.project.model.ms,1788581072938000000,1788581132924000000,0
workspaceModel.updates.count,1788581072938000000,1788581132924000000,0
workspaceModel.on.changed.ms,1788581072938000000,1788581132924000000,0
workspaceModel.workspaceFileIndexData.getPackageName.ms,1788581072938000000,1788581132924000000,0
workspaceModel.workspaceFileIndexData.processFileSets.ms,1788581072938000000,1788581132924000000,0
workspaceModel.pre.handlers.ms,1788581072938000000,1788581132924000000,0
workspaceModel.to.snapshot.ms,1788581072938000000,1788581132924000000,0
workspaceModel.workspaceFileIndexData.getDirectoriesByPackageName.ms,1788581072938000000,1788581132924000000,0
workspaceModel.init.bridges.ms,1788581072938000000,1788581132924000000,0
workspaceModel.workspaceFileIndexData.init.ms,1788581072938000000,1788581132924000000,0
workspaceModel.entityStorageSnapshotImpl.instances.count,1788581072938000000,1788581132924000000,0
workspaceModel.updates.precise.ms,1788581072938000000,1788581132924000000,0
workspaceModel.initializing.ms,1788581072938000000,1788581132924000000,0
workspaceModel.cachedValueWithParameters.from.cache.count,1788581072938000000,1788581132924000000,0
workspaceModel.full.replace.project.model.ms,1788581072938000000,1788581132924000000,0
workspaceModel.workspaceFileIndexData.updateDirtyEntities.ms,1788581072938000000,1788581132924000000,0
workspaceModel.on.before.changed.ms,1788581072938000000,1788581132924000000,0
workspaceModel.workspaceFileIndexData.onEntitiesChanged.ms,1788581072938000000,1788581132924000000,0
workspaceModel.non.incremental.contributors.exclude.roots.computation.time.ms,1788581072938000000,1788581132924000000,0
workspaceModel.workspaceFileIndexContributor.registerFileSets.ms,1788581072938000000,1788581132924000000,0
workspaceModel.workspaceFileIndexData.instances.count,1788581072938000000,1788581132924000000,0
compiler.ArtifactVirtualFileListener.propertyChanged.ms,1788581072938000000,1788581132924000000,0
compiler.ArtifactVirtualFileListener.filePathChanged.ms,1788581072938000000,1788581132924000000,0
compiler.ArtifactManagerBridge.findArtifact.ms,1788581072938000000,1788581132924000000,0
compiler.ArtifactManagerBridge.getArtifacts.ms,1788581072938000000,1788581132924000000,0
compiler.ArtifactManagerBridge.dropMappings.ms,1788581072938000000,1788581132924000000,0
compiler.ArtifactManagerBridge.commit.ms,1788581072938000000,1788581132924000000,0
compiler.ArtifactManagerBridge.getArtifactsByType.ms,1788581072938000000,1788581132924000000,0
compiler.ArtifactManagerBridge.addArtifact.ms,1788581072938000000,1788581132924000000,0
compiler.ArtifactManagerBridge.initBridges.ms,1788581072938000000,1788581132924000000,0
JVM.GC.collectionTimesMs,1788581072938000000,1788581132924000000,74
MEM.ramMinusFileMappingsBytes,1788581072938000000,1788581132924000000,225640448
JVM.usedNativeBytes,1788581072938000000,1788581132924000000,663848696
JVM.totalCpuTimeMs,1788581072938000000,1788581132924000000,4425
JVM.maxThreadCount,1788581072938000000,1788581132924000000,172
JVM.threadCount,1788581072938000000,1788581132924000000,71
JVM.GC.collections,1788581072938000000,1788581132924000000,3
JVM.totalTimeToSafepointsMs,1788581072938000000,1788581132924000000,1
MEM.ramBytes,1788581072938000000,1788581132924000000,255918080
JVM.committedHeapBytes,1788581072938000000,1788581132924000000,1181745152
JVM.usedHeapBytes,1788581072938000000,1788581132924000000,824826408
JVM.totalDirectByteBuffersBytes,1788581072938000000,1788581132924000000,3414024
MEM.ramPlusSwapMinusFileMappingsBytes,1788581072938000000,1788581132924000000,2301033600
JVM.totalSafepointCount,1788581072938000000,1788581132924000000,3
JVM.totalBytesAllocated,1788581072938000000,1788581132924000000,216475600
OS.loadAverage,1788581072938000000,1788581132924000000,3.49609375
MEM.fileMappingsRamBytes,1788581072938000000,1788581132924000000,30277632
JVM.newThreadsCount,1788581072938000000,1788581132924000000,0
JVM.maxHeapBytes,1788581072938000000,1788581132924000000,2147483648
JVM.totalTimeAtSafepointsMs,1788581072938000000,1788581132924000000,73
workspaceModel.mutableEntityStorage.changeLog.addReplaceEventForNewChild.ms,1788581132924000000,1788581192937000000,0
jps.facet.change.listener.init.bridge.ms,1788581132924000000,1788581192937000000,0
jps.global.get.library.ms,1788581132924000000,1788581192937000000,0
workspaceModel.moduleBridge.update.option.ms,1788581132924000000,1788581192937000000,0
workspaceModel.moduleBridgeLoader.loading.modules.ms,1788581132924000000,1788581192937000000,0
workspaceModel.global.apply.state.to.project.builder.ms,1788581132924000000,1788581192937000000,0
jps.library.entities.serializer.load.entities.ms,1788581132924000000,1788581192937000000,0
workspaceModel.moduleBridge.facet.initialization.ms,1788581132924000000,1788581192937000000,0
jps.global.handle.changed.events.ms,1788581132924000000,1788581192937000000,0
jps.modifiable.module.model.bridge.disposing.ms,1788581132924000000,1788581192937000000,0
workspaceModel.moduleManagerBridge.create.module.instance.ms,1788581132924000000,1788581192937000000,0
jps.reload.project.entities.ms,1788581132924000000,1788581192937000000,0
jps.app.storage.content.reader.load.component.ms,1788581132924000000,1788581192937000000,0
jps.modifiable.module.model.bridge.renaming.ms,1788581132924000000,1788581192937000000,0
workspaceModel.sync.entities.ms,1788581132924000000,1788581192937000000,0
jps.artifact.entities.serializer.save.entities.ms,1788581132924000000,1788581192937000000,0
workspaceModel.moduleManagerBridge.new.nonPersistent.module.ms,1788581132924000000,1788581192937000000,0
jps.app.storage.content.writer.save.component.ms,1788581132924000000,1788581192937000000,0
workspaceModel.mutableEntityStorage.add.entity.ms,1788581132924000000,1788581192937000000,0
workspaceModel.moduleBridge.before.changed.ms,1788581132924000000,1788581192937000000,0
jps.global.handle.before.change.events.ms,1788581132924000000,1788581192937000000,0
workspaceModel.mutableEntityStorage.mutable.ext.mapping.ms,1788581132924000000,1788581192937000000,0
jps.save.changed.project.entities.ms,1788581132924000000,1788581192937000000,0
jps.module.iml.entities.serializer.save.entities.ms,1788581132924000000,1788581192937000000,0
workspaceModel.moduleManagerBridge.set.unloadedModules.ms,1788581132924000000,1788581192937000000,0
workspaceModel.mutableEntityStorage.changeLog.addReplaceEventForRemovedChild.ms,1788581132924000000,1788581192937000000,0
workspaceModel.mutableEntityStorage.changeLog.addReplaceEventForRemovedParent.ms,1788581132924000000,1788581192937000000,0
jps.global.get.library.by.name.ms,1788581132924000000,1788581192937000000,0
workspaceModel.global.apply.state.to.project.ms,1788581132924000000,1788581192937000000,0
workspaceModel.moduleManagerBridge.load.module.ms,1788581132924000000,1788581192937000000,0
workspaceModel.mutableEntityStorage.mutable.vfurl.index.ms,1788581132924000000,1788581192937000000,0
workspaceModel.mutableEntityStorage.entities.ms,1788581132924000000,1788581192937000000,0
jps.global.initialize.library.bridges.after.loading.ms,1788581132924000000,1788581192937000000,0
workspaceModel.mutableEntityStorage.apply.changes.from.ms,1788581132924000000,1788581192937000000,0
workspaceModel.load.cache.metadata.from.file.ms,1788581132924000000,1788581192937000000,0
jps.save.global.entities.ms,1788581132924000000,1788581192937000000,0
workspaceModel.global.updates.ms,1788581132924000000,1788581192937000000,0
workspaceModel.mutableEntityStorage.changeLog.addReplaceEventForNewParent.ms,1788581132924000000,1788581192937000000,0
workspaceModel.mutableEntityStorage.has.same.entities.ms,1788581132924000000,1788581192937000000,0
workspaceModel.mutableEntityStorage.put.entity.ms,1788581132924000000,1788581192937000000,0
jps.load.project.to.empty.storage.ms,1788581132924000000,1788581192937000000,0
jps.project.serializers.load.ms,1788581132924000000,1788581192937000000,0
jps.load.initial.state.ms,1788581132924000000,1788581192937000000,0
workspaceModel.mutableEntityStorage.replace.by.source.ms,1788581132924000000,1788581192937000000,0
workspaceModel.save.cache.to.file.ms,1788581132924000000,1788581192937000000,0
workspaceModel.moduleManagerBridge.newModule.ms,1788581132924000000,1788581192937000000,0
jps.apply.loaded.storage.ms,1788581132924000000,1788581192937000000,0
jps.modifiable.module.model.bridge.new.module.ms,1788581132924000000,1788581192937000000,0
workspaceModel.mutableEntityStorage.entities.by.source.ms,1788581132924000000,1788581192937000000,0
workspaceModel.load.cache.from.file.ms,1788581132924000000,1788581192937000000,0
workspaceModel.mutableEntityStorage.hasReferrers.ms,1788581132924000000,1788581192937000000,0
jps.module.dependency.index.workspace.model.listener.on.changed.ms,1788581132924000000,1788581192937000000,0
jps.global.initialize.library.bridges.ms,1788581132924000000,1788581192937000000,0
workspaceModel.mutableEntityStorage.instances.count,1788581132924000000,1788581192937000000,0
jps.library.entities.serializer.save.entities.ms,1788581132924000000,1788581192937000000,0
workspaceModel.do.save.caches.ms,1788581132924000000,1788581192937000000,0
workspaceModel.moduleManagerBridge.build.module.graph.ms,1788581132924000000,1788581192937000000,0
jps.global.get.libraries.ms,1788581132924000000,1788581192937000000,0
workspaceModel.moduleManagerBridge.get.modules.ms,1788581132924000000,1788581192937000000,0
workspaceModel.mutableEntityStorage.referrers.ms,1788581132924000000,1788581192937000000,0
jps.storage.jps.conf.reader.load.component.ms,1788581132924000000,1788581192937000000,0
jps.modifiable.module.model.bridge.load.module.ms,1788581132924000000,1788581192937000000,0
workspaceModel.orphan.listener.update.ms,1788581132924000000,1788581192937000000,0
jps.module.iml.entities.serializer.load.entities.ms,1788581132924000000,1788581192937000000,0
workspaceModel.mutableEntityStorage.to.snapshot.ms,1788581132924000000,1788581192937000000,0
jps.facet.change.listener.process.change.events.ms,1788581132924000000,1788581192937000000,0
workspaceModel.mutableEntityStorage.collect.changes.ms,1788581132924000000,1788581192937000000,0
workspaceModel.moduleManagerBridge.load.all.modules.ms,1788581132924000000,1788581192937000000,0
workspaceModel.mutableEntityStorage.modify.entity.ms,1788581132924000000,1788581192937000000,0
workspaceModel.mutableEntityStorage.resolve.ms,1788581132924000000,1788581192937000000,0
workspaceModel.global.updates.count,1788581132924000000,1788581192937000000,0
jps.artifact.entities.serializer.load.entities.ms,1788581132924000000,1788581192937000000,0
workspaceModel.mutableEntityStorage.remove.entity.ms,1788581132924000000,1788581192937000000,0
jps.project.serializers.save.ms,1788581132924000000,1788581192937000000,0
jps.facet.change.listener.before.change.events.ms,1788581132924000000,1788581192937000000,0
DiskQueryRelay.taskExecutionTotalTimeUs,1788581132924000000,1788581192937000000,0
writeAction.max.wait.ms,1788581132924000000,1788581192937000000,70
writeAction.wait.ms,1788581132924000000,1788581192937000000,0
DiskQueryRelay.taskWaitingTotalTimeUs,1788581132924000000,1788581192937000000,0
writeAction.count,1788581132924000000,1788581192937000000,0
LowMemory.gcLoad,1788581132924000000,1788581192937000000,8.405594547835088E-4
DiskQueryRelay.tasksExecuted,1788581132924000000,1788581192937000000,0
writeAction.median.wait.ms,1788581132924000000,1788581192937000000,100
DiskQueryRelay.tasksRequested,1788581132924000000,1788581192937000000,0
LowMemory.gcOverloaded,1788581132924000000,1788581192937000000,0
FileNameCache.queries,1788581132924000000,1788581192937000000,0
VFS.cache.directoriesCreated,1788581132924000000,1788581192937000000,0
VFS.cache.filesCreated,1788581132924000000,1788581192937000000,0
VFS.ContentWriter.totalTimeSpentOnAsyncOperationsUs,1788581132924000000,1788581192937000000,0
VFS.fileByIdCache.misses,1788581132924000000,1788581192937000000,0
VFS.contentStorage.recordsStoredCompressed,1788581132924000000,1788581192937000000,0
VFS.folderCaseSensitivityReads,1788581132924000000,1788581192937000000,0
VFS.contentStorage.recordsStored,1788581132924000000,1788581192937000000,0
VFS.contentStorage.recordsRead,1788581132924000000,1788581192937000000,0
VFS.contentStorage.recordsReadSize,1788581132924000000,1788581192937000000,0
VFS.invertedFileNameIndex.requests,1788581132924000000,1788581192937000000,0
VFS.cache.segmentsCreated,1788581132924000000,1788581192937000000,0
VFS.ContentWriter.totalTasksExecutedAsync,1788581132924000000,1788581192937000000,0
VFS.fileByIdCache.hits,1788581132924000000,1788581192937000000,0
VFS.contentStorage.recordsDeduplicated,1788581132924000000,1788581192937000000,0
VFS.cache.segments,1788581132924000000,1788581192937000000,315
VFS.contentStorage.recordsDecompressionTimeUs,1788581132924000000,1788581192937000000,0
VFS.ContentWriter.totalTimeSpentOnSyncOperationsUs,1788581132924000000,1788581192937000000,0
VFS.contentStorage.recordsUncompressedSize,1788581132924000000,1788581192937000000,0
VFS.fileChildByName,1788581132924000000,1788581192937000000,0
VFS.contentStorage.recordsReadDecompressed,1788581132924000000,1788581192937000000,0
VFS.ContentWriter.totalFlushes,1788581132924000000,1788581192937000000,0
VFS.rootsCount,1788581132924000000,1788581192937000000,298.0
VFS.ContentWriter.totalTasksExecutedSync,1788581132924000000,1788581192937000000,0
FileNameCache.totalMisses,1788581132924000000,1788581192937000000,0
VFS.contentStorage.recordsStoredSize,1788581132924000000,1788581192937000000,0
ReadAction.executionsCount,1788581132924000000,1788581192937000000,3
FlushQueue.queueSize90P,1788581132924000000,1788581192937000000,0
NonBlockingReadAction.failedExecutionsCount,1788581132924000000,1788581192937000000,0
FlushQueue.queueSizeAvg,1788581132924000000,1788581192937000000,0.0
AWTEventQueue.dispatchTime90PNs,1788581132924000000,1788581192937000000,0
WriteAction.executionsCount,1788581132924000000,1788581192937000000,0
NonBlockingReadAction.failedExecutionTimeUs,1788581132924000000,1788581192937000000,0
AWTEventQueue.dispatchTimeTotalNS,1788581132924000000,1788581192937000000,13104297
FlushQueue.executionTimeMaxNs,1788581132924000000,1788581192937000000,0
FlushQueue.waitingTimeAvgNs,1788581132924000000,1788581192937000000,0.0
AWTEventQueue.dispatchTimeMaxNs,1788581132924000000,1788581192937000000,0
FlushQueue.waitingTimeMaxNs,1788581132924000000,1788581192937000000,0
FlushQueue.waitingTime90PNs,1788581132924000000,1788581192937000000,0
AWTEventQueue.dispatchTimeAvgNs,1788581132924000000,1788581192937000000,0.0
AWTEventQueue.eventsDispatched,1788581132924000000,1788581192937000000,0
NonBlockingReadAction.finalizedExecutionTimeUs,1788581132924000000,1788581192937000000,0
NonBlockingReadAction.finalizedExecutionsCount,1788581132924000000,1788581192937000000,0
FlushQueue.executionTimeAvgNs,1788581132924000000,1788581192937000000,0.0
FlushQueue.tasksExecuted,1788581132924000000,1788581192937000000,0
FlushQueue.executionTime90PNs,1788581132924000000,1788581192937000000,0
FlushQueue.queueSizeMax,1788581132924000000,1788581192937000000,0
FilePageCache.pageFastCacheHits,1788581132924000000,1788581192937000000,180
FilePageCache.WAL.entriesFlushedOnClose,1788581132924000000,1788581192937000000,0
FilePageCache.WAL.entriesFlushedOnForce,1788581132924000000,1788581192937000000,0
MappedFileStorage.totalPagesMapped,1788581132924000000,1788581192937000000,17
FilePageCache.totalBytesStored,1788581132924000000,1788581192937000000,960
StreamlinedBlobStorage.totalLiveRecordsCapacityBytes,1788581132924000000,1788581192937000000,0
FilePageCache.WAL.bytesCopiedByApplyUnfinished,1788581132924000000,1788581192937000000,0
FilePageCache.maxCacheSizeInBytes,1788581132924000000,1788581192937000000,629153792
StorageLockContext.competingThreads.max,1788581132924000000,1788581192937000000,0
StreamlinedBlobStorage.recordsRelocated,1788581132924000000,1788581192937000000,0
FilePageCache.WAL.entriesFlushed,1788581132924000000,1788581192937000000,0
FilePageCache.disposedBuffers,1788581132924000000,1788581192937000000,0
MappedFileStorage.storages,1788581132924000000,1788581192937000000,17
FilePageCache.totalPageLoadsUs,1788581132924000000,1788581192937000000,0
FilePageCache.pageLoadsAboveSizeThreshold,1788581132924000000,1788581192937000000,0
FileChannelInterruptsRetryer.totalRetriedAttempts,1788581132924000000,1788581192937000000,0
FilePageCache.WAL.bytesQueued,1788581132924000000,1788581192937000000,0
StreamlinedBlobStorage.recordsDeleted,1788581132924000000,1788581192937000000,0
FilePageCache.totalPageStoresUs,1788581132924000000,1788581192937000000,51448
FilePageCache.pageLoads,1788581132924000000,1788581192937000000,0
FilePageCache.WAL.entriesFlushedOnRead,1788581132924000000,1788581192937000000,0
FilePageCache.WAL.flushesForcedByOverflow,1788581132924000000,1788581192937000000,0
DirectByteBufferAllocator.totalSizeOfBuffersAllocatedInBytes,1788581132924000000,1788581192937000000,3153920
FilePageCache.WAL.entriesFlushedOnTruncate,1788581132924000000,1788581192937000000,0
StorageLockContext.competingThreads.avg,1788581132924000000,1788581192937000000,0.0
DirectByteBufferAllocator.totalSizeOfBuffersCachedInBytes,1788581132924000000,1788581192937000000,52510720
FilePageCache.capacityInBytes,1788581132924000000,1788581192937000000,629145600
FilePageCache.totalPageDisposalsUs,1788581132924000000,1788581192937000000,0
FilePageCache.maxRegisteredFiles,1788581132924000000,1788581192937000000,1796
FilePageCache.pageHits,1788581132924000000,1788581192937000000,0
StorageLockContext.competingThreads.90P,1788581132924000000,1788581192937000000,0
FilePageCache.uncachedFileAccess,1788581132924000000,1788581192937000000,60
StreamlinedBlobStorage.recordsAllocated,1788581132924000000,1788581192937000000,0
DirectByteBufferAllocator.disposed,1788581132924000000,1788581192937000000,0
DirectByteBufferAllocator.reclaimed,1788581132924000000,1788581192937000000,0
StreamlinedBlobStorage.totalLiveRecordsPayloadBytes,1788581132924000000,1788581192937000000,0
MappedFileStorage.totalTimeSpentOnMappingUs,1788581132924000000,1788581192937000000,72260
MappedFileStorage.totalBytesMapped,1788581132924000000,1788581192937000000,266600448
DirectByteBufferAllocator.hits,1788581132924000000,1788581192937000000,0
DirectByteBufferAllocator.misses,1788581132924000000,1788581192937000000,0
cacheStateStorage.get.counter,1788581132924000000,1788581192937000000,0
cacheStateStorage.set.duration,1788581132924000000,1788581192937000000,0
cacheStateStorage.set.counter,1788581132924000000,1788581192937000000,0
cacheStateStorage.get.duration,1788581132924000000,1788581192937000000,0
Indexing.writer_3.totalTimeSpentWritingMs,1788581132924000000,1788581192937000000,0
Indexing.totalTimeIndexersSleptMs,1788581132924000000,1788581192937000000,0
Indexes.allKeys.lookups,1788581132924000000,1788581192937000000,0
Indexing.writesQueuedMax,1788581132924000000,1788581192937000000,0
Indexes.entries.lookupDurationAvgMs,1788581132924000000,1788581192937000000,0.0
Indexing.writer_1.totalTimeSpentWritingMs,1788581132924000000,1788581192937000000,0
Indexes.allKeys.lookupDuration90PMs,1788581132924000000,1788581192937000000,0.0
Indexes.stubs.lookupDurationMaxMs,1788581132924000000,1788581192937000000,0.0
Indexes.entries.lookupDuration90PMs,1788581132924000000,1788581192937000000,0.0
Indexes.entries.lookupDurationMaxMs,1788581132924000000,1788581192937000000,0.0
Indexing.writer_2.totalTimeSpentWritingMs,1788581132924000000,1788581192937000000,0
Indexes.stubs.lookupDuration90PMs,1788581132924000000,1788581192937000000,0.0
Indexing.writesQueuedMin,1788581132924000000,1788581192937000000,9223372036854775807
Indexing.writer_0.totalTimeSpentWritingMs,1788581132924000000,1788581192937000000,0
Indexing.cache.totalCacheAccesses,1788581132924000000,1788581192937000000,0
Indexes.entries.lookups,1788581132924000000,1788581192937000000,0
Indexes.stubs.lookupDurationAvgMs,1788581132924000000,1788581192937000000,0.0
Indexes.allKeys.lookupDurationMaxMs,1788581132924000000,1788581192937000000,0.0
Indexes.stubs.lookups,1788581132924000000,1788581192937000000,0
Indexing.cache.totalCacheEvicted,1788581132924000000,1788581192937000000,0
Indexes.allKeys.lookupDurationAvgMs,1788581132924000000,1788581192937000000,0.0
Indexing.cache.totalCacheMisses,1788581132924000000,1788581192937000000,0
workspaceModel.check.recursive.update.ms,1788581132924000000,1788581192937000000,0
workspaceModel.cachedValueWithParameters.calculated.count,1788581132924000000,1788581192937000000,0
workspaceModel.loading.total.ms,1788581132924000000,1788581192937000000,0
workspaceModel.workspaceFileIndexData.visitFileSets.ms,1788581132924000000,1788581192937000000,0
workspaceModel.cachedValue.from.cache.count,1788581132924000000,1788581192937000000,0
workspaceModel.non.incremental.contributors.total.update.time.ms,1788581132924000000,1788581192937000000,0
workspaceModel.workspaceFileIndexData.markDirty.ms,1788581132924000000,1788581192937000000,0
workspaceModel.cachedValueWithParameters.clear.count,1788581132924000000,1788581192937000000,0
workspaceModel.cachedValue.total.get.count,1788581132924000000,1788581192937000000,0
workspaceModel.non.incremental.contributors.file.sets.computation.time.ms,1788581132924000000,1788581192937000000,0
workspaceModel.collect.changes.ms,1788581132924000000,1788581192937000000,0
workspaceModel.cachedValueWithParameters.total.get.count,1788581132924000000,1788581192937000000,0
workspaceModel.update.unloaded.entities.ms,1788581132924000000,1788581192937000000,0
workspaceModel.cachedValue.clear.count,1788581132924000000,1788581192937000000,0
workspaceModel.cachedValue.calculated.count,1788581132924000000,1788581192937000000,0
workspaceModel.loading.from.cache.ms,1788581132924000000,1788581192937000000,0
workspaceModel.updates.ms,1788581132924000000,1788581192937000000,0
workspaceModel.workspaceFileIndexData.getFileInfo.ms,1788581132924000000,1788581192937000000,0
workspaceModel.replace.project.model.ms,1788581132924000000,1788581192937000000,0
workspaceModel.updates.count,1788581132924000000,1788581192937000000,0
workspaceModel.on.changed.ms,1788581132924000000,1788581192937000000,0
workspaceModel.workspaceFileIndexData.getPackageName.ms,1788581132924000000,1788581192937000000,0
workspaceModel.workspaceFileIndexData.processFileSets.ms,1788581132924000000,1788581192937000000,0
workspaceModel.pre.handlers.ms,1788581132924000000,1788581192937000000,0
workspaceModel.to.snapshot.ms,1788581132924000000,1788581192937000000,0
workspaceModel.workspaceFileIndexData.getDirectoriesByPackageName.ms,1788581132924000000,1788581192937000000,0
workspaceModel.init.bridges.ms,1788581132924000000,1788581192937000000,0
workspaceModel.workspaceFileIndexData.init.ms,1788581132924000000,1788581192937000000,0
workspaceModel.entityStorageSnapshotImpl.instances.count,1788581132924000000,1788581192937000000,0
workspaceModel.updates.precise.ms,1788581132924000000,1788581192937000000,0
workspaceModel.initializing.ms,1788581132924000000,1788581192937000000,0
workspaceModel.cachedValueWithParameters.from.cache.count,1788581132924000000,1788581192937000000,0
workspaceModel.full.replace.project.model.ms,1788581132924000000,1788581192937000000,0
workspaceModel.workspaceFileIndexData.updateDirtyEntities.ms,1788581132924000000,1788581192937000000,0
workspaceModel.on.before.changed.ms,1788581132924000000,1788581192937000000,0
workspaceModel.workspaceFileIndexData.onEntitiesChanged.ms,1788581132924000000,1788581192937000000,0
workspaceModel.non.incremental.contributors.exclude.roots.computation.time.ms,1788581132924000000,1788581192937000000,0
workspaceModel.workspaceFileIndexContributor.registerFileSets.ms,1788581132924000000,1788581192937000000,0
workspaceModel.workspaceFileIndexData.instances.count,1788581132924000000,1788581192937000000,0
compiler.ArtifactVirtualFileListener.propertyChanged.ms,1788581132924000000,1788581192937000000,0
compiler.ArtifactVirtualFileListener.filePathChanged.ms,1788581132924000000,1788581192937000000,0
compiler.ArtifactManagerBridge.findArtifact.ms,1788581132924000000,1788581192937000000,0
compiler.ArtifactManagerBridge.getArtifacts.ms,1788581132924000000,1788581192937000000,0
compiler.ArtifactManagerBridge.dropMappings.ms,1788581132924000000,1788581192937000000,0
compiler.ArtifactManagerBridge.commit.ms,1788581132924000000,1788581192937000000,0
compiler.ArtifactManagerBridge.getArtifactsByType.ms,1788581132924000000,1788581192937000000,0
compiler.ArtifactManagerBridge.addArtifact.ms,1788581132924000000,1788581192937000000,0
compiler.ArtifactManagerBridge.initBridges.ms,1788581132924000000,1788581192937000000,0
JVM.GC.collectionTimesMs,1788581132924000000,1788581192937000000,0
MEM.ramMinusFileMappingsBytes,1788581132924000000,1788581192937000000,262389760
JVM.usedNativeBytes,1788581132924000000,1788581192937000000,664189904
JVM.totalCpuTimeMs,1788581132924000000,1788581192937000000,1983
JVM.maxThreadCount,1788581132924000000,1788581192937000000,172
JVM.threadCount,1788581132924000000,1788581192937000000,71
JVM.GC.collections,1788581132924000000,1788581192937000000,0
JVM.totalTimeToSafepointsMs,1788581132924000000,1788581192937000000,0
MEM.ramBytes,1788581132924000000,1788581192937000000,292716544
JVM.committedHeapBytes,1788581132924000000,1788581192937000000,1181745152
JVM.usedHeapBytes,1788581132924000000,1788581192937000000,839506472
JVM.totalDirectByteBuffersBytes,1788581132924000000,1788581192937000000,3414024
MEM.ramPlusSwapMinusFileMappingsBytes,1788581132924000000,1788581192937000000,2290842752
JVM.totalSafepointCount,1788581132924000000,1788581192937000000,0
JVM.totalBytesAllocated,1788581132924000000,1788581192937000000,14597200
OS.loadAverage,1788581132924000000,1788581192937000000,2.07861328125
MEM.fileMappingsRamBytes,1788581132924000000,1788581192937000000,30326784
JVM.newThreadsCount,1788581132924000000,1788581192937000000,0
JVM.maxHeapBytes,1788581132924000000,1788581192937000000,2147483648
JVM.totalTimeAtSafepointsMs,1788581132924000000,1788581192937000000,0
workspaceModel.mutableEntityStorage.changeLog.addReplaceEventForNewChild.ms,1788581192937000000,1788581252932000000,0
jps.facet.change.listener.init.bridge.ms,1788581192937000000,1788581252932000000,0
jps.global.get.library.ms,1788581192937000000,1788581252932000000,0
workspaceModel.moduleBridge.update.option.ms,1788581192937000000,1788581252932000000,0
workspaceModel.moduleBridgeLoader.loading.modules.ms,1788581192937000000,1788581252932000000,0
workspaceModel.global.apply.state.to.project.builder.ms,1788581192937000000,1788581252932000000,0
jps.library.entities.serializer.load.entities.ms,1788581192937000000,1788581252932000000,0
workspaceModel.moduleBridge.facet.initialization.ms,1788581192937000000,1788581252932000000,0
jps.global.handle.changed.events.ms,1788581192937000000,1788581252932000000,0
jps.modifiable.module.model.bridge.disposing.ms,1788581192937000000,1788581252932000000,0
workspaceModel.moduleManagerBridge.create.module.instance.ms,1788581192937000000,1788581252932000000,0
jps.reload.project.entities.ms,1788581192937000000,1788581252932000000,0
jps.app.storage.content.reader.load.component.ms,1788581192937000000,1788581252932000000,0
jps.modifiable.module.model.bridge.renaming.ms,1788581192937000000,1788581252932000000,0
workspaceModel.sync.entities.ms,1788581192937000000,1788581252932000000,0
jps.artifact.entities.serializer.save.entities.ms,1788581192937000000,1788581252932000000,0
workspaceModel.moduleManagerBridge.new.nonPersistent.module.ms,1788581192937000000,1788581252932000000,0
jps.app.storage.content.writer.save.component.ms,1788581192937000000,1788581252932000000,0
workspaceModel.mutableEntityStorage.add.entity.ms,1788581192937000000,1788581252932000000,0
workspaceModel.moduleBridge.before.changed.ms,1788581192937000000,1788581252932000000,0
jps.global.handle.before.change.events.ms,1788581192937000000,1788581252932000000,0
workspaceModel.mutableEntityStorage.mutable.ext.mapping.ms,1788581192937000000,1788581252932000000,0
jps.save.changed.project.entities.ms,1788581192937000000,1788581252932000000,0
jps.module.iml.entities.serializer.save.entities.ms,1788581192937000000,1788581252932000000,0
workspaceModel.moduleManagerBridge.set.unloadedModules.ms,1788581192937000000,1788581252932000000,0
workspaceModel.mutableEntityStorage.changeLog.addReplaceEventForRemovedChild.ms,1788581192937000000,1788581252932000000,0
workspaceModel.mutableEntityStorage.changeLog.addReplaceEventForRemovedParent.ms,1788581192937000000,1788581252932000000,0
jps.global.get.library.by.name.ms,1788581192937000000,1788581252932000000,0
workspaceModel.global.apply.state.to.project.ms,1788581192937000000,1788581252932000000,0
workspaceModel.moduleManagerBridge.load.module.ms,1788581192937000000,1788581252932000000,0
workspaceModel.mutableEntityStorage.mutable.vfurl.index.ms,1788581192937000000,1788581252932000000,0
workspaceModel.mutableEntityStorage.entities.ms,1788581192937000000,1788581252932000000,0
jps.global.initialize.library.bridges.after.loading.ms,1788581192937000000,1788581252932000000,0
workspaceModel.mutableEntityStorage.apply.changes.from.ms,1788581192937000000,1788581252932000000,0
workspaceModel.load.cache.metadata.from.file.ms,1788581192937000000,1788581252932000000,0
jps.save.global.entities.ms,1788581192937000000,1788581252932000000,0
workspaceModel.global.updates.ms,1788581192937000000,1788581252932000000,0
workspaceModel.mutableEntityStorage.changeLog.addReplaceEventForNewParent.ms,1788581192937000000,1788581252932000000,0
workspaceModel.mutableEntityStorage.has.same.entities.ms,1788581192937000000,1788581252932000000,0
workspaceModel.mutableEntityStorage.put.entity.ms,1788581192937000000,1788581252932000000,0
jps.load.project.to.empty.storage.ms,1788581192937000000,1788581252932000000,0
jps.project.serializers.load.ms,1788581192937000000,1788581252932000000,0
jps.load.initial.state.ms,1788581192937000000,1788581252932000000,0
workspaceModel.mutableEntityStorage.replace.by.source.ms,1788581192937000000,1788581252932000000,0
workspaceModel.save.cache.to.file.ms,1788581192937000000,1788581252932000000,0
workspaceModel.moduleManagerBridge.newModule.ms,1788581192937000000,1788581252932000000,0
jps.apply.loaded.storage.ms,1788581192937000000,1788581252932000000,0
jps.modifiable.module.model.bridge.new.module.ms,1788581192937000000,1788581252932000000,0
workspaceModel.mutableEntityStorage.entities.by.source.ms,1788581192937000000,1788581252932000000,0
workspaceModel.load.cache.from.file.ms,1788581192937000000,1788581252932000000,0
workspaceModel.mutableEntityStorage.hasReferrers.ms,1788581192937000000,1788581252932000000,0
jps.module.dependency.index.workspace.model.listener.on.changed.ms,1788581192937000000,1788581252932000000,0
jps.global.initialize.library.bridges.ms,1788581192937000000,1788581252932000000,0
workspaceModel.mutableEntityStorage.instances.count,1788581192937000000,1788581252932000000,0
jps.library.entities.serializer.save.entities.ms,1788581192937000000,1788581252932000000,0
workspaceModel.do.save.caches.ms,1788581192937000000,1788581252932000000,0
workspaceModel.moduleManagerBridge.build.module.graph.ms,1788581192937000000,1788581252932000000,0
jps.global.get.libraries.ms,1788581192937000000,1788581252932000000,0
workspaceModel.moduleManagerBridge.get.modules.ms,1788581192937000000,1788581252932000000,0
workspaceModel.mutableEntityStorage.referrers.ms,1788581192937000000,1788581252932000000,0
jps.storage.jps.conf.reader.load.component.ms,1788581192937000000,1788581252932000000,0
jps.modifiable.module.model.bridge.load.module.ms,1788581192937000000,1788581252932000000,0
workspaceModel.orphan.listener.update.ms,1788581192937000000,1788581252932000000,0
jps.module.iml.entities.serializer.load.entities.ms,1788581192937000000,1788581252932000000,0
workspaceModel.mutableEntityStorage.to.snapshot.ms,1788581192937000000,1788581252932000000,0
jps.facet.change.listener.process.change.events.ms,1788581192937000000,1788581252932000000,0
workspaceModel.mutableEntityStorage.collect.changes.ms,1788581192937000000,1788581252932000000,0
workspaceModel.moduleManagerBridge.load.all.modules.ms,1788581192937000000,1788581252932000000,0
workspaceModel.mutableEntityStorage.modify.entity.ms,1788581192937000000,1788581252932000000,0
workspaceModel.mutableEntityStorage.resolve.ms,1788581192937000000,1788581252932000000,0
workspaceModel.global.updates.count,1788581192937000000,1788581252932000000,0
jps.artifact.entities.serializer.load.entities.ms,1788581192937000000,1788581252932000000,0
workspaceModel.mutableEntityStorage.remove.entity.ms,1788581192937000000,1788581252932000000,0
jps.project.serializers.save.ms,1788581192937000000,1788581252932000000,0
jps.facet.change.listener.before.change.events.ms,1788581192937000000,1788581252932000000,0
DiskQueryRelay.taskExecutionTotalTimeUs,1788581192937000000,1788581252932000000,0
writeAction.max.wait.ms,1788581192937000000,1788581252932000000,70
writeAction.wait.ms,1788581192937000000,1788581252932000000,0
DiskQueryRelay.taskWaitingTotalTimeUs,1788581192937000000,1788581252932000000,0
writeAction.count,1788581192937000000,1788581252932000000,0
LowMemory.gcLoad,1788581192937000000,1788581252932000000,4.314904876872533E-4
DiskQueryRelay.tasksExecuted,1788581192937000000,1788581252932000000,0
writeAction.median.wait.ms,1788581192937000000,1788581252932000000,100
DiskQueryRelay.tasksRequested,1788581192937000000,1788581252932000000,0
LowMemory.gcOverloaded,1788581192937000000,1788581252932000000,0
FileNameCache.queries,1788581192937000000,1788581252932000000,0
VFS.cache.directoriesCreated,1788581192937000000,1788581252932000000,0
VFS.cache.filesCreated,1788581192937000000,1788581252932000000,0
VFS.ContentWriter.totalTimeSpentOnAsyncOperationsUs,1788581192937000000,1788581252932000000,0
VFS.fileByIdCache.misses,1788581192937000000,1788581252932000000,0
VFS.contentStorage.recordsStoredCompressed,1788581192937000000,1788581252932000000,0
VFS.folderCaseSensitivityReads,1788581192937000000,1788581252932000000,0
VFS.contentStorage.recordsStored,1788581192937000000,1788581252932000000,0
VFS.contentStorage.recordsRead,1788581192937000000,1788581252932000000,0
VFS.contentStorage.recordsReadSize,1788581192937000000,1788581252932000000,0
VFS.invertedFileNameIndex.requests,1788581192937000000,1788581252932000000,0
VFS.cache.segmentsCreated,1788581192937000000,1788581252932000000,0
VFS.ContentWriter.totalTasksExecutedAsync,1788581192937000000,1788581252932000000,0
VFS.fileByIdCache.hits,1788581192937000000,1788581252932000000,0
VFS.contentStorage.recordsDeduplicated,1788581192937000000,1788581252932000000,0
VFS.cache.segments,1788581192937000000,1788581252932000000,315
VFS.contentStorage.recordsDecompressionTimeUs,1788581192937000000,1788581252932000000,0
VFS.ContentWriter.totalTimeSpentOnSyncOperationsUs,1788581192937000000,1788581252932000000,0
VFS.contentStorage.recordsUncompressedSize,1788581192937000000,1788581252932000000,0
VFS.fileChildByName,1788581192937000000,1788581252932000000,0
VFS.contentStorage.recordsReadDecompressed,1788581192937000000,1788581252932000000,0
VFS.ContentWriter.totalFlushes,1788581192937000000,1788581252932000000,0
VFS.rootsCount,1788581192937000000,1788581252932000000,298.0
VFS.ContentWriter.totalTasksExecutedSync,1788581192937000000,1788581252932000000,0
FileNameCache.totalMisses,1788581192937000000,1788581252932000000,0
VFS.contentStorage.recordsStoredSize,1788581192937000000,1788581252932000000,0
ReadAction.executionsCount,1788581192937000000,1788581252932000000,3
FlushQueue.queueSize90P,1788581192937000000,1788581252932000000,0
NonBlockingReadAction.failedExecutionsCount,1788581192937000000,1788581252932000000,0
FlushQueue.queueSizeAvg,1788581192937000000,1788581252932000000,0.0
AWTEventQueue.dispatchTime90PNs,1788581192937000000,1788581252932000000,0
WriteAction.executionsCount,1788581192937000000,1788581252932000000,0
NonBlockingReadAction.failedExecutionTimeUs,1788581192937000000,1788581252932000000,0
AWTEventQueue.dispatchTimeTotalNS,1788581192937000000,1788581252932000000,16848620
FlushQueue.executionTimeMaxNs,1788581192937000000,1788581252932000000,0
FlushQueue.waitingTimeAvgNs,1788581192937000000,1788581252932000000,0.0
AWTEventQueue.dispatchTimeMaxNs,1788581192937000000,1788581252932000000,0
FlushQueue.waitingTimeMaxNs,1788581192937000000,1788581252932000000,0
FlushQueue.waitingTime90PNs,1788581192937000000,1788581252932000000,0
AWTEventQueue.dispatchTimeAvgNs,1788581192937000000,1788581252932000000,0.0
AWTEventQueue.eventsDispatched,1788581192937000000,1788581252932000000,0
NonBlockingReadAction.finalizedExecutionTimeUs,1788581192937000000,1788581252932000000,0
NonBlockingReadAction.finalizedExecutionsCount,1788581192937000000,1788581252932000000,0
FlushQueue.executionTimeAvgNs,1788581192937000000,1788581252932000000,0.0
FlushQueue.tasksExecuted,1788581192937000000,1788581252932000000,0
FlushQueue.executionTime90PNs,1788581192937000000,1788581252932000000,0
FlushQueue.queueSizeMax,1788581192937000000,1788581252932000000,0
FilePageCache.pageFastCacheHits,1788581192937000000,1788581252932000000,177
FilePageCache.WAL.entriesFlushedOnClose,1788581192937000000,1788581252932000000,0
FilePageCache.WAL.entriesFlushedOnForce,1788581192937000000,1788581252932000000,0
MappedFileStorage.totalPagesMapped,1788581192937000000,1788581252932000000,17
FilePageCache.totalBytesStored,1788581192937000000,1788581252932000000,944
StreamlinedBlobStorage.totalLiveRecordsCapacityBytes,1788581192937000000,1788581252932000000,0
FilePageCache.WAL.bytesCopiedByApplyUnfinished,1788581192937000000,1788581252932000000,0
FilePageCache.maxCacheSizeInBytes,1788581192937000000,1788581252932000000,629153792
StorageLockContext.competingThreads.max,1788581192937000000,1788581252932000000,0
StreamlinedBlobStorage.recordsRelocated,1788581192937000000,1788581252932000000,0
FilePageCache.WAL.entriesFlushed,1788581192937000000,1788581252932000000,0
FilePageCache.disposedBuffers,1788581192937000000,1788581252932000000,0
MappedFileStorage.storages,1788581192937000000,1788581252932000000,17
FilePageCache.totalPageLoadsUs,1788581192937000000,1788581252932000000,0
FilePageCache.pageLoadsAboveSizeThreshold,1788581192937000000,1788581252932000000,0
FileChannelInterruptsRetryer.totalRetriedAttempts,1788581192937000000,1788581252932000000,0
FilePageCache.WAL.bytesQueued,1788581192937000000,1788581252932000000,0
StreamlinedBlobStorage.recordsDeleted,1788581192937000000,1788581252932000000,0
FilePageCache.totalPageStoresUs,1788581192937000000,1788581252932000000,51236
FilePageCache.pageLoads,1788581192937000000,1788581252932000000,0
FilePageCache.WAL.entriesFlushedOnRead,1788581192937000000,1788581252932000000,0
FilePageCache.WAL.flushesForcedByOverflow,1788581192937000000,1788581252932000000,0
DirectByteBufferAllocator.totalSizeOfBuffersAllocatedInBytes,1788581192937000000,1788581252932000000,3153920
FilePageCache.WAL.entriesFlushedOnTruncate,1788581192937000000,1788581252932000000,0
StorageLockContext.competingThreads.avg,1788581192937000000,1788581252932000000,0.0
DirectByteBufferAllocator.totalSizeOfBuffersCachedInBytes,1788581192937000000,1788581252932000000,52510720
FilePageCache.capacityInBytes,1788581192937000000,1788581252932000000,629145600
FilePageCache.totalPageDisposalsUs,1788581192937000000,1788581252932000000,0
FilePageCache.maxRegisteredFiles,1788581192937000000,1788581252932000000,1796
FilePageCache.pageHits,1788581192937000000,1788581252932000000,0
StorageLockContext.competingThreads.90P,1788581192937000000,1788581252932000000,0
FilePageCache.uncachedFileAccess,1788581192937000000,1788581252932000000,59
StreamlinedBlobStorage.recordsAllocated,1788581192937000000,1788581252932000000,0
DirectByteBufferAllocator.disposed,1788581192937000000,1788581252932000000,0
DirectByteBufferAllocator.reclaimed,1788581192937000000,1788581252932000000,0
StreamlinedBlobStorage.totalLiveRecordsPayloadBytes,1788581192937000000,1788581252932000000,0
MappedFileStorage.totalTimeSpentOnMappingUs,1788581192937000000,1788581252932000000,72260
MappedFileStorage.totalBytesMapped,1788581192937000000,1788581252932000000,266600448
DirectByteBufferAllocator.hits,1788581192937000000,1788581252932000000,0
DirectByteBufferAllocator.misses,1788581192937000000,1788581252932000000,0
cacheStateStorage.get.counter,1788581192937000000,1788581252932000000,0
cacheStateStorage.set.duration,1788581192937000000,1788581252932000000,0
cacheStateStorage.set.counter,1788581192937000000,1788581252932000000,0
cacheStateStorage.get.duration,1788581192937000000,1788581252932000000,0
Indexing.writer_3.totalTimeSpentWritingMs,1788581192937000000,1788581252932000000,0
Indexing.totalTimeIndexersSleptMs,1788581192937000000,1788581252932000000,0
Indexes.allKeys.lookups,1788581192937000000,1788581252932000000,0
Indexing.writesQueuedMax,1788581192937000000,1788581252932000000,0
Indexes.entries.lookupDurationAvgMs,1788581192937000000,1788581252932000000,0.0
Indexing.writer_1.totalTimeSpentWritingMs,1788581192937000000,1788581252932000000,0
Indexes.allKeys.lookupDuration90PMs,1788581192937000000,1788581252932000000,0.0
Indexes.stubs.lookupDurationMaxMs,1788581192937000000,1788581252932000000,0.0
Indexes.entries.lookupDuration90PMs,1788581192937000000,1788581252932000000,0.0
Indexes.entries.lookupDurationMaxMs,1788581192937000000,1788581252932000000,0.0
Indexing.writer_2.totalTimeSpentWritingMs,1788581192937000000,1788581252932000000,0
Indexes.stubs.lookupDuration90PMs,1788581192937000000,1788581252932000000,0.0
Indexing.writesQueuedMin,1788581192937000000,1788581252932000000,9223372036854775807
Indexing.writer_0.totalTimeSpentWritingMs,1788581192937000000,1788581252932000000,0
Indexing.cache.totalCacheAccesses,1788581192937000000,1788581252932000000,0
Indexes.entries.lookups,1788581192937000000,1788581252932000000,0
Indexes.stubs.lookupDurationAvgMs,1788581192937000000,1788581252932000000,0.0
Indexes.allKeys.lookupDurationMaxMs,1788581192937000000,1788581252932000000,0.0
Indexes.stubs.lookups,1788581192937000000,1788581252932000000,0
Indexing.cache.totalCacheEvicted,1788581192937000000,1788581252932000000,0
Indexes.allKeys.lookupDurationAvgMs,1788581192937000000,1788581252932000000,0.0
Indexing.cache.totalCacheMisses,1788581192937000000,1788581252932000000,0
workspaceModel.check.recursive.update.ms,1788581192937000000,1788581252932000000,0
workspaceModel.cachedValueWithParameters.calculated.count,1788581192937000000,1788581252932000000,0
workspaceModel.loading.total.ms,1788581192937000000,1788581252932000000,0
workspaceModel.workspaceFileIndexData.visitFileSets.ms,1788581192937000000,1788581252932000000,0
workspaceModel.cachedValue.from.cache.count,1788581192937000000,1788581252932000000,0
workspaceModel.non.incremental.contributors.total.update.time.ms,1788581192937000000,1788581252932000000,0
workspaceModel.workspaceFileIndexData.markDirty.ms,1788581192937000000,1788581252932000000,0
workspaceModel.cachedValueWithParameters.clear.count,1788581192937000000,1788581252932000000,0
workspaceModel.cachedValue.total.get.count,1788581192937000000,1788581252932000000,0
workspaceModel.non.incremental.contributors.file.sets.computation.time.ms,1788581192937000000,1788581252932000000,0
workspaceModel.collect.changes.ms,1788581192937000000,1788581252932000000,0
workspaceModel.cachedValueWithParameters.total.get.count,1788581192937000000,1788581252932000000,0
workspaceModel.update.unloaded.entities.ms,1788581192937000000,1788581252932000000,0
workspaceModel.cachedValue.clear.count,1788581192937000000,1788581252932000000,0
workspaceModel.cachedValue.calculated.count,1788581192937000000,1788581252932000000,0
workspaceModel.loading.from.cache.ms,1788581192937000000,1788581252932000000,0
workspaceModel.updates.ms,1788581192937000000,1788581252932000000,0
workspaceModel.workspaceFileIndexData.getFileInfo.ms,1788581192937000000,1788581252932000000,0
workspaceModel.replace.project.model.ms,1788581192937000000,1788581252932000000,0
workspaceModel.updates.count,1788581192937000000,1788581252932000000,0
workspaceModel.on.changed.ms,1788581192937000000,1788581252932000000,0
workspaceModel.workspaceFileIndexData.getPackageName.ms,1788581192937000000,1788581252932000000,0
workspaceModel.workspaceFileIndexData.processFileSets.ms,1788581192937000000,1788581252932000000,0
workspaceModel.pre.handlers.ms,1788581192937000000,1788581252932000000,0
workspaceModel.to.snapshot.ms,1788581192937000000,1788581252932000000,0
workspaceModel.workspaceFileIndexData.getDirectoriesByPackageName.ms,1788581192937000000,1788581252932000000,0
workspaceModel.init.bridges.ms,1788581192937000000,1788581252932000000,0
workspaceModel.workspaceFileIndexData.init.ms,1788581192937000000,1788581252932000000,0
workspaceModel.entityStorageSnapshotImpl.instances.count,1788581192937000000,1788581252932000000,0
workspaceModel.updates.precise.ms,1788581192937000000,1788581252932000000,0
workspaceModel.initializing.ms,1788581192937000000,1788581252932000000,0
workspaceModel.cachedValueWithParameters.from.cache.count,1788581192937000000,1788581252932000000,0
workspaceModel.full.replace.project.model.ms,1788581192937000000,1788581252932000000,0
workspaceModel.workspaceFileIndexData.updateDirtyEntities.ms,1788581192937000000,1788581252932000000,0
workspaceModel.on.before.changed.ms,1788581192937000000,1788581252932000000,0
workspaceModel.workspaceFileIndexData.onEntitiesChanged.ms,1788581192937000000,1788581252932000000,0
workspaceModel.non.incremental.contributors.exclude.roots.computation.time.ms,1788581192937000000,1788581252932000000,0
workspaceModel.workspaceFileIndexContributor.registerFileSets.ms,1788581192937000000,1788581252932000000,0
workspaceModel.workspaceFileIndexData.instances.count,1788581192937000000,1788581252932000000,0
compiler.ArtifactVirtualFileListener.propertyChanged.ms,1788581192937000000,1788581252932000000,0
compiler.ArtifactVirtualFileListener.filePathChanged.ms,1788581192937000000,1788581252932000000,0
compiler.ArtifactManagerBridge.findArtifact.ms,1788581192937000000,1788581252932000000,0
compiler.ArtifactManagerBridge.getArtifacts.ms,1788581192937000000,1788581252932000000,0
compiler.ArtifactManagerBridge.dropMappings.ms,1788581192937000000,1788581252932000000,0
compiler.ArtifactManagerBridge.commit.ms,1788581192937000000,1788581252932000000,0
compiler.ArtifactManagerBridge.getArtifactsByType.ms,1788581192937000000,1788581252932000000,0
compiler.ArtifactManagerBridge.addArtifact.ms,1788581192937000000,1788581252932000000,0
compiler.ArtifactManagerBridge.initBridges.ms,1788581192937000000,1788581252932000000,0
JVM.GC.collectionTimesMs,1788581192937000000,1788581252932000000,0
MEM.ramMinusFileMappingsBytes,1788581192937000000,1788581252932000000,255639552
JVM.usedNativeBytes,1788581192937000000,1788581252932000000,664507608
JVM.totalCpuTimeMs,1788581192937000000,1788581252932000000,2154
JVM.maxThreadCount,1788581192937000000,1788581252932000000,172
JVM.threadCount,1788581192937000000,1788581252932000000,71
JVM.GC.collections,1788581192937000000,1788581252932000000,0
JVM.totalTimeToSafepointsMs,1788581192937000000,1788581252932000000,0
MEM.ramBytes,1788581192937000000,1788581252932000000,282312704
JVM.committedHeapBytes,1788581192937000000,1788581252932000000,1181745152
JVM.usedHeapBytes,1788581192937000000,1788581252932000000,855235112
JVM.totalDirectByteBuffersBytes,1788581192937000000,1788581252932000000,3414024
MEM.ramPlusSwapMinusFileMappingsBytes,1788581192937000000,1788581252932000000,2290973824
JVM.totalSafepointCount,1788581192937000000,1788581252932000000,0
JVM.totalBytesAllocated,1788581192937000000,1788581252932000000,14708328
OS.loadAverage,1788581192937000000,1788581252932000000,2.376953125
MEM.fileMappingsRamBytes,1788581192937000000,1788581252932000000,26673152
JVM.newThreadsCount,1788581192937000000,1788581252932000000,0
JVM.maxHeapBytes,1788581192937000000,1788581252932000000,2147483648
JVM.totalTimeAtSafepointsMs,1788581192937000000,1788581252932000000,0
workspaceModel.mutableEntityStorage.changeLog.addReplaceEventForNewChild.ms,1788581252932000000,1788581312926000000,0
jps.facet.change.listener.init.bridge.ms,1788581252932000000,1788581312926000000,0
jps.global.get.library.ms,1788581252932000000,1788581312926000000,0
workspaceModel.moduleBridge.update.option.ms,1788581252932000000,1788581312926000000,0
workspaceModel.moduleBridgeLoader.loading.modules.ms,1788581252932000000,1788581312926000000,0
workspaceModel.global.apply.state.to.project.builder.ms,1788581252932000000,1788581312926000000,0
jps.library.entities.serializer.load.entities.ms,1788581252932000000,1788581312926000000,0
workspaceModel.moduleBridge.facet.initialization.ms,1788581252932000000,1788581312926000000,0
jps.global.handle.changed.events.ms,1788581252932000000,1788581312926000000,0
jps.modifiable.module.model.bridge.disposing.ms,1788581252932000000,1788581312926000000,0
workspaceModel.moduleManagerBridge.create.module.instance.ms,1788581252932000000,1788581312926000000,0
jps.reload.project.entities.ms,1788581252932000000,1788581312926000000,0
jps.app.storage.content.reader.load.component.ms,1788581252932000000,1788581312926000000,0
jps.modifiable.module.model.bridge.renaming.ms,1788581252932000000,1788581312926000000,0
workspaceModel.sync.entities.ms,1788581252932000000,1788581312926000000,0
jps.artifact.entities.serializer.save.entities.ms,1788581252932000000,1788581312926000000,0
workspaceModel.moduleManagerBridge.new.nonPersistent.module.ms,1788581252932000000,1788581312926000000,0
jps.app.storage.content.writer.save.component.ms,1788581252932000000,1788581312926000000,0
workspaceModel.mutableEntityStorage.add.entity.ms,1788581252932000000,1788581312926000000,0
workspaceModel.moduleBridge.before.changed.ms,1788581252932000000,1788581312926000000,0
jps.global.handle.before.change.events.ms,1788581252932000000,1788581312926000000,0
workspaceModel.mutableEntityStorage.mutable.ext.mapping.ms,1788581252932000000,1788581312926000000,0
jps.save.changed.project.entities.ms,1788581252932000000,1788581312926000000,0
jps.module.iml.entities.serializer.save.entities.ms,1788581252932000000,1788581312926000000,0
workspaceModel.moduleManagerBridge.set.unloadedModules.ms,1788581252932000000,1788581312926000000,0
workspaceModel.mutableEntityStorage.changeLog.addReplaceEventForRemovedChild.ms,1788581252932000000,1788581312926000000,0
workspaceModel.mutableEntityStorage.changeLog.addReplaceEventForRemovedParent.ms,1788581252932000000,1788581312926000000,0
jps.global.get.library.by.name.ms,1788581252932000000,1788581312926000000,0
workspaceModel.global.apply.state.to.project.ms,1788581252932000000,1788581312926000000,0
workspaceModel.moduleManagerBridge.load.module.ms,1788581252932000000,1788581312926000000,0
workspaceModel.mutableEntityStorage.mutable.vfurl.index.ms,1788581252932000000,1788581312926000000,0
workspaceModel.mutableEntityStorage.entities.ms,1788581252932000000,1788581312926000000,0
jps.global.initialize.library.bridges.after.loading.ms,1788581252932000000,1788581312926000000,0
workspaceModel.mutableEntityStorage.apply.changes.from.ms,1788581252932000000,1788581312926000000,0
workspaceModel.load.cache.metadata.from.file.ms,1788581252932000000,1788581312926000000,0
jps.save.global.entities.ms,1788581252932000000,1788581312926000000,0
workspaceModel.global.updates.ms,1788581252932000000,1788581312926000000,0
workspaceModel.mutableEntityStorage.changeLog.addReplaceEventForNewParent.ms,1788581252932000000,1788581312926000000,0
workspaceModel.mutableEntityStorage.has.same.entities.ms,1788581252932000000,1788581312926000000,0
workspaceModel.mutableEntityStorage.put.entity.ms,1788581252932000000,1788581312926000000,0
jps.load.project.to.empty.storage.ms,1788581252932000000,1788581312926000000,0
jps.project.serializers.load.ms,1788581252932000000,1788581312926000000,0
jps.load.initial.state.ms,1788581252932000000,1788581312926000000,0
workspaceModel.mutableEntityStorage.replace.by.source.ms,1788581252932000000,1788581312926000000,0
workspaceModel.save.cache.to.file.ms,1788581252932000000,1788581312926000000,0
workspaceModel.moduleManagerBridge.newModule.ms,1788581252932000000,1788581312926000000,0
jps.apply.loaded.storage.ms,1788581252932000000,1788581312926000000,0
jps.modifiable.module.model.bridge.new.module.ms,1788581252932000000,1788581312926000000,0
workspaceModel.mutableEntityStorage.entities.by.source.ms,1788581252932000000,1788581312926000000,0
workspaceModel.load.cache.from.file.ms,1788581252932000000,1788581312926000000,0
workspaceModel.mutableEntityStorage.hasReferrers.ms,1788581252932000000,1788581312926000000,0
jps.module.dependency.index.workspace.model.listener.on.changed.ms,1788581252932000000,1788581312926000000,0
jps.global.initialize.library.bridges.ms,1788581252932000000,1788581312926000000,0
workspaceModel.mutableEntityStorage.instances.count,1788581252932000000,1788581312926000000,0
jps.library.entities.serializer.save.entities.ms,1788581252932000000,1788581312926000000,0
workspaceModel.do.save.caches.ms,1788581252932000000,1788581312926000000,0
workspaceModel.moduleManagerBridge.build.module.graph.ms,1788581252932000000,1788581312926000000,0
jps.global.get.libraries.ms,1788581252932000000,1788581312926000000,0
workspaceModel.moduleManagerBridge.get.modules.ms,1788581252932000000,1788581312926000000,0
workspaceModel.mutableEntityStorage.referrers.ms,1788581252932000000,1788581312926000000,0
jps.storage.jps.conf.reader.load.component.ms,1788581252932000000,1788581312926000000,0
jps.modifiable.module.model.bridge.load.module.ms,1788581252932000000,1788581312926000000,0
workspaceModel.orphan.listener.update.ms,1788581252932000000,1788581312926000000,0
jps.module.iml.entities.serializer.load.entities.ms,1788581252932000000,1788581312926000000,0
workspaceModel.mutableEntityStorage.to.snapshot.ms,1788581252932000000,1788581312926000000,0
jps.facet.change.listener.process.change.events.ms,1788581252932000000,1788581312926000000,0
workspaceModel.mutableEntityStorage.collect.changes.ms,1788581252932000000,1788581312926000000,0
workspaceModel.moduleManagerBridge.load.all.modules.ms,1788581252932000000,1788581312926000000,0
workspaceModel.mutableEntityStorage.modify.entity.ms,1788581252932000000,1788581312926000000,0
workspaceModel.mutableEntityStorage.resolve.ms,1788581252932000000,1788581312926000000,0
workspaceModel.global.updates.count,1788581252932000000,1788581312926000000,0
jps.artifact.entities.serializer.load.entities.ms,1788581252932000000,1788581312926000000,0
workspaceModel.mutableEntityStorage.remove.entity.ms,1788581252932000000,1788581312926000000,0
jps.project.serializers.save.ms,1788581252932000000,1788581312926000000,0
jps.facet.change.listener.before.change.events.ms,1788581252932000000,1788581312926000000,0
DiskQueryRelay.taskExecutionTotalTimeUs,1788581252932000000,1788581312926000000,0
writeAction.max.wait.ms,1788581252932000000,1788581312926000000,70
writeAction.wait.ms,1788581252932000000,1788581312926000000,0
DiskQueryRelay.taskWaitingTotalTimeUs,1788581252932000000,1788581312926000000,0
writeAction.count,1788581252932000000,1788581312926000000,0
LowMemory.gcLoad,1788581252932000000,1788581312926000000,2.214903005881387E-4
DiskQueryRelay.tasksExecuted,1788581252932000000,1788581312926000000,0
writeAction.median.wait.ms,1788581252932000000,1788581312926000000,100
DiskQueryRelay.tasksRequested,1788581252932000000,1788581312926000000,0
LowMemory.gcOverloaded,1788581252932000000,1788581312926000000,0
FileNameCache.queries,1788581252932000000,1788581312926000000,0
VFS.cache.directoriesCreated,1788581252932000000,1788581312926000000,0
VFS.cache.filesCreated,1788581252932000000,1788581312926000000,0
VFS.ContentWriter.totalTimeSpentOnAsyncOperationsUs,1788581252932000000,1788581312926000000,0
VFS.fileByIdCache.misses,1788581252932000000,1788581312926000000,0
VFS.contentStorage.recordsStoredCompressed,1788581252932000000,1788581312926000000,0
VFS.folderCaseSensitivityReads,1788581252932000000,1788581312926000000,0
VFS.contentStorage.recordsStored,1788581252932000000,1788581312926000000,0
VFS.contentStorage.recordsRead,1788581252932000000,1788581312926000000,0
VFS.contentStorage.recordsReadSize,1788581252932000000,1788581312926000000,0
VFS.invertedFileNameIndex.requests,1788581252932000000,1788581312926000000,0
VFS.cache.segmentsCreated,1788581252932000000,1788581312926000000,0
VFS.ContentWriter.totalTasksExecutedAsync,1788581252932000000,1788581312926000000,0
VFS.fileByIdCache.hits,1788581252932000000,1788581312926000000,0
VFS.contentStorage.recordsDeduplicated,1788581252932000000,1788581312926000000,0
VFS.cache.segments,1788581252932000000,1788581312926000000,315
VFS.contentStorage.recordsDecompressionTimeUs,1788581252932000000,1788581312926000000,0
VFS.ContentWriter.totalTimeSpentOnSyncOperationsUs,1788581252932000000,1788581312926000000,0
VFS.contentStorage.recordsUncompressedSize,1788581252932000000,1788581312926000000,0
VFS.fileChildByName,1788581252932000000,1788581312926000000,0
VFS.contentStorage.recordsReadDecompressed,1788581252932000000,1788581312926000000,0
VFS.ContentWriter.totalFlushes,1788581252932000000,1788581312926000000,0
VFS.rootsCount,1788581252932000000,1788581312926000000,298.0
VFS.ContentWriter.totalTasksExecutedSync,1788581252932000000,1788581312926000000,0
FileNameCache.totalMisses,1788581252932000000,1788581312926000000,0
VFS.contentStorage.recordsStoredSize,1788581252932000000,1788581312926000000,0
ReadAction.executionsCount,1788581252932000000,1788581312926000000,3
FlushQueue.queueSize90P,1788581252932000000,1788581312926000000,0
NonBlockingReadAction.failedExecutionsCount,1788581252932000000,1788581312926000000,0
FlushQueue.queueSizeAvg,1788581252932000000,1788581312926000000,0.0
AWTEventQueue.dispatchTime90PNs,1788581252932000000,1788581312926000000,0
WriteAction.executionsCount,1788581252932000000,1788581312926000000,0
NonBlockingReadAction.failedExecutionTimeUs,1788581252932000000,1788581312926000000,0
AWTEventQueue.dispatchTimeTotalNS,1788581252932000000,1788581312926000000,16089833
FlushQueue.executionTimeMaxNs,1788581252932000000,1788581312926000000,0
FlushQueue.waitingTimeAvgNs,1788581252932000000,1788581312926000000,0.0
AWTEventQueue.dispatchTimeMaxNs,1788581252932000000,1788581312926000000,0
FlushQueue.waitingTimeMaxNs,1788581252932000000,1788581312926000000,0
FlushQueue.waitingTime90PNs,1788581252932000000,1788581312926000000,0
AWTEventQueue.dispatchTimeAvgNs,1788581252932000000,1788581312926000000,0.0
AWTEventQueue.eventsDispatched,1788581252932000000,1788581312926000000,0
NonBlockingReadAction.finalizedExecutionTimeUs,1788581252932000000,1788581312926000000,0
NonBlockingReadAction.finalizedExecutionsCount,1788581252932000000,1788581312926000000,0
FlushQueue.executionTimeAvgNs,1788581252932000000,1788581312926000000,0.0
FlushQueue.tasksExecuted,1788581252932000000,1788581312926000000,0
FlushQueue.executionTime90PNs,1788581252932000000,1788581312926000000,0
FlushQueue.queueSizeMax,1788581252932000000,1788581312926000000,0
FilePageCache.pageFastCacheHits,1788581252932000000,1788581312926000000,180
FilePageCache.WAL.entriesFlushedOnClose,1788581252932000000,1788581312926000000,0
FilePageCache.WAL.entriesFlushedOnForce,1788581252932000000,1788581312926000000,0
MappedFileStorage.totalPagesMapped,1788581252932000000,1788581312926000000,17
FilePageCache.totalBytesStored,1788581252932000000,1788581312926000000,960
StreamlinedBlobStorage.totalLiveRecordsCapacityBytes,1788581252932000000,1788581312926000000,0
FilePageCache.WAL.bytesCopiedByApplyUnfinished,1788581252932000000,1788581312926000000,0
FilePageCache.maxCacheSizeInBytes,1788581252932000000,1788581312926000000,629153792
StorageLockContext.competingThreads.max,1788581252932000000,1788581312926000000,0
StreamlinedBlobStorage.recordsRelocated,1788581252932000000,1788581312926000000,0
FilePageCache.WAL.entriesFlushed,1788581252932000000,1788581312926000000,0
FilePageCache.disposedBuffers,1788581252932000000,1788581312926000000,0
MappedFileStorage.storages,1788581252932000000,1788581312926000000,17
FilePageCache.totalPageLoadsUs,1788581252932000000,1788581312926000000,0
FilePageCache.pageLoadsAboveSizeThreshold,1788581252932000000,1788581312926000000,0
FileChannelInterruptsRetryer.totalRetriedAttempts,1788581252932000000,1788581312926000000,0
FilePageCache.WAL.bytesQueued,1788581252932000000,1788581312926000000,0
StreamlinedBlobStorage.recordsDeleted,1788581252932000000,1788581312926000000,0
FilePageCache.totalPageStoresUs,1788581252932000000,1788581312926000000,57400
FilePageCache.pageLoads,1788581252932000000,1788581312926000000,0
FilePageCache.WAL.entriesFlushedOnRead,1788581252932000000,1788581312926000000,0
FilePageCache.WAL.flushesForcedByOverflow,1788581252932000000,1788581312926000000,0
DirectByteBufferAllocator.totalSizeOfBuffersAllocatedInBytes,1788581252932000000,1788581312926000000,3153920
FilePageCache.WAL.entriesFlushedOnTruncate,1788581252932000000,1788581312926000000,0
StorageLockContext.competingThreads.avg,1788581252932000000,1788581312926000000,0.0
DirectByteBufferAllocator.totalSizeOfBuffersCachedInBytes,1788581252932000000,1788581312926000000,52510720
FilePageCache.capacityInBytes,1788581252932000000,1788581312926000000,629145600
FilePageCache.totalPageDisposalsUs,1788581252932000000,1788581312926000000,0
FilePageCache.maxRegisteredFiles,1788581252932000000,1788581312926000000,1796
FilePageCache.pageHits,1788581252932000000,1788581312926000000,0
StorageLockContext.competingThreads.90P,1788581252932000000,1788581312926000000,0
FilePageCache.uncachedFileAccess,1788581252932000000,1788581312926000000,60
StreamlinedBlobStorage.recordsAllocated,1788581252932000000,1788581312926000000,0
DirectByteBufferAllocator.disposed,1788581252932000000,1788581312926000000,0
DirectByteBufferAllocator.reclaimed,1788581252932000000,1788581312926000000,0
StreamlinedBlobStorage.totalLiveRecordsPayloadBytes,1788581252932000000,1788581312926000000,0
MappedFileStorage.totalTimeSpentOnMappingUs,1788581252932000000,1788581312926000000,72260
MappedFileStorage.totalBytesMapped,1788581252932000000,1788581312926000000,266600448
DirectByteBufferAllocator.hits,1788581252932000000,1788581312926000000,0
DirectByteBufferAllocator.misses,1788581252932000000,1788581312926000000,0
cacheStateStorage.get.counter,1788581252932000000,1788581312926000000,0
cacheStateStorage.set.duration,1788581252932000000,1788581312926000000,0
cacheStateStorage.set.counter,1788581252932000000,1788581312926000000,0
cacheStateStorage.get.duration,1788581252932000000,1788581312926000000,0
Indexing.writer_3.totalTimeSpentWritingMs,1788581252932000000,1788581312926000000,0
Indexing.totalTimeIndexersSleptMs,1788581252932000000,1788581312926000000,0
Indexes.allKeys.lookups,1788581252932000000,1788581312926000000,0
Indexing.writesQueuedMax,1788581252932000000,1788581312926000000,0
Indexes.entries.lookupDurationAvgMs,1788581252932000000,1788581312926000000,0.0
Indexing.writer_1.totalTimeSpentWritingMs,1788581252932000000,1788581312926000000,0
Indexes.allKeys.lookupDuration90PMs,1788581252932000000,1788581312926000000,0.0
Indexes.stubs.lookupDurationMaxMs,1788581252932000000,1788581312926000000,0.0
Indexes.entries.lookupDuration90PMs,1788581252932000000,1788581312926000000,0.0
Indexes.entries.lookupDurationMaxMs,1788581252932000000,1788581312926000000,0.0
Indexing.writer_2.totalTimeSpentWritingMs,1788581252932000000,1788581312926000000,0
Indexes.stubs.lookupDuration90PMs,1788581252932000000,1788581312926000000,0.0
Indexing.writesQueuedMin,1788581252932000000,1788581312926000000,9223372036854775807
Indexing.writer_0.totalTimeSpentWritingMs,1788581252932000000,1788581312926000000,0
Indexing.cache.totalCacheAccesses,1788581252932000000,1788581312926000000,0
Indexes.entries.lookups,1788581252932000000,1788581312926000000,0
Indexes.stubs.lookupDurationAvgMs,1788581252932000000,1788581312926000000,0.0
Indexes.allKeys.lookupDurationMaxMs,1788581252932000000,1788581312926000000,0.0
Indexes.stubs.lookups,1788581252932000000,1788581312926000000,0
Indexing.cache.totalCacheEvicted,1788581252932000000,1788581312926000000,0
Indexes.allKeys.lookupDurationAvgMs,1788581252932000000,1788581312926000000,0.0
Indexing.cache.totalCacheMisses,1788581252932000000,1788581312926000000,0
workspaceModel.check.recursive.update.ms,1788581252932000000,1788581312926000000,0
workspaceModel.cachedValueWithParameters.calculated.count,1788581252932000000,1788581312926000000,0
workspaceModel.loading.total.ms,1788581252932000000,1788581312926000000,0
workspaceModel.workspaceFileIndexData.visitFileSets.ms,1788581252932000000,1788581312926000000,0
workspaceModel.cachedValue.from.cache.count,1788581252932000000,1788581312926000000,0
workspaceModel.non.incremental.contributors.total.update.time.ms,1788581252932000000,1788581312926000000,0
workspaceModel.workspaceFileIndexData.markDirty.ms,1788581252932000000,1788581312926000000,0
workspaceModel.cachedValueWithParameters.clear.count,1788581252932000000,1788581312926000000,0
workspaceModel.cachedValue.total.get.count,1788581252932000000,1788581312926000000,0
workspaceModel.non.incremental.contributors.file.sets.computation.time.ms,1788581252932000000,1788581312926000000,0
workspaceModel.collect.changes.ms,1788581252932000000,1788581312926000000,0
workspaceModel.cachedValueWithParameters.total.get.count,1788581252932000000,1788581312926000000,0
workspaceModel.update.unloaded.entities.ms,1788581252932000000,1788581312926000000,0
workspaceModel.cachedValue.clear.count,1788581252932000000,1788581312926000000,0
workspaceModel.cachedValue.calculated.count,1788581252932000000,1788581312926000000,0
workspaceModel.loading.from.cache.ms,1788581252932000000,1788581312926000000,0
workspaceModel.updates.ms,1788581252932000000,1788581312926000000,0
workspaceModel.workspaceFileIndexData.getFileInfo.ms,1788581252932000000,1788581312926000000,0
workspaceModel.replace.project.model.ms,1788581252932000000,1788581312926000000,0
workspaceModel.updates.count,1788581252932000000,1788581312926000000,0
workspaceModel.on.changed.ms,1788581252932000000,1788581312926000000,0
workspaceModel.workspaceFileIndexData.getPackageName.ms,1788581252932000000,1788581312926000000,0
workspaceModel.workspaceFileIndexData.processFileSets.ms,1788581252932000000,1788581312926000000,0
workspaceModel.pre.handlers.ms,1788581252932000000,1788581312926000000,0
workspaceModel.to.snapshot.ms,1788581252932000000,1788581312926000000,0
workspaceModel.workspaceFileIndexData.getDirectoriesByPackageName.ms,1788581252932000000,1788581312926000000,0
workspaceModel.init.bridges.ms,1788581252932000000,1788581312926000000,0
workspaceModel.workspaceFileIndexData.init.ms,1788581252932000000,1788581312926000000,0
workspaceModel.entityStorageSnapshotImpl.instances.count,1788581252932000000,1788581312926000000,0
workspaceModel.updates.precise.ms,1788581252932000000,1788581312926000000,0
workspaceModel.initializing.ms,1788581252932000000,1788581312926000000,0
workspaceModel.cachedValueWithParameters.from.cache.count,1788581252932000000,1788581312926000000,0
workspaceModel.full.replace.project.model.ms,1788581252932000000,1788581312926000000,0
workspaceModel.workspaceFileIndexData.updateDirtyEntities.ms,1788581252932000000,1788581312926000000,0
workspaceModel.on.before.changed.ms,1788581252932000000,1788581312926000000,0
workspaceModel.workspaceFileIndexData.onEntitiesChanged.ms,1788581252932000000,1788581312926000000,0
workspaceModel.non.incremental.contributors.exclude.roots.computation.time.ms,1788581252932000000,1788581312926000000,0
workspaceModel.workspaceFileIndexContributor.registerFileSets.ms,1788581252932000000,1788581312926000000,0
workspaceModel.workspaceFileIndexData.instances.count,1788581252932000000,1788581312926000000,0
compiler.ArtifactVirtualFileListener.propertyChanged.ms,1788581252932000000,1788581312926000000,0
compiler.ArtifactVirtualFileListener.filePathChanged.ms,1788581252932000000,1788581312926000000,0
compiler.ArtifactManagerBridge.findArtifact.ms,1788581252932000000,1788581312926000000,0
compiler.ArtifactManagerBridge.getArtifacts.ms,1788581252932000000,1788581312926000000,0
compiler.ArtifactManagerBridge.dropMappings.ms,1788581252932000000,1788581312926000000,0
compiler.ArtifactManagerBridge.commit.ms,1788581252932000000,1788581312926000000,0
compiler.ArtifactManagerBridge.getArtifactsByType.ms,1788581252932000000,1788581312926000000,0
compiler.ArtifactManagerBridge.addArtifact.ms,1788581252932000000,1788581312926000000,0
compiler.ArtifactManagerBridge.initBridges.ms,1788581252932000000,1788581312926000000,0
JVM.GC.collectionTimesMs,1788581252932000000,1788581312926000000,61
MEM.ramMinusFileMappingsBytes,1788581252932000000,1788581312926000000,391675904
JVM.usedNativeBytes,1788581252932000000,1788581312926000000,664927304
JVM.totalCpuTimeMs,1788581252932000000,1788581312926000000,2198
JVM.maxThreadCount,1788581252932000000,1788581312926000000,172
JVM.threadCount,1788581252932000000,1788581312926000000,67
JVM.GC.collections,1788581252932000000,1788581312926000000,1
JVM.totalTimeToSafepointsMs,1788581252932000000,1788581312926000000,0
MEM.ramBytes,1788581252932000000,1788581312926000000,418529280
JVM.committedHeapBytes,1788581252932000000,1788581312926000000,1181745152
JVM.usedHeapBytes,1788581252932000000,1788581312926000000,697152344
JVM.totalDirectByteBuffersBytes,1788581252932000000,1788581312926000000,3414024
MEM.ramPlusSwapMinusFileMappingsBytes,1788581252932000000,1788581312926000000,2290515008
JVM.totalSafepointCount,1788581252932000000,1788581312926000000,1
JVM.totalBytesAllocated,1788581252932000000,1788581312926000000,14507576
OS.loadAverage,1788581252932000000,1788581312926000000,1.68994140625
MEM.fileMappingsRamBytes,1788581252932000000,1788581312926000000,26853376
JVM.newThreadsCount,1788581252932000000,1788581312926000000,0
JVM.maxHeapBytes,1788581252932000000,1788581312926000000,2147483648
JVM.totalTimeAtSafepointsMs,1788581252932000000,1788581312926000000,61
workspaceModel.mutableEntityStorage.changeLog.addReplaceEventForNewChild.ms,1788581312926000000,1788581372894000000,0
jps.facet.change.listener.init.bridge.ms,1788581312926000000,1788581372894000000,0
jps.global.get.library.ms,1788581312926000000,1788581372894000000,0
workspaceModel.moduleBridge.update.option.ms,1788581312926000000,1788581372894000000,0
workspaceModel.moduleBridgeLoader.loading.modules.ms,1788581312926000000,1788581372894000000,0
workspaceModel.global.apply.state.to.project.builder.ms,1788581312926000000,1788581372894000000,0
jps.library.entities.serializer.load.entities.ms,1788581312926000000,1788581372894000000,0
workspaceModel.moduleBridge.facet.initialization.ms,1788581312926000000,1788581372894000000,0
jps.global.handle.changed.events.ms,1788581312926000000,1788581372894000000,0
jps.modifiable.module.model.bridge.disposing.ms,1788581312926000000,1788581372894000000,0
workspaceModel.moduleManagerBridge.create.module.instance.ms,1788581312926000000,1788581372894000000,0
jps.reload.project.entities.ms,1788581312926000000,1788581372894000000,0
jps.app.storage.content.reader.load.component.ms,1788581312926000000,1788581372894000000,0
jps.modifiable.module.model.bridge.renaming.ms,1788581312926000000,1788581372894000000,0
workspaceModel.sync.entities.ms,1788581312926000000,1788581372894000000,0
jps.artifact.entities.serializer.save.entities.ms,1788581312926000000,1788581372894000000,0
workspaceModel.moduleManagerBridge.new.nonPersistent.module.ms,1788581312926000000,1788581372894000000,0
jps.app.storage.content.writer.save.component.ms,1788581312926000000,1788581372894000000,6
workspaceModel.mutableEntityStorage.add.entity.ms,1788581312926000000,1788581372894000000,0
workspaceModel.moduleBridge.before.changed.ms,1788581312926000000,1788581372894000000,0
jps.global.handle.before.change.events.ms,1788581312926000000,1788581372894000000,0
workspaceModel.mutableEntityStorage.mutable.ext.mapping.ms,1788581312926000000,1788581372894000000,0
jps.save.changed.project.entities.ms,1788581312926000000,1788581372894000000,2
jps.module.iml.entities.serializer.save.entities.ms,1788581312926000000,1788581372894000000,0
workspaceModel.moduleManagerBridge.set.unloadedModules.ms,1788581312926000000,1788581372894000000,0
workspaceModel.mutableEntityStorage.changeLog.addReplaceEventForRemovedChild.ms,1788581312926000000,1788581372894000000,0
workspaceModel.mutableEntityStorage.changeLog.addReplaceEventForRemovedParent.ms,1788581312926000000,1788581372894000000,0
jps.global.get.library.by.name.ms,1788581312926000000,1788581372894000000,0
workspaceModel.global.apply.state.to.project.ms,1788581312926000000,1788581372894000000,0
workspaceModel.moduleManagerBridge.load.module.ms,1788581312926000000,1788581372894000000,0
workspaceModel.mutableEntityStorage.mutable.vfurl.index.ms,1788581312926000000,1788581372894000000,0
workspaceModel.mutableEntityStorage.entities.ms,1788581312926000000,1788581372894000000,0
jps.global.initialize.library.bridges.after.loading.ms,1788581312926000000,1788581372894000000,0
workspaceModel.mutableEntityStorage.apply.changes.from.ms,1788581312926000000,1788581372894000000,0
workspaceModel.load.cache.metadata.from.file.ms,1788581312926000000,1788581372894000000,0
jps.save.global.entities.ms,1788581312926000000,1788581372894000000,14
workspaceModel.global.updates.ms,1788581312926000000,1788581372894000000,0
workspaceModel.mutableEntityStorage.changeLog.addReplaceEventForNewParent.ms,1788581312926000000,1788581372894000000,0
workspaceModel.mutableEntityStorage.has.same.entities.ms,1788581312926000000,1788581372894000000,0
workspaceModel.mutableEntityStorage.put.entity.ms,1788581312926000000,1788581372894000000,0
jps.load.project.to.empty.storage.ms,1788581312926000000,1788581372894000000,0
jps.project.serializers.load.ms,1788581312926000000,1788581372894000000,0
jps.load.initial.state.ms,1788581312926000000,1788581372894000000,0
workspaceModel.mutableEntityStorage.replace.by.source.ms,1788581312926000000,1788581372894000000,0
workspaceModel.save.cache.to.file.ms,1788581312926000000,1788581372894000000,0
workspaceModel.moduleManagerBridge.newModule.ms,1788581312926000000,1788581372894000000,0
jps.apply.loaded.storage.ms,1788581312926000000,1788581372894000000,0
jps.modifiable.module.model.bridge.new.module.ms,1788581312926000000,1788581372894000000,0
workspaceModel.mutableEntityStorage.entities.by.source.ms,1788581312926000000,1788581372894000000,0
workspaceModel.load.cache.from.file.ms,1788581312926000000,1788581372894000000,0
workspaceModel.mutableEntityStorage.hasReferrers.ms,1788581312926000000,1788581372894000000,0
jps.module.dependency.index.workspace.model.listener.on.changed.ms,1788581312926000000,1788581372894000000,0
jps.global.initialize.library.bridges.ms,1788581312926000000,1788581372894000000,0
workspaceModel.mutableEntityStorage.instances.count,1788581312926000000,1788581372894000000,0
jps.library.entities.serializer.save.entities.ms,1788581312926000000,1788581372894000000,0
workspaceModel.do.save.caches.ms,1788581312926000000,1788581372894000000,0
workspaceModel.moduleManagerBridge.build.module.graph.ms,1788581312926000000,1788581372894000000,0
jps.global.get.libraries.ms,1788581312926000000,1788581372894000000,0
workspaceModel.moduleManagerBridge.get.modules.ms,1788581312926000000,1788581372894000000,0
workspaceModel.mutableEntityStorage.referrers.ms,1788581312926000000,1788581372894000000,0
jps.storage.jps.conf.reader.load.component.ms,1788581312926000000,1788581372894000000,0
jps.modifiable.module.model.bridge.load.module.ms,1788581312926000000,1788581372894000000,0
workspaceModel.orphan.listener.update.ms,1788581312926000000,1788581372894000000,0
jps.module.iml.entities.serializer.load.entities.ms,1788581312926000000,1788581372894000000,0
workspaceModel.mutableEntityStorage.to.snapshot.ms,1788581312926000000,1788581372894000000,0
jps.facet.change.listener.process.change.events.ms,1788581312926000000,1788581372894000000,0
workspaceModel.mutableEntityStorage.collect.changes.ms,1788581312926000000,1788581372894000000,0
workspaceModel.moduleManagerBridge.load.all.modules.ms,1788581312926000000,1788581372894000000,0
workspaceModel.mutableEntityStorage.modify.entity.ms,1788581312926000000,1788581372894000000,0
workspaceModel.mutableEntityStorage.resolve.ms,1788581312926000000,1788581372894000000,0
workspaceModel.global.updates.count,1788581312926000000,1788581372894000000,0
jps.artifact.entities.serializer.load.entities.ms,1788581312926000000,1788581372894000000,0
workspaceModel.mutableEntityStorage.remove.entity.ms,1788581312926000000,1788581372894000000,0
jps.project.serializers.save.ms,1788581312926000000,1788581372894000000,1
jps.facet.change.listener.before.change.events.ms,1788581312926000000,1788581372894000000,0
DiskQueryRelay.taskExecutionTotalTimeUs,1788581312926000000,1788581372894000000,62098
writeAction.max.wait.ms,1788581312926000000,1788581372894000000,70
writeAction.wait.ms,1788581312926000000,1788581372894000000,0
DiskQueryRelay.taskWaitingTotalTimeUs,1788581312926000000,1788581372894000000,67718
writeAction.count,1788581312926000000,1788581372894000000,0
LowMemory.gcLoad,1788581312926000000,1788581372894000000,0.005572473992812539
DiskQueryRelay.tasksExecuted,1788581312926000000,1788581372894000000,35
writeAction.median.wait.ms,1788581312926000000,1788581372894000000,100
DiskQueryRelay.tasksRequested,1788581312926000000,1788581372894000000,35
LowMemory.gcOverloaded,1788581312926000000,1788581372894000000,0
FileNameCache.queries,1788581312926000000,1788581372894000000,0
VFS.cache.directoriesCreated,1788581312926000000,1788581372894000000,0
VFS.cache.filesCreated,1788581312926000000,1788581372894000000,75
VFS.ContentWriter.totalTimeSpentOnAsyncOperationsUs,1788581312926000000,1788581372894000000,0
VFS.fileByIdCache.misses,1788581312926000000,1788581372894000000,3
VFS.contentStorage.recordsStoredCompressed,1788581312926000000,1788581372894000000,0
VFS.folderCaseSensitivityReads,1788581312926000000,1788581372894000000,0
VFS.contentStorage.recordsStored,1788581312926000000,1788581372894000000,0
VFS.contentStorage.recordsRead,1788581312926000000,1788581372894000000,0
VFS.contentStorage.recordsReadSize,1788581312926000000,1788581372894000000,0
VFS.invertedFileNameIndex.requests,1788581312926000000,1788581372894000000,0
VFS.cache.segmentsCreated,1788581312926000000,1788581372894000000,0
VFS.ContentWriter.totalTasksExecutedAsync,1788581312926000000,1788581372894000000,0
VFS.fileByIdCache.hits,1788581312926000000,1788581372894000000,0
VFS.contentStorage.recordsDeduplicated,1788581312926000000,1788581372894000000,0
VFS.cache.segments,1788581312926000000,1788581372894000000,315
VFS.contentStorage.recordsDecompressionTimeUs,1788581312926000000,1788581372894000000,0
VFS.ContentWriter.totalTimeSpentOnSyncOperationsUs,1788581312926000000,1788581372894000000,0
VFS.contentStorage.recordsUncompressedSize,1788581312926000000,1788581372894000000,0
VFS.fileChildByName,1788581312926000000,1788581372894000000,225
VFS.contentStorage.recordsReadDecompressed,1788581312926000000,1788581372894000000,0
VFS.ContentWriter.totalFlushes,1788581312926000000,1788581372894000000,0
VFS.rootsCount,1788581312926000000,1788581372894000000,298.0
VFS.ContentWriter.totalTasksExecutedSync,1788581312926000000,1788581372894000000,0
FileNameCache.totalMisses,1788581312926000000,1788581372894000000,0
VFS.contentStorage.recordsStoredSize,1788581312926000000,1788581372894000000,0
ReadAction.executionsCount,1788581312926000000,1788581372894000000,1542
FlushQueue.queueSize90P,1788581312926000000,1788581372894000000,0
NonBlockingReadAction.failedExecutionsCount,1788581312926000000,1788581372894000000,0
FlushQueue.queueSizeAvg,1788581312926000000,1788581372894000000,0.0
AWTEventQueue.dispatchTime90PNs,1788581312926000000,1788581372894000000,0
WriteAction.executionsCount,1788581312926000000,1788581372894000000,0
NonBlockingReadAction.failedExecutionTimeUs,1788581312926000000,1788581372894000000,0
AWTEventQueue.dispatchTimeTotalNS,1788581312926000000,1788581372894000000,2473609023
FlushQueue.executionTimeMaxNs,1788581312926000000,1788581372894000000,0
FlushQueue.waitingTimeAvgNs,1788581312926000000,1788581372894000000,0.0
AWTEventQueue.dispatchTimeMaxNs,1788581312926000000,1788581372894000000,0
FlushQueue.waitingTimeMaxNs,1788581312926000000,1788581372894000000,0
FlushQueue.waitingTime90PNs,1788581312926000000,1788581372894000000,0
AWTEventQueue.dispatchTimeAvgNs,1788581312926000000,1788581372894000000,0.0
AWTEventQueue.eventsDispatched,1788581312926000000,1788581372894000000,0
NonBlockingReadAction.finalizedExecutionTimeUs,1788581312926000000,1788581372894000000,216816
NonBlockingReadAction.finalizedExecutionsCount,1788581312926000000,1788581372894000000,20
FlushQueue.executionTimeAvgNs,1788581312926000000,1788581372894000000,0.0
FlushQueue.tasksExecuted,1788581312926000000,1788581372894000000,0
FlushQueue.executionTime90PNs,1788581312926000000,1788581372894000000,0
FlushQueue.queueSizeMax,1788581312926000000,1788581372894000000,0
FilePageCache.pageFastCacheHits,1788581312926000000,1788581372894000000,185
FilePageCache.WAL.entriesFlushedOnClose,1788581312926000000,1788581372894000000,0
FilePageCache.WAL.entriesFlushedOnForce,1788581312926000000,1788581372894000000,0
MappedFileStorage.totalPagesMapped,1788581312926000000,1788581372894000000,17
FilePageCache.totalBytesStored,1788581312926000000,1788581372894000000,960
StreamlinedBlobStorage.totalLiveRecordsCapacityBytes,1788581312926000000,1788581372894000000,0
FilePageCache.WAL.bytesCopiedByApplyUnfinished,1788581312926000000,1788581372894000000,0
FilePageCache.maxCacheSizeInBytes,1788581312926000000,1788581372894000000,629153792
StorageLockContext.competingThreads.max,1788581312926000000,1788581372894000000,0
StreamlinedBlobStorage.recordsRelocated,1788581312926000000,1788581372894000000,0
FilePageCache.WAL.entriesFlushed,1788581312926000000,1788581372894000000,0
FilePageCache.disposedBuffers,1788581312926000000,1788581372894000000,4
MappedFileStorage.storages,1788581312926000000,1788581372894000000,17
FilePageCache.totalPageLoadsUs,1788581312926000000,1788581372894000000,2702
FilePageCache.pageLoadsAboveSizeThreshold,1788581312926000000,1788581372894000000,0
FileChannelInterruptsRetryer.totalRetriedAttempts,1788581312926000000,1788581372894000000,0
FilePageCache.WAL.bytesQueued,1788581312926000000,1788581372894000000,0
StreamlinedBlobStorage.recordsDeleted,1788581312926000000,1788581372894000000,0
FilePageCache.totalPageStoresUs,1788581312926000000,1788581372894000000,44718
FilePageCache.pageLoads,1788581312926000000,1788581372894000000,4
FilePageCache.WAL.entriesFlushedOnRead,1788581312926000000,1788581372894000000,0
FilePageCache.WAL.flushesForcedByOverflow,1788581312926000000,1788581372894000000,0
DirectByteBufferAllocator.totalSizeOfBuffersAllocatedInBytes,1788581312926000000,1788581372894000000,3153920
FilePageCache.WAL.entriesFlushedOnTruncate,1788581312926000000,1788581372894000000,0
StorageLockContext.competingThreads.avg,1788581312926000000,1788581372894000000,0.0
DirectByteBufferAllocator.totalSizeOfBuffersCachedInBytes,1788581312926000000,1788581372894000000,55664640
FilePageCache.capacityInBytes,1788581312926000000,1788581372894000000,629145600
FilePageCache.totalPageDisposalsUs,1788581312926000000,1788581372894000000,2
FilePageCache.maxRegisteredFiles,1788581312926000000,1788581372894000000,1796
FilePageCache.pageHits,1788581312926000000,1788581372894000000,0
StorageLockContext.competingThreads.90P,1788581312926000000,1788581372894000000,0
FilePageCache.uncachedFileAccess,1788581312926000000,1788581372894000000,64
StreamlinedBlobStorage.recordsAllocated,1788581312926000000,1788581372894000000,0
DirectByteBufferAllocator.disposed,1788581312926000000,1788581372894000000,4
DirectByteBufferAllocator.reclaimed,1788581312926000000,1788581372894000000,4
StreamlinedBlobStorage.totalLiveRecordsPayloadBytes,1788581312926000000,1788581372894000000,0
MappedFileStorage.totalTimeSpentOnMappingUs,1788581312926000000,1788581372894000000,72260
MappedFileStorage.totalBytesMapped,1788581312926000000,1788581372894000000,266600448
DirectByteBufferAllocator.hits,1788581312926000000,1788581372894000000,0
DirectByteBufferAllocator.misses,1788581312926000000,1788581372894000000,4
cacheStateStorage.get.counter,1788581312926000000,1788581372894000000,0
cacheStateStorage.set.duration,1788581312926000000,1788581372894000000,1
cacheStateStorage.set.counter,1788581312926000000,1788581372894000000,21
cacheStateStorage.get.duration,1788581312926000000,1788581372894000000,0
Indexing.writer_3.totalTimeSpentWritingMs,1788581312926000000,1788581372894000000,0
Indexing.totalTimeIndexersSleptMs,1788581312926000000,1788581372894000000,0
Indexes.allKeys.lookups,1788581312926000000,1788581372894000000,0
Indexing.writesQueuedMax,1788581312926000000,1788581372894000000,0
Indexes.entries.lookupDurationAvgMs,1788581312926000000,1788581372894000000,0.0
Indexing.writer_1.totalTimeSpentWritingMs,1788581312926000000,1788581372894000000,0
Indexes.allKeys.lookupDuration90PMs,1788581312926000000,1788581372894000000,0.0
Indexes.stubs.lookupDurationMaxMs,1788581312926000000,1788581372894000000,0.0
Indexes.entries.lookupDuration90PMs,1788581312926000000,1788581372894000000,0.0
Indexes.entries.lookupDurationMaxMs,1788581312926000000,1788581372894000000,0.0
Indexing.writer_2.totalTimeSpentWritingMs,1788581312926000000,1788581372894000000,0
Indexes.stubs.lookupDuration90PMs,1788581312926000000,1788581372894000000,0.0
Indexing.writesQueuedMin,1788581312926000000,1788581372894000000,9223372036854775807
Indexing.writer_0.totalTimeSpentWritingMs,1788581312926000000,1788581372894000000,0
Indexing.cache.totalCacheAccesses,1788581312926000000,1788581372894000000,42
Indexes.entries.lookups,1788581312926000000,1788581372894000000,0
Indexes.stubs.lookupDurationAvgMs,1788581312926000000,1788581372894000000,0.0
Indexes.allKeys.lookupDurationMaxMs,1788581312926000000,1788581372894000000,0.0
Indexes.stubs.lookups,1788581312926000000,1788581372894000000,21
Indexing.cache.totalCacheEvicted,1788581312926000000,1788581372894000000,15
Indexes.allKeys.lookupDurationAvgMs,1788581312926000000,1788581372894000000,0.0
Indexing.cache.totalCacheMisses,1788581312926000000,1788581372894000000,15
workspaceModel.check.recursive.update.ms,1788581312926000000,1788581372894000000,0
workspaceModel.cachedValueWithParameters.calculated.count,1788581312926000000,1788581372894000000,0
workspaceModel.loading.total.ms,1788581312926000000,1788581372894000000,0
workspaceModel.workspaceFileIndexData.visitFileSets.ms,1788581312926000000,1788581372894000000,0
workspaceModel.cachedValue.from.cache.count,1788581312926000000,1788581372894000000,6
workspaceModel.non.incremental.contributors.total.update.time.ms,1788581312926000000,1788581372894000000,0
workspaceModel.workspaceFileIndexData.markDirty.ms,1788581312926000000,1788581372894000000,0
workspaceModel.cachedValueWithParameters.clear.count,1788581312926000000,1788581372894000000,0
workspaceModel.cachedValue.total.get.count,1788581312926000000,1788581372894000000,6
workspaceModel.non.incremental.contributors.file.sets.computation.time.ms,1788581312926000000,1788581372894000000,0
workspaceModel.collect.changes.ms,1788581312926000000,1788581372894000000,0
workspaceModel.cachedValueWithParameters.total.get.count,1788581312926000000,1788581372894000000,0
workspaceModel.update.unloaded.entities.ms,1788581312926000000,1788581372894000000,0
workspaceModel.cachedValue.clear.count,1788581312926000000,1788581372894000000,0
workspaceModel.cachedValue.calculated.count,1788581312926000000,1788581372894000000,0
workspaceModel.loading.from.cache.ms,1788581312926000000,1788581372894000000,0
workspaceModel.updates.ms,1788581312926000000,1788581372894000000,0
workspaceModel.workspaceFileIndexData.getFileInfo.ms,1788581312926000000,1788581372894000000,2
workspaceModel.replace.project.model.ms,1788581312926000000,1788581372894000000,0
workspaceModel.updates.count,1788581312926000000,1788581372894000000,0
workspaceModel.on.changed.ms,1788581312926000000,1788581372894000000,0
workspaceModel.workspaceFileIndexData.getPackageName.ms,1788581312926000000,1788581372894000000,0
workspaceModel.workspaceFileIndexData.processFileSets.ms,1788581312926000000,1788581372894000000,0
workspaceModel.pre.handlers.ms,1788581312926000000,1788581372894000000,0
workspaceModel.to.snapshot.ms,1788581312926000000,1788581372894000000,0
workspaceModel.workspaceFileIndexData.getDirectoriesByPackageName.ms,1788581312926000000,1788581372894000000,0
workspaceModel.init.bridges.ms,1788581312926000000,1788581372894000000,0
workspaceModel.workspaceFileIndexData.init.ms,1788581312926000000,1788581372894000000,0
workspaceModel.entityStorageSnapshotImpl.instances.count,1788581312926000000,1788581372894000000,0
workspaceModel.updates.precise.ms,1788581312926000000,1788581372894000000,0
workspaceModel.initializing.ms,1788581312926000000,1788581372894000000,0
workspaceModel.cachedValueWithParameters.from.cache.count,1788581312926000000,1788581372894000000,0
workspaceModel.full.replace.project.model.ms,1788581312926000000,1788581372894000000,0
workspaceModel.workspaceFileIndexData.updateDirtyEntities.ms,1788581312926000000,1788581372894000000,0
workspaceModel.on.before.changed.ms,1788581312926000000,1788581372894000000,0
workspaceModel.workspaceFileIndexData.onEntitiesChanged.ms,1788581312926000000,1788581372894000000,0
workspaceModel.non.incremental.contributors.exclude.roots.computation.time.ms,1788581312926000000,1788581372894000000,0
workspaceModel.workspaceFileIndexContributor.registerFileSets.ms,1788581312926000000,1788581372894000000,0
workspaceModel.workspaceFileIndexData.instances.count,1788581312926000000,1788581372894000000,0
compiler.ArtifactVirtualFileListener.propertyChanged.ms,1788581312926000000,1788581372894000000,0
compiler.ArtifactVirtualFileListener.filePathChanged.ms,1788581312926000000,1788581372894000000,0
compiler.ArtifactManagerBridge.findArtifact.ms,1788581312926000000,1788581372894000000,0
compiler.ArtifactManagerBridge.getArtifacts.ms,1788581312926000000,1788581372894000000,0
compiler.ArtifactManagerBridge.dropMappings.ms,1788581312926000000,1788581372894000000,0
compiler.ArtifactManagerBridge.commit.ms,1788581312926000000,1788581372894000000,0
compiler.ArtifactManagerBridge.getArtifactsByType.ms,1788581312926000000,1788581372894000000,0
compiler.ArtifactManagerBridge.addArtifact.ms,1788581312926000000,1788581372894000000,0
compiler.ArtifactManagerBridge.initBridges.ms,1788581312926000000,1788581372894000000,0
JVM.GC.collectionTimesMs,1788581312926000000,1788581372894000000,672
MEM.ramMinusFileMappingsBytes,1788581312926000000,1788581372894000000,667189248
JVM.usedNativeBytes,1788581312926000000,1788581372894000000,638918312
JVM.totalCpuTimeMs,1788581312926000000,1788581372894000000,10378
JVM.maxThreadCount,1788581312926000000,1788581372894000000,172
JVM.threadCount,1788581312926000000,1788581372894000000,80
JVM.GC.collections,1788581312926000000,1788581372894000000,4
JVM.totalTimeToSafepointsMs,1788581312926000000,1788581372894000000,1
MEM.ramBytes,1788581312926000000,1788581372894000000,705183744
JVM.committedHeapBytes,1788581312926000000,1788581372894000000,1184890880
JVM.usedHeapBytes,1788581312926000000,1788581372894000000,775263192
JVM.totalDirectByteBuffersBytes,1788581312926000000,1788581372894000000,3414024
MEM.ramPlusSwapMinusFileMappingsBytes,1788581312926000000,1788581372894000000,2397289856
JVM.totalSafepointCount,1788581312926000000,1788581372894000000,4
JVM.totalBytesAllocated,1788581312926000000,1788581372894000000,119373432
OS.loadAverage,1788581312926000000,1788581372894000000,2.56787109375
MEM.fileMappingsRamBytes,1788581312926000000,1788581372894000000,37928960
JVM.newThreadsCount,1788581312926000000,1788581372894000000,13
JVM.maxHeapBytes,1788581312926000000,1788581372894000000,2147483648
JVM.totalTimeAtSafepointsMs,1788581312926000000,1788581372894000000,674
workspaceModel.mutableEntityStorage.changeLog.addReplaceEventForNewChild.ms,1788581372894000000,1788581432904000000,0
jps.facet.change.listener.init.bridge.ms,1788581372894000000,1788581432904000000,0
jps.global.get.library.ms,1788581372894000000,1788581432904000000,0
workspaceModel.moduleBridge.update.option.ms,1788581372894000000,1788581432904000000,0
workspaceModel.moduleBridgeLoader.loading.modules.ms,1788581372894000000,1788581432904000000,0
workspaceModel.global.apply.state.to.project.builder.ms,1788581372894000000,1788581432904000000,0
jps.library.entities.serializer.load.entities.ms,1788581372894000000,1788581432904000000,0
workspaceModel.moduleBridge.facet.initialization.ms,1788581372894000000,1788581432904000000,0
jps.global.handle.changed.events.ms,1788581372894000000,1788581432904000000,0
jps.modifiable.module.model.bridge.disposing.ms,1788581372894000000,1788581432904000000,0
workspaceModel.moduleManagerBridge.create.module.instance.ms,1788581372894000000,1788581432904000000,0
jps.reload.project.entities.ms,1788581372894000000,1788581432904000000,0
jps.app.storage.content.reader.load.component.ms,1788581372894000000,1788581432904000000,0
jps.modifiable.module.model.bridge.renaming.ms,1788581372894000000,1788581432904000000,0
workspaceModel.sync.entities.ms,1788581372894000000,1788581432904000000,0
jps.artifact.entities.serializer.save.entities.ms,1788581372894000000,1788581432904000000,0
workspaceModel.moduleManagerBridge.new.nonPersistent.module.ms,1788581372894000000,1788581432904000000,0
jps.app.storage.content.writer.save.component.ms,1788581372894000000,1788581432904000000,10
workspaceModel.mutableEntityStorage.add.entity.ms,1788581372894000000,1788581432904000000,0
workspaceModel.moduleBridge.before.changed.ms,1788581372894000000,1788581432904000000,0
jps.global.handle.before.change.events.ms,1788581372894000000,1788581432904000000,0
workspaceModel.mutableEntityStorage.mutable.ext.mapping.ms,1788581372894000000,1788581432904000000,0
jps.save.changed.project.entities.ms,1788581372894000000,1788581432904000000,1
jps.module.iml.entities.serializer.save.entities.ms,1788581372894000000,1788581432904000000,0
workspaceModel.moduleManagerBridge.set.unloadedModules.ms,1788581372894000000,1788581432904000000,0
workspaceModel.mutableEntityStorage.changeLog.addReplaceEventForRemovedChild.ms,1788581372894000000,1788581432904000000,0
workspaceModel.mutableEntityStorage.changeLog.addReplaceEventForRemovedParent.ms,1788581372894000000,1788581432904000000,0
jps.global.get.library.by.name.ms,1788581372894000000,1788581432904000000,0
workspaceModel.global.apply.state.to.project.ms,1788581372894000000,1788581432904000000,0
workspaceModel.moduleManagerBridge.load.module.ms,1788581372894000000,1788581432904000000,0
workspaceModel.mutableEntityStorage.mutable.vfurl.index.ms,1788581372894000000,1788581432904000000,0
workspaceModel.mutableEntityStorage.entities.ms,1788581372894000000,1788581432904000000,0
jps.global.initialize.library.bridges.after.loading.ms,1788581372894000000,1788581432904000000,0
workspaceModel.mutableEntityStorage.apply.changes.from.ms,1788581372894000000,1788581432904000000,0
workspaceModel.load.cache.metadata.from.file.ms,1788581372894000000,1788581432904000000,0
jps.save.global.entities.ms,1788581372894000000,1788581432904000000,18
workspaceModel.global.updates.ms,1788581372894000000,1788581432904000000,0
workspaceModel.mutableEntityStorage.changeLog.addReplaceEventForNewParent.ms,1788581372894000000,1788581432904000000,0
workspaceModel.mutableEntityStorage.has.same.entities.ms,1788581372894000000,1788581432904000000,0
workspaceModel.mutableEntityStorage.put.entity.ms,1788581372894000000,1788581432904000000,0
jps.load.project.to.empty.storage.ms,1788581372894000000,1788581432904000000,0
jps.project.serializers.load.ms,1788581372894000000,1788581432904000000,0
jps.load.initial.state.ms,1788581372894000000,1788581432904000000,0
workspaceModel.mutableEntityStorage.replace.by.source.ms,1788581372894000000,1788581432904000000,0
workspaceModel.save.cache.to.file.ms,1788581372894000000,1788581432904000000,0
workspaceModel.moduleManagerBridge.newModule.ms,1788581372894000000,1788581432904000000,0
jps.apply.loaded.storage.ms,1788581372894000000,1788581432904000000,0
jps.modifiable.module.model.bridge.new.module.ms,1788581372894000000,1788581432904000000,0
workspaceModel.mutableEntityStorage.entities.by.source.ms,1788581372894000000,1788581432904000000,0
workspaceModel.load.cache.from.file.ms,1788581372894000000,1788581432904000000,0
workspaceModel.mutableEntityStorage.hasReferrers.ms,1788581372894000000,1788581432904000000,0
jps.module.dependency.index.workspace.model.listener.on.changed.ms,1788581372894000000,1788581432904000000,0
jps.global.initialize.library.bridges.ms,1788581372894000000,1788581432904000000,0
workspaceModel.mutableEntityStorage.instances.count,1788581372894000000,1788581432904000000,0
jps.library.entities.serializer.save.entities.ms,1788581372894000000,1788581432904000000,0
workspaceModel.do.save.caches.ms,1788581372894000000,1788581432904000000,0
workspaceModel.moduleManagerBridge.build.module.graph.ms,1788581372894000000,1788581432904000000,0
jps.global.get.libraries.ms,1788581372894000000,1788581432904000000,0
workspaceModel.moduleManagerBridge.get.modules.ms,1788581372894000000,1788581432904000000,0
workspaceModel.mutableEntityStorage.referrers.ms,1788581372894000000,1788581432904000000,0
jps.storage.jps.conf.reader.load.component.ms,1788581372894000000,1788581432904000000,0
jps.modifiable.module.model.bridge.load.module.ms,1788581372894000000,1788581432904000000,0
workspaceModel.orphan.listener.update.ms,1788581372894000000,1788581432904000000,0
jps.module.iml.entities.serializer.load.entities.ms,1788581372894000000,1788581432904000000,0
workspaceModel.mutableEntityStorage.to.snapshot.ms,1788581372894000000,1788581432904000000,0
jps.facet.change.listener.process.change.events.ms,1788581372894000000,1788581432904000000,0
workspaceModel.mutableEntityStorage.collect.changes.ms,1788581372894000000,1788581432904000000,0
workspaceModel.moduleManagerBridge.load.all.modules.ms,1788581372894000000,1788581432904000000,0
workspaceModel.mutableEntityStorage.modify.entity.ms,1788581372894000000,1788581432904000000,0
workspaceModel.mutableEntityStorage.resolve.ms,1788581372894000000,1788581432904000000,0
workspaceModel.global.updates.count,1788581372894000000,1788581432904000000,0
jps.artifact.entities.serializer.load.entities.ms,1788581372894000000,1788581432904000000,0
workspaceModel.mutableEntityStorage.remove.entity.ms,1788581372894000000,1788581432904000000,0
jps.project.serializers.save.ms,1788581372894000000,1788581432904000000,1
jps.facet.change.listener.before.change.events.ms,1788581372894000000,1788581432904000000,0
DiskQueryRelay.taskExecutionTotalTimeUs,1788581372894000000,1788581432904000000,17849
parser.XML.time.ns,1788581372894000000,1788581432904000000,107
writeAction.max.wait.ms,1788581372894000000,1788581432904000000,70
lexer.XML.size.bytes,1788581372894000000,1788581432904000000,469721
writeAction.wait.ms,1788581372894000000,1788581432904000000,0
DiskQueryRelay.taskWaitingTotalTimeUs,1788581372894000000,1788581432904000000,78567
writeAction.count,1788581372894000000,1788581432904000000,2
lexer.XML.time.ns,1788581372894000000,1788581432904000000,11700757
LowMemory.gcLoad,1788581372894000000,1788581432904000000,0.0028607174572240733
DiskQueryRelay.tasksExecuted,1788581372894000000,1788581432904000000,53
writeAction.median.wait.ms,1788581372894000000,1788581432904000000,100
DiskQueryRelay.tasksRequested,1788581372894000000,1788581432904000000,53
parser.XML.size.bytes,1788581372894000000,1788581432904000000,469721
LowMemory.gcOverloaded,1788581372894000000,1788581432904000000,0
FileNameCache.queries,1788581372894000000,1788581432904000000,14656
VFS.cache.directoriesCreated,1788581372894000000,1788581432904000000,1
VFS.cache.filesCreated,1788581372894000000,1788581432904000000,2530
VFS.ContentWriter.totalTimeSpentOnAsyncOperationsUs,1788581372894000000,1788581432904000000,0
VFS.fileByIdCache.misses,1788581372894000000,1788581432904000000,53
VFS.contentStorage.recordsStoredCompressed,1788581372894000000,1788581432904000000,0
VFS.folderCaseSensitivityReads,1788581372894000000,1788581432904000000,1
VFS.contentStorage.recordsStored,1788581372894000000,1788581432904000000,0
VFS.contentStorage.recordsRead,1788581372894000000,1788581432904000000,53
VFS.contentStorage.recordsReadSize,1788581372894000000,1788581432904000000,475674
VFS.invertedFileNameIndex.requests,1788581372894000000,1788581432904000000,2
VFS.cache.segmentsCreated,1788581372894000000,1788581432904000000,0
VFS.ContentWriter.totalTasksExecutedAsync,1788581372894000000,1788581432904000000,0
VFS.fileByIdCache.hits,1788581372894000000,1788581432904000000,1
VFS.contentStorage.recordsDeduplicated,1788581372894000000,1788581432904000000,0
VFS.cache.segments,1788581372894000000,1788581432904000000,315
VFS.contentStorage.recordsDecompressionTimeUs,1788581372894000000,1788581432904000000,637
VFS.ContentWriter.totalTimeSpentOnSyncOperationsUs,1788581372894000000,1788581432904000000,0
VFS.contentStorage.recordsUncompressedSize,1788581372894000000,1788581432904000000,0
VFS.fileChildByName,1788581372894000000,1788581432904000000,10148
VFS.contentStorage.recordsReadDecompressed,1788581372894000000,1788581432904000000,23
VFS.ContentWriter.totalFlushes,1788581372894000000,1788581432904000000,0
VFS.rootsCount,1788581372894000000,1788581432904000000,298.0
VFS.ContentWriter.totalTasksExecutedSync,1788581372894000000,1788581432904000000,0
FileNameCache.totalMisses,1788581372894000000,1788581432904000000,64
VFS.contentStorage.recordsStoredSize,1788581372894000000,1788581432904000000,0
ReadAction.executionsCount,1788581372894000000,1788581432904000000,2889
FlushQueue.queueSize90P,1788581372894000000,1788581432904000000,0
NonBlockingReadAction.failedExecutionsCount,1788581372894000000,1788581432904000000,2
FlushQueue.queueSizeAvg,1788581372894000000,1788581432904000000,0.0
AWTEventQueue.dispatchTime90PNs,1788581372894000000,1788581432904000000,0
WriteAction.executionsCount,1788581372894000000,1788581432904000000,2
NonBlockingReadAction.failedExecutionTimeUs,1788581372894000000,1788581432904000000,893
AWTEventQueue.dispatchTimeTotalNS,1788581372894000000,1788581432904000000,5361487219
FlushQueue.executionTimeMaxNs,1788581372894000000,1788581432904000000,0
FlushQueue.waitingTimeAvgNs,1788581372894000000,1788581432904000000,0.0
AWTEventQueue.dispatchTimeMaxNs,1788581372894000000,1788581432904000000,0
FlushQueue.waitingTimeMaxNs,1788581372894000000,1788581432904000000,0
FlushQueue.waitingTime90PNs,1788581372894000000,1788581432904000000,0
AWTEventQueue.dispatchTimeAvgNs,1788581372894000000,1788581432904000000,0.0
AWTEventQueue.eventsDispatched,1788581372894000000,1788581432904000000,0
NonBlockingReadAction.finalizedExecutionTimeUs,1788581372894000000,1788581432904000000,1468284
NonBlockingReadAction.finalizedExecutionsCount,1788581372894000000,1788581432904000000,102
FlushQueue.executionTimeAvgNs,1788581372894000000,1788581432904000000,0.0
FlushQueue.tasksExecuted,1788581372894000000,1788581432904000000,0
FlushQueue.executionTime90PNs,1788581372894000000,1788581432904000000,0
FlushQueue.queueSizeMax,1788581372894000000,1788581432904000000,0
FilePageCache.pageFastCacheHits,1788581372894000000,1788581432904000000,7785
FilePageCache.WAL.entriesFlushedOnClose,1788581372894000000,1788581432904000000,0
FilePageCache.WAL.entriesFlushedOnForce,1788581372894000000,1788581432904000000,0
MappedFileStorage.totalPagesMapped,1788581372894000000,1788581432904000000,17
FilePageCache.totalBytesStored,1788581372894000000,1788581432904000000,7908223
StreamlinedBlobStorage.totalLiveRecordsCapacityBytes,1788581372894000000,1788581432904000000,70
FilePageCache.WAL.bytesCopiedByApplyUnfinished,1788581372894000000,1788581432904000000,0
FilePageCache.maxCacheSizeInBytes,1788581372894000000,1788581432904000000,629153792
StorageLockContext.competingThreads.max,1788581372894000000,1788581432904000000,0
StreamlinedBlobStorage.recordsRelocated,1788581372894000000,1788581432904000000,0
FilePageCache.WAL.entriesFlushed,1788581372894000000,1788581432904000000,35
FilePageCache.disposedBuffers,1788581372894000000,1788581432904000000,0
MappedFileStorage.storages,1788581372894000000,1788581432904000000,17
FilePageCache.totalPageLoadsUs,1788581372894000000,1788581432904000000,43560
FilePageCache.pageLoadsAboveSizeThreshold,1788581372894000000,1788581432904000000,0
FileChannelInterruptsRetryer.totalRetriedAttempts,1788581372894000000,1788581432904000000,0
FilePageCache.WAL.bytesQueued,1788581372894000000,1788581432904000000,8021302
StreamlinedBlobStorage.recordsDeleted,1788581372894000000,1788581432904000000,0
FilePageCache.totalPageStoresUs,1788581372894000000,1788581432904000000,70676
FilePageCache.pageLoads,1788581372894000000,1788581432904000000,28
FilePageCache.WAL.entriesFlushedOnRead,1788581372894000000,1788581432904000000,0
FilePageCache.WAL.flushesForcedByOverflow,1788581372894000000,1788581432904000000,0
DirectByteBufferAllocator.totalSizeOfBuffersAllocatedInBytes,1788581372894000000,1788581432904000000,30433280
FilePageCache.WAL.entriesFlushedOnTruncate,1788581372894000000,1788581432904000000,3
StorageLockContext.competingThreads.avg,1788581372894000000,1788581432904000000,0.0
DirectByteBufferAllocator.totalSizeOfBuffersCachedInBytes,1788581372894000000,1788581432904000000,55664640
FilePageCache.capacityInBytes,1788581372894000000,1788581432904000000,629145600
FilePageCache.totalPageDisposalsUs,1788581372894000000,1788581432904000000,52
FilePageCache.maxRegisteredFiles,1788581372894000000,1788581432904000000,1796
FilePageCache.pageHits,1788581372894000000,1788581432904000000,481
StorageLockContext.competingThreads.90P,1788581372894000000,1788581432904000000,0
FilePageCache.uncachedFileAccess,1788581372894000000,1788581432904000000,66
StreamlinedBlobStorage.recordsAllocated,1788581372894000000,1788581432904000000,1
DirectByteBufferAllocator.disposed,1788581372894000000,1788581432904000000,0
DirectByteBufferAllocator.reclaimed,1788581372894000000,1788581432904000000,0
StreamlinedBlobStorage.totalLiveRecordsPayloadBytes,1788581372894000000,1788581432904000000,24
MappedFileStorage.totalTimeSpentOnMappingUs,1788581372894000000,1788581432904000000,72260
MappedFileStorage.totalBytesMapped,1788581372894000000,1788581432904000000,266600448
DirectByteBufferAllocator.hits,1788581372894000000,1788581432904000000,0
DirectByteBufferAllocator.misses,1788581372894000000,1788581432904000000,28
cacheStateStorage.get.counter,1788581372894000000,1788581432904000000,4
cacheStateStorage.set.duration,1788581372894000000,1788581432904000000,1
cacheStateStorage.set.counter,1788581372894000000,1788581432904000000,11
cacheStateStorage.get.duration,1788581372894000000,1788581432904000000,67
Indexing.writer_3.totalTimeSpentWritingMs,1788581372894000000,1788581432904000000,0
Indexing.totalTimeIndexersSleptMs,1788581372894000000,1788581432904000000,0
Indexes.allKeys.lookups,1788581372894000000,1788581432904000000,1
Indexing.writesQueuedMax,1788581372894000000,1788581432904000000,0
Indexes.entries.lookupDurationAvgMs,1788581372894000000,1788581432904000000,0.0
Indexing.writer_1.totalTimeSpentWritingMs,1788581372894000000,1788581432904000000,0
Indexes.allKeys.lookupDuration90PMs,1788581372894000000,1788581432904000000,0.0
Indexes.stubs.lookupDurationMaxMs,1788581372894000000,1788581432904000000,0.0
Indexes.entries.lookupDuration90PMs,1788581372894000000,1788581432904000000,0.0
Indexes.entries.lookupDurationMaxMs,1788581372894000000,1788581432904000000,0.0
Indexing.writer_2.totalTimeSpentWritingMs,1788581372894000000,1788581432904000000,0
Indexes.stubs.lookupDuration90PMs,1788581372894000000,1788581432904000000,0.0
Indexing.writesQueuedMin,1788581372894000000,1788581432904000000,9223372036854775807
Indexing.writer_0.totalTimeSpentWritingMs,1788581372894000000,1788581432904000000,0
Indexing.cache.totalCacheAccesses,1788581372894000000,1788581432904000000,7099
Indexes.entries.lookups,1788581372894000000,1788581432904000000,6
Indexes.stubs.lookupDurationAvgMs,1788581372894000000,1788581432904000000,0.0
Indexes.allKeys.lookupDurationMaxMs,1788581372894000000,1788581432904000000,0.0
Indexes.stubs.lookups,1788581372894000000,1788581432904000000,73
Indexing.cache.totalCacheEvicted,1788581372894000000,1788581432904000000,4005
Indexes.allKeys.lookupDurationAvgMs,1788581372894000000,1788581432904000000,0.0
Indexing.cache.totalCacheMisses,1788581372894000000,1788581432904000000,4005
workspaceModel.check.recursive.update.ms,1788581372894000000,1788581432904000000,0
workspaceModel.cachedValueWithParameters.calculated.count,1788581372894000000,1788581432904000000,0
workspaceModel.loading.total.ms,1788581372894000000,1788581432904000000,0
workspaceModel.workspaceFileIndexData.visitFileSets.ms,1788581372894000000,1788581432904000000,0
workspaceModel.cachedValue.from.cache.count,1788581372894000000,1788581432904000000,250
workspaceModel.non.incremental.contributors.total.update.time.ms,1788581372894000000,1788581432904000000,0
workspaceModel.workspaceFileIndexData.markDirty.ms,1788581372894000000,1788581432904000000,0
workspaceModel.cachedValueWithParameters.clear.count,1788581372894000000,1788581432904000000,0
workspaceModel.cachedValue.total.get.count,1788581372894000000,1788581432904000000,250
workspaceModel.non.incremental.contributors.file.sets.computation.time.ms,1788581372894000000,1788581432904000000,0
workspaceModel.collect.changes.ms,1788581372894000000,1788581432904000000,0
workspaceModel.cachedValueWithParameters.total.get.count,1788581372894000000,1788581432904000000,2
workspaceModel.update.unloaded.entities.ms,1788581372894000000,1788581432904000000,0
workspaceModel.cachedValue.clear.count,1788581372894000000,1788581432904000000,0
workspaceModel.cachedValue.calculated.count,1788581372894000000,1788581432904000000,0
workspaceModel.loading.from.cache.ms,1788581372894000000,1788581432904000000,0
workspaceModel.updates.ms,1788581372894000000,1788581432904000000,0
workspaceModel.workspaceFileIndexData.getFileInfo.ms,1788581372894000000,1788581432904000000,19
workspaceModel.replace.project.model.ms,1788581372894000000,1788581432904000000,0
workspaceModel.updates.count,1788581372894000000,1788581432904000000,0
workspaceModel.on.changed.ms,1788581372894000000,1788581432904000000,0
workspaceModel.workspaceFileIndexData.getPackageName.ms,1788581372894000000,1788581432904000000,17
workspaceModel.workspaceFileIndexData.processFileSets.ms,1788581372894000000,1788581432904000000,0
workspaceModel.pre.handlers.ms,1788581372894000000,1788581432904000000,0
workspaceModel.to.snapshot.ms,1788581372894000000,1788581432904000000,0
workspaceModel.workspaceFileIndexData.getDirectoriesByPackageName.ms,1788581372894000000,1788581432904000000,63
workspaceModel.init.bridges.ms,1788581372894000000,1788581432904000000,0
workspaceModel.workspaceFileIndexData.init.ms,1788581372894000000,1788581432904000000,0
workspaceModel.entityStorageSnapshotImpl.instances.count,1788581372894000000,1788581432904000000,0
workspaceModel.updates.precise.ms,1788581372894000000,1788581432904000000,0
workspaceModel.initializing.ms,1788581372894000000,1788581432904000000,0
workspaceModel.cachedValueWithParameters.from.cache.count,1788581372894000000,1788581432904000000,2
workspaceModel.full.replace.project.model.ms,1788581372894000000,1788581432904000000,0
workspaceModel.workspaceFileIndexData.updateDirtyEntities.ms,1788581372894000000,1788581432904000000,0
workspaceModel.on.before.changed.ms,1788581372894000000,1788581432904000000,0
workspaceModel.workspaceFileIndexData.onEntitiesChanged.ms,1788581372894000000,1788581432904000000,0
workspaceModel.non.incremental.contributors.exclude.roots.computation.time.ms,1788581372894000000,1788581432904000000,0
workspaceModel.workspaceFileIndexContributor.registerFileSets.ms,1788581372894000000,1788581432904000000,0
workspaceModel.workspaceFileIndexData.instances.count,1788581372894000000,1788581432904000000,0
compiler.ArtifactVirtualFileListener.propertyChanged.ms,1788581372894000000,1788581432904000000,0
compiler.ArtifactVirtualFileListener.filePathChanged.ms,1788581372894000000,1788581432904000000,0
compiler.ArtifactManagerBridge.findArtifact.ms,1788581372894000000,1788581432904000000,0
compiler.ArtifactManagerBridge.getArtifacts.ms,1788581372894000000,1788581432904000000,0
compiler.ArtifactManagerBridge.dropMappings.ms,1788581372894000000,1788581432904000000,0
compiler.ArtifactManagerBridge.commit.ms,1788581372894000000,1788581432904000000,0
compiler.ArtifactManagerBridge.getArtifactsByType.ms,1788581372894000000,1788581432904000000,0
compiler.ArtifactManagerBridge.addArtifact.ms,1788581372894000000,1788581432904000000,0
compiler.ArtifactManagerBridge.initBridges.ms,1788581372894000000,1788581432904000000,0
JVM.GC.collectionTimesMs,1788581372894000000,1788581432904000000,81
MEM.ramMinusFileMappingsBytes,1788581372894000000,1788581432904000000,221265920
JVM.usedNativeBytes,1788581372894000000,1788581432904000000,652127464
JVM.totalCpuTimeMs,1788581372894000000,1788581432904000000,19129
JVM.maxThreadCount,1788581372894000000,1788581432904000000,172
JVM.threadCount,1788581372894000000,1788581432904000000,83
JVM.GC.collections,1788581372894000000,1788581432904000000,7
JVM.totalTimeToSafepointsMs,1788581372894000000,1788581432904000000,1
MEM.ramBytes,1788581372894000000,1788581432904000000,275824640
JVM.committedHeapBytes,1788581372894000000,1788581432904000000,1184890880
JVM.usedHeapBytes,1788581372894000000,1788581432904000000,778145296
JVM.totalDirectByteBuffersBytes,1788581372894000000,1788581432904000000,30693384
MEM.ramPlusSwapMinusFileMappingsBytes,1788581372894000000,1788581432904000000,2297937088
JVM.totalSafepointCount,1788581372894000000,1788581432904000000,7
JVM.totalBytesAllocated,1788581372894000000,1788581432904000000,1835619160
OS.loadAverage,1788581372894000000,1788581432904000000,3.44677734375
MEM.fileMappingsRamBytes,1788581372894000000,1788581432904000000,54558720
JVM.newThreadsCount,1788581372894000000,1788581432904000000,4
JVM.maxHeapBytes,1788581372894000000,1788581432904000000,2147483648
JVM.totalTimeAtSafepointsMs,1788581372894000000,1788581432904000000,80
workspaceModel.mutableEntityStorage.changeLog.addReplaceEventForNewChild.ms,1788581432904000000,1788581492894000000,0
jps.facet.change.listener.init.bridge.ms,1788581432904000000,1788581492894000000,0
jps.global.get.library.ms,1788581432904000000,1788581492894000000,0
workspaceModel.moduleBridge.update.option.ms,1788581432904000000,1788581492894000000,0
workspaceModel.moduleBridgeLoader.loading.modules.ms,1788581432904000000,1788581492894000000,0
workspaceModel.global.apply.state.to.project.builder.ms,1788581432904000000,1788581492894000000,0
jps.library.entities.serializer.load.entities.ms,1788581432904000000,1788581492894000000,0
workspaceModel.moduleBridge.facet.initialization.ms,1788581432904000000,1788581492894000000,0
jps.global.handle.changed.events.ms,1788581432904000000,1788581492894000000,0
jps.modifiable.module.model.bridge.disposing.ms,1788581432904000000,1788581492894000000,0
workspaceModel.moduleManagerBridge.create.module.instance.ms,1788581432904000000,1788581492894000000,0
jps.reload.project.entities.ms,1788581432904000000,1788581492894000000,0
jps.app.storage.content.reader.load.component.ms,1788581432904000000,1788581492894000000,0
jps.modifiable.module.model.bridge.renaming.ms,1788581432904000000,1788581492894000000,0
workspaceModel.sync.entities.ms,1788581432904000000,1788581492894000000,0
jps.artifact.entities.serializer.save.entities.ms,1788581432904000000,1788581492894000000,0
workspaceModel.moduleManagerBridge.new.nonPersistent.module.ms,1788581432904000000,1788581492894000000,0
jps.app.storage.content.writer.save.component.ms,1788581432904000000,1788581492894000000,17
workspaceModel.mutableEntityStorage.add.entity.ms,1788581432904000000,1788581492894000000,0
workspaceModel.moduleBridge.before.changed.ms,1788581432904000000,1788581492894000000,0
jps.global.handle.before.change.events.ms,1788581432904000000,1788581492894000000,0
workspaceModel.mutableEntityStorage.mutable.ext.mapping.ms,1788581432904000000,1788581492894000000,0
jps.save.changed.project.entities.ms,1788581432904000000,1788581492894000000,8
jps.module.iml.entities.serializer.save.entities.ms,1788581432904000000,1788581492894000000,0
workspaceModel.moduleManagerBridge.set.unloadedModules.ms,1788581432904000000,1788581492894000000,0
workspaceModel.mutableEntityStorage.changeLog.addReplaceEventForRemovedChild.ms,1788581432904000000,1788581492894000000,0
workspaceModel.mutableEntityStorage.changeLog.addReplaceEventForRemovedParent.ms,1788581432904000000,1788581492894000000,0
jps.global.get.library.by.name.ms,1788581432904000000,1788581492894000000,0
workspaceModel.global.apply.state.to.project.ms,1788581432904000000,1788581492894000000,0
workspaceModel.moduleManagerBridge.load.module.ms,1788581432904000000,1788581492894000000,0
workspaceModel.mutableEntityStorage.mutable.vfurl.index.ms,1788581432904000000,1788581492894000000,0
workspaceModel.mutableEntityStorage.entities.ms,1788581432904000000,1788581492894000000,0
jps.global.initialize.library.bridges.after.loading.ms,1788581432904000000,1788581492894000000,0
workspaceModel.mutableEntityStorage.apply.changes.from.ms,1788581432904000000,1788581492894000000,0
workspaceModel.load.cache.metadata.from.file.ms,1788581432904000000,1788581492894000000,0
jps.save.global.entities.ms,1788581432904000000,1788581492894000000,35
workspaceModel.global.updates.ms,1788581432904000000,1788581492894000000,0
workspaceModel.mutableEntityStorage.changeLog.addReplaceEventForNewParent.ms,1788581432904000000,1788581492894000000,0
workspaceModel.mutableEntityStorage.has.same.entities.ms,1788581432904000000,1788581492894000000,0
workspaceModel.mutableEntityStorage.put.entity.ms,1788581432904000000,1788581492894000000,0
jps.load.project.to.empty.storage.ms,1788581432904000000,1788581492894000000,0
jps.project.serializers.load.ms,1788581432904000000,1788581492894000000,0
jps.load.initial.state.ms,1788581432904000000,1788581492894000000,0
workspaceModel.mutableEntityStorage.replace.by.source.ms,1788581432904000000,1788581492894000000,0
workspaceModel.save.cache.to.file.ms,1788581432904000000,1788581492894000000,0
workspaceModel.moduleManagerBridge.newModule.ms,1788581432904000000,1788581492894000000,0
jps.apply.loaded.storage.ms,1788581432904000000,1788581492894000000,0
jps.modifiable.module.model.bridge.new.module.ms,1788581432904000000,1788581492894000000,0
workspaceModel.mutableEntityStorage.entities.by.source.ms,1788581432904000000,1788581492894000000,0
workspaceModel.load.cache.from.file.ms,1788581432904000000,1788581492894000000,0
workspaceModel.mutableEntityStorage.hasReferrers.ms,1788581432904000000,1788581492894000000,0
jps.module.dependency.index.workspace.model.listener.on.changed.ms,1788581432904000000,1788581492894000000,0
jps.global.initialize.library.bridges.ms,1788581432904000000,1788581492894000000,0
workspaceModel.mutableEntityStorage.instances.count,1788581432904000000,1788581492894000000,0
jps.library.entities.serializer.save.entities.ms,1788581432904000000,1788581492894000000,0
workspaceModel.do.save.caches.ms,1788581432904000000,1788581492894000000,0
workspaceModel.moduleManagerBridge.build.module.graph.ms,1788581432904000000,1788581492894000000,0
jps.global.get.libraries.ms,1788581432904000000,1788581492894000000,0
workspaceModel.moduleManagerBridge.get.modules.ms,1788581432904000000,1788581492894000000,0
workspaceModel.mutableEntityStorage.referrers.ms,1788581432904000000,1788581492894000000,0
jps.storage.jps.conf.reader.load.component.ms,1788581432904000000,1788581492894000000,0
jps.modifiable.module.model.bridge.load.module.ms,1788581432904000000,1788581492894000000,0
workspaceModel.orphan.listener.update.ms,1788581432904000000,1788581492894000000,0
jps.module.iml.entities.serializer.load.entities.ms,1788581432904000000,1788581492894000000,0
workspaceModel.mutableEntityStorage.to.snapshot.ms,1788581432904000000,1788581492894000000,0
jps.facet.change.listener.process.change.events.ms,1788581432904000000,1788581492894000000,0
workspaceModel.mutableEntityStorage.collect.changes.ms,1788581432904000000,1788581492894000000,0
workspaceModel.moduleManagerBridge.load.all.modules.ms,1788581432904000000,1788581492894000000,0
workspaceModel.mutableEntityStorage.modify.entity.ms,1788581432904000000,1788581492894000000,0
workspaceModel.mutableEntityStorage.resolve.ms,1788581432904000000,1788581492894000000,0
workspaceModel.global.updates.count,1788581432904000000,1788581492894000000,0
jps.artifact.entities.serializer.load.entities.ms,1788581432904000000,1788581492894000000,0
workspaceModel.mutableEntityStorage.remove.entity.ms,1788581432904000000,1788581492894000000,0
jps.project.serializers.save.ms,1788581432904000000,1788581492894000000,6
jps.facet.change.listener.before.change.events.ms,1788581432904000000,1788581492894000000,0
DiskQueryRelay.taskExecutionTotalTimeUs,1788581432904000000,1788581492894000000,40597
parser.XML.time.ns,1788581432904000000,1788581492894000000,7
writeAction.max.wait.ms,1788581432904000000,1788581492894000000,70
lexer.XML.size.bytes,1788581432904000000,1788581492894000000,326021
writeAction.wait.ms,1788581432904000000,1788581492894000000,0
DiskQueryRelay.taskWaitingTotalTimeUs,1788581432904000000,1788581492894000000,52378
writeAction.count,1788581432904000000,1788581492894000000,1
lexer.XML.time.ns,1788581432904000000,1788581492894000000,6477249
LowMemory.gcLoad,1788581432904000000,1788581492894000000,0.0014683986489266263
DiskQueryRelay.tasksExecuted,1788581432904000000,1788581492894000000,79
writeAction.median.wait.ms,1788581432904000000,1788581492894000000,100
DiskQueryRelay.tasksRequested,1788581432904000000,1788581492894000000,79
parser.XML.size.bytes,1788581432904000000,1788581492894000000,326021
LowMemory.gcOverloaded,1788581432904000000,1788581492894000000,0
FileNameCache.queries,1788581432904000000,1788581492894000000,12224
VFS.cache.directoriesCreated,1788581432904000000,1788581492894000000,0
VFS.cache.filesCreated,1788581432904000000,1788581492894000000,1004
VFS.ContentWriter.totalTimeSpentOnAsyncOperationsUs,1788581432904000000,1788581492894000000,0
VFS.fileByIdCache.misses,1788581432904000000,1788581492894000000,8
VFS.contentStorage.recordsStoredCompressed,1788581432904000000,1788581492894000000,0
VFS.folderCaseSensitivityReads,1788581432904000000,1788581492894000000,0
VFS.contentStorage.recordsStored,1788581432904000000,1788581492894000000,0
VFS.contentStorage.recordsRead,1788581432904000000,1788581492894000000,42
VFS.contentStorage.recordsReadSize,1788581432904000000,1788581492894000000,330974
VFS.invertedFileNameIndex.requests,1788581432904000000,1788581492894000000,0
VFS.cache.segmentsCreated,1788581432904000000,1788581492894000000,0
VFS.ContentWriter.totalTasksExecutedAsync,1788581432904000000,1788581492894000000,0
VFS.fileByIdCache.hits,1788581432904000000,1788581492894000000,0
VFS.contentStorage.recordsDeduplicated,1788581432904000000,1788581492894000000,0
VFS.cache.segments,1788581432904000000,1788581492894000000,315
VFS.contentStorage.recordsDecompressionTimeUs,1788581432904000000,1788581492894000000,580
VFS.ContentWriter.totalTimeSpentOnSyncOperationsUs,1788581432904000000,1788581492894000000,0
VFS.contentStorage.recordsUncompressedSize,1788581432904000000,1788581492894000000,0
VFS.fileChildByName,1788581432904000000,1788581492894000000,8574
VFS.contentStorage.recordsReadDecompressed,1788581432904000000,1788581492894000000,15
VFS.ContentWriter.totalFlushes,1788581432904000000,1788581492894000000,0
VFS.rootsCount,1788581432904000000,1788581492894000000,298.0
VFS.ContentWriter.totalTasksExecutedSync,1788581432904000000,1788581492894000000,0
FileNameCache.totalMisses,1788581432904000000,1788581492894000000,0
VFS.contentStorage.recordsStoredSize,1788581432904000000,1788581492894000000,0
ReadAction.executionsCount,1788581432904000000,1788581492894000000,3084
FlushQueue.queueSize90P,1788581432904000000,1788581492894000000,0
NonBlockingReadAction.failedExecutionsCount,1788581432904000000,1788581492894000000,13
FlushQueue.queueSizeAvg,1788581432904000000,1788581492894000000,0.0
AWTEventQueue.dispatchTime90PNs,1788581432904000000,1788581492894000000,199679
WriteAction.executionsCount,1788581432904000000,1788581492894000000,1
NonBlockingReadAction.failedExecutionTimeUs,1788581432904000000,1788581492894000000,11700
AWTEventQueue.dispatchTimeTotalNS,1788581432904000000,1788581492894000000,4654817213
FlushQueue.executionTimeMaxNs,1788581432904000000,1788581492894000000,0
FlushQueue.waitingTimeAvgNs,1788581432904000000,1788581492894000000,0.0
AWTEventQueue.dispatchTimeMaxNs,1788581432904000000,1788581492894000000,199679
FlushQueue.waitingTimeMaxNs,1788581432904000000,1788581492894000000,0
FlushQueue.waitingTime90PNs,1788581432904000000,1788581492894000000,0
AWTEventQueue.dispatchTimeAvgNs,1788581432904000000,1788581492894000000,64516.0
AWTEventQueue.eventsDispatched,1788581432904000000,1788581492894000000,8
NonBlockingReadAction.finalizedExecutionTimeUs,1788581432904000000,1788581492894000000,426984
NonBlockingReadAction.finalizedExecutionsCount,1788581432904000000,1788581492894000000,85
FlushQueue.executionTimeAvgNs,1788581432904000000,1788581492894000000,0.0
FlushQueue.tasksExecuted,1788581432904000000,1788581492894000000,0
FlushQueue.executionTime90PNs,1788581432904000000,1788581492894000000,0
FlushQueue.queueSizeMax,1788581432904000000,1788581492894000000,0
FilePageCache.pageFastCacheHits,1788581432904000000,1788581492894000000,446
FilePageCache.WAL.entriesFlushedOnClose,1788581432904000000,1788581492894000000,0
FilePageCache.WAL.entriesFlushedOnForce,1788581432904000000,1788581492894000000,0
MappedFileStorage.totalPagesMapped,1788581432904000000,1788581492894000000,17
FilePageCache.totalBytesStored,1788581432904000000,1788581492894000000,594636
StreamlinedBlobStorage.totalLiveRecordsCapacityBytes,1788581432904000000,1788581492894000000,0
FilePageCache.WAL.bytesCopiedByApplyUnfinished,1788581432904000000,1788581492894000000,0
FilePageCache.maxCacheSizeInBytes,1788581432904000000,1788581492894000000,629153792
StorageLockContext.competingThreads.max,1788581432904000000,1788581492894000000,0
StreamlinedBlobStorage.recordsRelocated,1788581432904000000,1788581492894000000,0
FilePageCache.WAL.entriesFlushed,1788581432904000000,1788581492894000000,16
FilePageCache.disposedBuffers,1788581432904000000,1788581492894000000,0
MappedFileStorage.storages,1788581432904000000,1788581492894000000,17
FilePageCache.totalPageLoadsUs,1788581432904000000,1788581492894000000,1896
FilePageCache.pageLoadsAboveSizeThreshold,1788581432904000000,1788581492894000000,0
FileChannelInterruptsRetryer.totalRetriedAttempts,1788581432904000000,1788581492894000000,0
FilePageCache.WAL.bytesQueued,1788581432904000000,1788581492894000000,660104
StreamlinedBlobStorage.recordsDeleted,1788581432904000000,1788581492894000000,0
FilePageCache.totalPageStoresUs,1788581432904000000,1788581492894000000,50455
FilePageCache.pageLoads,1788581432904000000,1788581492894000000,1
FilePageCache.WAL.entriesFlushedOnRead,1788581432904000000,1788581492894000000,0
FilePageCache.WAL.flushesForcedByOverflow,1788581432904000000,1788581492894000000,0
DirectByteBufferAllocator.totalSizeOfBuffersAllocatedInBytes,1788581432904000000,1788581492894000000,31481856
FilePageCache.WAL.entriesFlushedOnTruncate,1788581432904000000,1788581492894000000,0
StorageLockContext.competingThreads.avg,1788581432904000000,1788581492894000000,0.0
DirectByteBufferAllocator.totalSizeOfBuffersCachedInBytes,1788581432904000000,1788581492894000000,55664640
FilePageCache.capacityInBytes,1788581432904000000,1788581492894000000,629145600
FilePageCache.totalPageDisposalsUs,1788581432904000000,1788581492894000000,9
FilePageCache.maxRegisteredFiles,1788581432904000000,1788581492894000000,1796
FilePageCache.pageHits,1788581432904000000,1788581492894000000,4
StorageLockContext.competingThreads.90P,1788581432904000000,1788581492894000000,0
FilePageCache.uncachedFileAccess,1788581432904000000,1788581492894000000,62
StreamlinedBlobStorage.recordsAllocated,1788581432904000000,1788581492894000000,0
DirectByteBufferAllocator.disposed,1788581432904000000,1788581492894000000,0
DirectByteBufferAllocator.reclaimed,1788581432904000000,1788581492894000000,0
StreamlinedBlobStorage.totalLiveRecordsPayloadBytes,1788581432904000000,1788581492894000000,0
MappedFileStorage.totalTimeSpentOnMappingUs,1788581432904000000,1788581492894000000,72260
MappedFileStorage.totalBytesMapped,1788581432904000000,1788581492894000000,266600448
DirectByteBufferAllocator.hits,1788581432904000000,1788581492894000000,0
DirectByteBufferAllocator.misses,1788581432904000000,1788581492894000000,1
cacheStateStorage.get.counter,1788581432904000000,1788581492894000000,2
cacheStateStorage.set.duration,1788581432904000000,1788581492894000000,0
cacheStateStorage.set.counter,1788581432904000000,1788581492894000000,0
cacheStateStorage.get.duration,1788581432904000000,1788581492894000000,3
Indexing.writer_3.totalTimeSpentWritingMs,1788581432904000000,1788581492894000000,0
Indexing.totalTimeIndexersSleptMs,1788581432904000000,1788581492894000000,0
Indexes.allKeys.lookups,1788581432904000000,1788581492894000000,1
Indexing.writesQueuedMax,1788581432904000000,1788581492894000000,0
Indexes.entries.lookupDurationAvgMs,1788581432904000000,1788581492894000000,0.0
Indexing.writer_1.totalTimeSpentWritingMs,1788581432904000000,1788581492894000000,0
Indexes.allKeys.lookupDuration90PMs,1788581432904000000,1788581492894000000,0.0
Indexes.stubs.lookupDurationMaxMs,1788581432904000000,1788581492894000000,0.0
Indexes.entries.lookupDuration90PMs,1788581432904000000,1788581492894000000,0.0
Indexes.entries.lookupDurationMaxMs,1788581432904000000,1788581492894000000,0.0
Indexing.writer_2.totalTimeSpentWritingMs,1788581432904000000,1788581492894000000,0
Indexes.stubs.lookupDuration90PMs,1788581432904000000,1788581492894000000,0.0
Indexing.writesQueuedMin,1788581432904000000,1788581492894000000,9223372036854775807
Indexing.writer_0.totalTimeSpentWritingMs,1788581432904000000,1788581492894000000,0
Indexing.cache.totalCacheAccesses,1788581432904000000,1788581492894000000,213
Indexes.entries.lookups,1788581432904000000,1788581492894000000,2
Indexes.stubs.lookupDurationAvgMs,1788581432904000000,1788581492894000000,0.0
Indexes.allKeys.lookupDurationMaxMs,1788581432904000000,1788581492894000000,0.0
Indexes.stubs.lookups,1788581432904000000,1788581492894000000,66
Indexing.cache.totalCacheEvicted,1788581432904000000,1788581492894000000,117
Indexes.allKeys.lookupDurationAvgMs,1788581432904000000,1788581492894000000,0.0
Indexing.cache.totalCacheMisses,1788581432904000000,1788581492894000000,122
workspaceModel.check.recursive.update.ms,1788581432904000000,1788581492894000000,0
workspaceModel.cachedValueWithParameters.calculated.count,1788581432904000000,1788581492894000000,0
workspaceModel.loading.total.ms,1788581432904000000,1788581492894000000,0
workspaceModel.workspaceFileIndexData.visitFileSets.ms,1788581432904000000,1788581492894000000,0
workspaceModel.cachedValue.from.cache.count,1788581432904000000,1788581492894000000,245
workspaceModel.non.incremental.contributors.total.update.time.ms,1788581432904000000,1788581492894000000,0
workspaceModel.workspaceFileIndexData.markDirty.ms,1788581432904000000,1788581492894000000,0
workspaceModel.cachedValueWithParameters.clear.count,1788581432904000000,1788581492894000000,0
workspaceModel.cachedValue.total.get.count,1788581432904000000,1788581492894000000,245
workspaceModel.non.incremental.contributors.file.sets.computation.time.ms,1788581432904000000,1788581492894000000,0
workspaceModel.collect.changes.ms,1788581432904000000,1788581492894000000,0
workspaceModel.cachedValueWithParameters.total.get.count,1788581432904000000,1788581492894000000,2
workspaceModel.update.unloaded.entities.ms,1788581432904000000,1788581492894000000,0
workspaceModel.cachedValue.clear.count,1788581432904000000,1788581492894000000,0
workspaceModel.cachedValue.calculated.count,1788581432904000000,1788581492894000000,0
workspaceModel.loading.from.cache.ms,1788581432904000000,1788581492894000000,0
workspaceModel.updates.ms,1788581432904000000,1788581492894000000,0
workspaceModel.workspaceFileIndexData.getFileInfo.ms,1788581432904000000,1788581492894000000,8
workspaceModel.replace.project.model.ms,1788581432904000000,1788581492894000000,0
workspaceModel.updates.count,1788581432904000000,1788581492894000000,0
workspaceModel.on.changed.ms,1788581432904000000,1788581492894000000,0
workspaceModel.workspaceFileIndexData.getPackageName.ms,1788581432904000000,1788581492894000000,0
workspaceModel.workspaceFileIndexData.processFileSets.ms,1788581432904000000,1788581492894000000,0
workspaceModel.pre.handlers.ms,1788581432904000000,1788581492894000000,0
workspaceModel.to.snapshot.ms,1788581432904000000,1788581492894000000,0
workspaceModel.workspaceFileIndexData.getDirectoriesByPackageName.ms,1788581432904000000,1788581492894000000,0
workspaceModel.init.bridges.ms,1788581432904000000,1788581492894000000,0
workspaceModel.workspaceFileIndexData.init.ms,1788581432904000000,1788581492894000000,0
workspaceModel.entityStorageSnapshotImpl.instances.count,1788581432904000000,1788581492894000000,0
workspaceModel.updates.precise.ms,1788581432904000000,1788581492894000000,0
workspaceModel.initializing.ms,1788581432904000000,1788581492894000000,0
workspaceModel.cachedValueWithParameters.from.cache.count,1788581432904000000,1788581492894000000,2
workspaceModel.full.replace.project.model.ms,1788581432904000000,1788581492894000000,0
workspaceModel.workspaceFileIndexData.updateDirtyEntities.ms,1788581432904000000,1788581492894000000,0
workspaceModel.on.before.changed.ms,1788581432904000000,1788581492894000000,0
workspaceModel.workspaceFileIndexData.onEntitiesChanged.ms,1788581432904000000,1788581492894000000,0
workspaceModel.non.incremental.contributors.exclude.roots.computation.time.ms,1788581432904000000,1788581492894000000,0
workspaceModel.workspaceFileIndexContributor.registerFileSets.ms,1788581432904000000,1788581492894000000,0
workspaceModel.workspaceFileIndexData.instances.count,1788581432904000000,1788581492894000000,0
compiler.ArtifactVirtualFileListener.propertyChanged.ms,1788581432904000000,1788581492894000000,0
compiler.ArtifactVirtualFileListener.filePathChanged.ms,1788581432904000000,1788581492894000000,0
compiler.ArtifactManagerBridge.findArtifact.ms,1788581432904000000,1788581492894000000,0
compiler.ArtifactManagerBridge.getArtifacts.ms,1788581432904000000,1788581492894000000,0
compiler.ArtifactManagerBridge.dropMappings.ms,1788581432904000000,1788581492894000000,0
compiler.ArtifactManagerBridge.commit.ms,1788581432904000000,1788581492894000000,0
compiler.ArtifactManagerBridge.getArtifactsByType.ms,1788581432904000000,1788581492894000000,0
compiler.ArtifactManagerBridge.addArtifact.ms,1788581432904000000,1788581492894000000,0
compiler.ArtifactManagerBridge.initBridges.ms,1788581432904000000,1788581492894000000,0
JVM.GC.collectionTimesMs,1788581432904000000,1788581492894000000,142
MEM.ramMinusFileMappingsBytes,1788581432904000000,1788581492894000000,697663488
JVM.usedNativeBytes,1788581432904000000,1788581492894000000,654381592
JVM.totalCpuTimeMs,1788581432904000000,1788581492894000000,15921
JVM.maxThreadCount,1788581432904000000,1788581492894000000,172
JVM.threadCount,1788581432904000000,1788581492894000000,84
JVM.GC.collections,1788581432904000000,1788581492894000000,4
JVM.totalTimeToSafepointsMs,1788581432904000000,1788581492894000000,3
MEM.ramBytes,1788581432904000000,1788581492894000000,733872128
JVM.committedHeapBytes,1788581432904000000,1788581492894000000,1190133760
JVM.usedHeapBytes,1788581432904000000,1788581492894000000,746431872
JVM.totalDirectByteBuffersBytes,1788581432904000000,1788581492894000000,31741960
MEM.ramPlusSwapMinusFileMappingsBytes,1788581432904000000,1788581492894000000,2370485504
JVM.totalSafepointCount,1788581432904000000,1788581492894000000,4
JVM.totalBytesAllocated,1788581432904000000,1788581492894000000,433387864
OS.loadAverage,1788581432904000000,1788581492894000000,3.125
MEM.fileMappingsRamBytes,1788581432904000000,1788581492894000000,36175872
JVM.newThreadsCount,1788581432904000000,1788581492894000000,4
JVM.maxHeapBytes,1788581432904000000,1788581492894000000,2147483648
JVM.totalTimeAtSafepointsMs,1788581432904000000,1788581492894000000,143
workspaceModel.mutableEntityStorage.changeLog.addReplaceEventForNewChild.ms,1788581492894000000,1788581552926000000,0
jps.facet.change.listener.init.bridge.ms,1788581492894000000,1788581552926000000,0
jps.global.get.library.ms,1788581492894000000,1788581552926000000,0
workspaceModel.moduleBridge.update.option.ms,1788581492894000000,1788581552926000000,0
workspaceModel.moduleBridgeLoader.loading.modules.ms,1788581492894000000,1788581552926000000,0
workspaceModel.global.apply.state.to.project.builder.ms,1788581492894000000,1788581552926000000,0
jps.library.entities.serializer.load.entities.ms,1788581492894000000,1788581552926000000,0
workspaceModel.moduleBridge.facet.initialization.ms,1788581492894000000,1788581552926000000,0
jps.global.handle.changed.events.ms,1788581492894000000,1788581552926000000,0
jps.modifiable.module.model.bridge.disposing.ms,1788581492894000000,1788581552926000000,0
workspaceModel.moduleManagerBridge.create.module.instance.ms,1788581492894000000,1788581552926000000,0
jps.reload.project.entities.ms,1788581492894000000,1788581552926000000,0
jps.app.storage.content.reader.load.component.ms,1788581492894000000,1788581552926000000,0
jps.modifiable.module.model.bridge.renaming.ms,1788581492894000000,1788581552926000000,0
workspaceModel.sync.entities.ms,1788581492894000000,1788581552926000000,0
jps.artifact.entities.serializer.save.entities.ms,1788581492894000000,1788581552926000000,0
workspaceModel.moduleManagerBridge.new.nonPersistent.module.ms,1788581492894000000,1788581552926000000,0
jps.app.storage.content.writer.save.component.ms,1788581492894000000,1788581552926000000,7
workspaceModel.mutableEntityStorage.add.entity.ms,1788581492894000000,1788581552926000000,0
workspaceModel.moduleBridge.before.changed.ms,1788581492894000000,1788581552926000000,0
jps.global.handle.before.change.events.ms,1788581492894000000,1788581552926000000,0
workspaceModel.mutableEntityStorage.mutable.ext.mapping.ms,1788581492894000000,1788581552926000000,0
jps.save.changed.project.entities.ms,1788581492894000000,1788581552926000000,2
jps.module.iml.entities.serializer.save.entities.ms,1788581492894000000,1788581552926000000,0
workspaceModel.moduleManagerBridge.set.unloadedModules.ms,1788581492894000000,1788581552926000000,0
workspaceModel.mutableEntityStorage.changeLog.addReplaceEventForRemovedChild.ms,1788581492894000000,1788581552926000000,0
workspaceModel.mutableEntityStorage.changeLog.addReplaceEventForRemovedParent.ms,1788581492894000000,1788581552926000000,0
jps.global.get.library.by.name.ms,1788581492894000000,1788581552926000000,0
workspaceModel.global.apply.state.to.project.ms,1788581492894000000,1788581552926000000,0
workspaceModel.moduleManagerBridge.load.module.ms,1788581492894000000,1788581552926000000,0
workspaceModel.mutableEntityStorage.mutable.vfurl.index.ms,1788581492894000000,1788581552926000000,0
workspaceModel.mutableEntityStorage.entities.ms,1788581492894000000,1788581552926000000,0
jps.global.initialize.library.bridges.after.loading.ms,1788581492894000000,1788581552926000000,0
workspaceModel.mutableEntityStorage.apply.changes.from.ms,1788581492894000000,1788581552926000000,0
workspaceModel.load.cache.metadata.from.file.ms,1788581492894000000,1788581552926000000,0
jps.save.global.entities.ms,1788581492894000000,1788581552926000000,20
workspaceModel.global.updates.ms,1788581492894000000,1788581552926000000,0
workspaceModel.mutableEntityStorage.changeLog.addReplaceEventForNewParent.ms,1788581492894000000,1788581552926000000,0
workspaceModel.mutableEntityStorage.has.same.entities.ms,1788581492894000000,1788581552926000000,0
workspaceModel.mutableEntityStorage.put.entity.ms,1788581492894000000,1788581552926000000,0
jps.load.project.to.empty.storage.ms,1788581492894000000,1788581552926000000,0
jps.project.serializers.load.ms,1788581492894000000,1788581552926000000,0
jps.load.initial.state.ms,1788581492894000000,1788581552926000000,0
workspaceModel.mutableEntityStorage.replace.by.source.ms,1788581492894000000,1788581552926000000,0
workspaceModel.save.cache.to.file.ms,1788581492894000000,1788581552926000000,0
workspaceModel.moduleManagerBridge.newModule.ms,1788581492894000000,1788581552926000000,0
jps.apply.loaded.storage.ms,1788581492894000000,1788581552926000000,0
jps.modifiable.module.model.bridge.new.module.ms,1788581492894000000,1788581552926000000,0
workspaceModel.mutableEntityStorage.entities.by.source.ms,1788581492894000000,1788581552926000000,0
workspaceModel.load.cache.from.file.ms,1788581492894000000,1788581552926000000,0
workspaceModel.mutableEntityStorage.hasReferrers.ms,1788581492894000000,1788581552926000000,0
jps.module.dependency.index.workspace.model.listener.on.changed.ms,1788581492894000000,1788581552926000000,0
jps.global.initialize.library.bridges.ms,1788581492894000000,1788581552926000000,0
workspaceModel.mutableEntityStorage.instances.count,1788581492894000000,1788581552926000000,0
jps.library.entities.serializer.save.entities.ms,1788581492894000000,1788581552926000000,0
workspaceModel.do.save.caches.ms,1788581492894000000,1788581552926000000,0
workspaceModel.moduleManagerBridge.build.module.graph.ms,1788581492894000000,1788581552926000000,0
jps.global.get.libraries.ms,1788581492894000000,1788581552926000000,0
workspaceModel.moduleManagerBridge.get.modules.ms,1788581492894000000,1788581552926000000,0
workspaceModel.mutableEntityStorage.referrers.ms,1788581492894000000,1788581552926000000,0
jps.storage.jps.conf.reader.load.component.ms,1788581492894000000,1788581552926000000,0
jps.modifiable.module.model.bridge.load.module.ms,1788581492894000000,1788581552926000000,0
workspaceModel.orphan.listener.update.ms,1788581492894000000,1788581552926000000,0
jps.module.iml.entities.serializer.load.entities.ms,1788581492894000000,1788581552926000000,0
workspaceModel.mutableEntityStorage.to.snapshot.ms,1788581492894000000,1788581552926000000,0
jps.facet.change.listener.process.change.events.ms,1788581492894000000,1788581552926000000,0
workspaceModel.mutableEntityStorage.collect.changes.ms,1788581492894000000,1788581552926000000,0
workspaceModel.moduleManagerBridge.load.all.modules.ms,1788581492894000000,1788581552926000000,0
workspaceModel.mutableEntityStorage.modify.entity.ms,1788581492894000000,1788581552926000000,0
workspaceModel.mutableEntityStorage.resolve.ms,1788581492894000000,1788581552926000000,0
workspaceModel.global.updates.count,1788581492894000000,1788581552926000000,0
jps.artifact.entities.serializer.load.entities.ms,1788581492894000000,1788581552926000000,0
workspaceModel.mutableEntityStorage.remove.entity.ms,1788581492894000000,1788581552926000000,0
jps.project.serializers.save.ms,1788581492894000000,1788581552926000000,2
jps.facet.change.listener.before.change.events.ms,1788581492894000000,1788581552926000000,0
DiskQueryRelay.taskExecutionTotalTimeUs,1788581492894000000,1788581552926000000,33701
writeAction.max.wait.ms,1788581492894000000,1788581552926000000,70
writeAction.wait.ms,1788581492894000000,1788581552926000000,0
DiskQueryRelay.taskWaitingTotalTimeUs,1788581492894000000,1788581552926000000,40719
writeAction.count,1788581492894000000,1788581552926000000,0
LowMemory.gcLoad,1788581492894000000,1788581552926000000,7.538004904904469E-4
DiskQueryRelay.tasksExecuted,1788581492894000000,1788581552926000000,54
writeAction.median.wait.ms,1788581492894000000,1788581552926000000,100
DiskQueryRelay.tasksRequested,1788581492894000000,1788581552926000000,54
LowMemory.gcOverloaded,1788581492894000000,1788581552926000000,0
FileNameCache.queries,1788581492894000000,1788581552926000000,0
VFS.cache.directoriesCreated,1788581492894000000,1788581552926000000,0
VFS.cache.filesCreated,1788581492894000000,1788581552926000000,97
VFS.ContentWriter.totalTimeSpentOnAsyncOperationsUs,1788581492894000000,1788581552926000000,0
VFS.fileByIdCache.misses,1788581492894000000,1788581552926000000,1
VFS.contentStorage.recordsStoredCompressed,1788581492894000000,1788581552926000000,0
VFS.folderCaseSensitivityReads,1788581492894000000,1788581552926000000,0
VFS.contentStorage.recordsStored,1788581492894000000,1788581552926000000,0
VFS.contentStorage.recordsRead,1788581492894000000,1788581552926000000,0
VFS.contentStorage.recordsReadSize,1788581492894000000,1788581552926000000,0
VFS.invertedFileNameIndex.requests,1788581492894000000,1788581552926000000,0
VFS.cache.segmentsCreated,1788581492894000000,1788581552926000000,0
VFS.ContentWriter.totalTasksExecutedAsync,1788581492894000000,1788581552926000000,0
VFS.fileByIdCache.hits,1788581492894000000,1788581552926000000,0
VFS.contentStorage.recordsDeduplicated,1788581492894000000,1788581552926000000,0
VFS.cache.segments,1788581492894000000,1788581552926000000,315
VFS.contentStorage.recordsDecompressionTimeUs,1788581492894000000,1788581552926000000,0
VFS.ContentWriter.totalTimeSpentOnSyncOperationsUs,1788581492894000000,1788581552926000000,0
VFS.contentStorage.recordsUncompressedSize,1788581492894000000,1788581552926000000,0
VFS.fileChildByName,1788581492894000000,1788581552926000000,385
VFS.contentStorage.recordsReadDecompressed,1788581492894000000,1788581552926000000,0
VFS.ContentWriter.totalFlushes,1788581492894000000,1788581552926000000,0
VFS.rootsCount,1788581492894000000,1788581552926000000,298.0
VFS.ContentWriter.totalTasksExecutedSync,1788581492894000000,1788581552926000000,0
FileNameCache.totalMisses,1788581492894000000,1788581552926000000,0
VFS.contentStorage.recordsStoredSize,1788581492894000000,1788581552926000000,0
ReadAction.executionsCount,1788581492894000000,1788581552926000000,2193
FlushQueue.queueSize90P,1788581492894000000,1788581552926000000,0
NonBlockingReadAction.failedExecutionsCount,1788581492894000000,1788581552926000000,39
FlushQueue.queueSizeAvg,1788581492894000000,1788581552926000000,0.0
AWTEventQueue.dispatchTime90PNs,1788581492894000000,1788581552926000000,61951
WriteAction.executionsCount,1788581492894000000,1788581552926000000,0
NonBlockingReadAction.failedExecutionTimeUs,1788581492894000000,1788581552926000000,6801
AWTEventQueue.dispatchTimeTotalNS,1788581492894000000,1788581552926000000,4204312694
FlushQueue.executionTimeMaxNs,1788581492894000000,1788581552926000000,0
FlushQueue.waitingTimeAvgNs,1788581492894000000,1788581552926000000,0.0
AWTEventQueue.dispatchTimeMaxNs,1788581492894000000,1788581552926000000,61951
FlushQueue.waitingTimeMaxNs,1788581492894000000,1788581552926000000,0
FlushQueue.waitingTime90PNs,1788581492894000000,1788581552926000000,0
AWTEventQueue.dispatchTimeAvgNs,1788581492894000000,1788581552926000000,61824.0
AWTEventQueue.eventsDispatched,1788581492894000000,1788581552926000000,1
NonBlockingReadAction.finalizedExecutionTimeUs,1788581492894000000,1788581552926000000,166134
NonBlockingReadAction.finalizedExecutionsCount,1788581492894000000,1788581552926000000,127
FlushQueue.executionTimeAvgNs,1788581492894000000,1788581552926000000,0.0
FlushQueue.tasksExecuted,1788581492894000000,1788581552926000000,0
FlushQueue.executionTime90PNs,1788581492894000000,1788581552926000000,0
FlushQueue.queueSizeMax,1788581492894000000,1788581552926000000,0
FilePageCache.pageFastCacheHits,1788581492894000000,1788581552926000000,181
FilePageCache.WAL.entriesFlushedOnClose,1788581492894000000,1788581552926000000,0
FilePageCache.WAL.entriesFlushedOnForce,1788581492894000000,1788581552926000000,0
MappedFileStorage.totalPagesMapped,1788581492894000000,1788581552926000000,17
FilePageCache.totalBytesStored,1788581492894000000,1788581552926000000,960
StreamlinedBlobStorage.totalLiveRecordsCapacityBytes,1788581492894000000,1788581552926000000,0
FilePageCache.WAL.bytesCopiedByApplyUnfinished,1788581492894000000,1788581552926000000,0
FilePageCache.maxCacheSizeInBytes,1788581492894000000,1788581552926000000,629153792
StorageLockContext.competingThreads.max,1788581492894000000,1788581552926000000,0
StreamlinedBlobStorage.recordsRelocated,1788581492894000000,1788581552926000000,0
FilePageCache.WAL.entriesFlushed,1788581492894000000,1788581552926000000,0
FilePageCache.disposedBuffers,1788581492894000000,1788581552926000000,33
MappedFileStorage.storages,1788581492894000000,1788581552926000000,17
FilePageCache.totalPageLoadsUs,1788581492894000000,1788581552926000000,5366
FilePageCache.pageLoadsAboveSizeThreshold,1788581492894000000,1788581552926000000,0
FileChannelInterruptsRetryer.totalRetriedAttempts,1788581492894000000,1788581552926000000,0
FilePageCache.WAL.bytesQueued,1788581492894000000,1788581552926000000,0
StreamlinedBlobStorage.recordsDeleted,1788581492894000000,1788581552926000000,0
FilePageCache.totalPageStoresUs,1788581492894000000,1788581552926000000,45861
FilePageCache.pageLoads,1788581492894000000,1788581552926000000,4
FilePageCache.WAL.entriesFlushedOnRead,1788581492894000000,1788581552926000000,0
FilePageCache.WAL.flushesForcedByOverflow,1788581492894000000,1788581552926000000,0
DirectByteBufferAllocator.totalSizeOfBuffersAllocatedInBytes,1788581492894000000,1788581552926000000,3153920
FilePageCache.WAL.entriesFlushedOnTruncate,1788581492894000000,1788581552926000000,0
StorageLockContext.competingThreads.avg,1788581492894000000,1788581552926000000,0.0
DirectByteBufferAllocator.totalSizeOfBuffersCachedInBytes,1788581492894000000,1788581552926000000,87146496
FilePageCache.capacityInBytes,1788581492894000000,1788581552926000000,629145600
FilePageCache.totalPageDisposalsUs,1788581492894000000,1788581552926000000,11
FilePageCache.maxRegisteredFiles,1788581492894000000,1788581552926000000,1796
FilePageCache.pageHits,1788581492894000000,1788581552926000000,0
StorageLockContext.competingThreads.90P,1788581492894000000,1788581552926000000,0
FilePageCache.uncachedFileAccess,1788581492894000000,1788581552926000000,64
StreamlinedBlobStorage.recordsAllocated,1788581492894000000,1788581552926000000,0
DirectByteBufferAllocator.disposed,1788581492894000000,1788581552926000000,33
DirectByteBufferAllocator.reclaimed,1788581492894000000,1788581552926000000,33
StreamlinedBlobStorage.totalLiveRecordsPayloadBytes,1788581492894000000,1788581552926000000,0
MappedFileStorage.totalTimeSpentOnMappingUs,1788581492894000000,1788581552926000000,72260
MappedFileStorage.totalBytesMapped,1788581492894000000,1788581552926000000,266600448
DirectByteBufferAllocator.hits,1788581492894000000,1788581552926000000,0
DirectByteBufferAllocator.misses,1788581492894000000,1788581552926000000,4
cacheStateStorage.get.counter,1788581492894000000,1788581552926000000,0
cacheStateStorage.set.duration,1788581492894000000,1788581552926000000,0
cacheStateStorage.set.counter,1788581492894000000,1788581552926000000,0
cacheStateStorage.get.duration,1788581492894000000,1788581552926000000,0
Indexing.writer_3.totalTimeSpentWritingMs,1788581492894000000,1788581552926000000,0
Indexing.totalTimeIndexersSleptMs,1788581492894000000,1788581552926000000,0
Indexes.allKeys.lookups,1788581492894000000,1788581552926000000,0
Indexing.writesQueuedMax,1788581492894000000,1788581552926000000,0
Indexes.entries.lookupDurationAvgMs,1788581492894000000,1788581552926000000,0.0
Indexing.writer_1.totalTimeSpentWritingMs,1788581492894000000,1788581552926000000,0
Indexes.allKeys.lookupDuration90PMs,1788581492894000000,1788581552926000000,0.0
Indexes.stubs.lookupDurationMaxMs,1788581492894000000,1788581552926000000,0.0
Indexes.entries.lookupDuration90PMs,1788581492894000000,1788581552926000000,0.0
Indexes.entries.lookupDurationMaxMs,1788581492894000000,1788581552926000000,0.0
Indexing.writer_2.totalTimeSpentWritingMs,1788581492894000000,1788581552926000000,0
Indexes.stubs.lookupDuration90PMs,1788581492894000000,1788581552926000000,0.0
Indexing.writesQueuedMin,1788581492894000000,1788581552926000000,9223372036854775807
Indexing.writer_0.totalTimeSpentWritingMs,1788581492894000000,1788581552926000000,0
Indexing.cache.totalCacheAccesses,1788581492894000000,1788581552926000000,14
Indexes.entries.lookups,1788581492894000000,1788581552926000000,0
Indexes.stubs.lookupDurationAvgMs,1788581492894000000,1788581552926000000,0.0
Indexes.allKeys.lookupDurationMaxMs,1788581492894000000,1788581552926000000,0.0
Indexes.stubs.lookups,1788581492894000000,1788581552926000000,7
Indexing.cache.totalCacheEvicted,1788581492894000000,1788581552926000000,10
Indexes.allKeys.lookupDurationAvgMs,1788581492894000000,1788581552926000000,0.0
Indexing.cache.totalCacheMisses,1788581492894000000,1788581552926000000,5
workspaceModel.check.recursive.update.ms,1788581492894000000,1788581552926000000,0
workspaceModel.cachedValueWithParameters.calculated.count,1788581492894000000,1788581552926000000,0
workspaceModel.loading.total.ms,1788581492894000000,1788581552926000000,0
workspaceModel.workspaceFileIndexData.visitFileSets.ms,1788581492894000000,1788581552926000000,0
workspaceModel.cachedValue.from.cache.count,1788581492894000000,1788581552926000000,10
workspaceModel.non.incremental.contributors.total.update.time.ms,1788581492894000000,1788581552926000000,0
workspaceModel.workspaceFileIndexData.markDirty.ms,1788581492894000000,1788581552926000000,0
workspaceModel.cachedValueWithParameters.clear.count,1788581492894000000,1788581552926000000,0
workspaceModel.cachedValue.total.get.count,1788581492894000000,1788581552926000000,10
workspaceModel.non.incremental.contributors.file.sets.computation.time.ms,1788581492894000000,1788581552926000000,0
workspaceModel.collect.changes.ms,1788581492894000000,1788581552926000000,0
workspaceModel.cachedValueWithParameters.total.get.count,1788581492894000000,1788581552926000000,0
workspaceModel.update.unloaded.entities.ms,1788581492894000000,1788581552926000000,0
workspaceModel.cachedValue.clear.count,1788581492894000000,1788581552926000000,0
workspaceModel.cachedValue.calculated.count,1788581492894000000,1788581552926000000,0
workspaceModel.loading.from.cache.ms,1788581492894000000,1788581552926000000,0
workspaceModel.updates.ms,1788581492894000000,1788581552926000000,0
workspaceModel.workspaceFileIndexData.getFileInfo.ms,1788581492894000000,1788581552926000000,1
workspaceModel.replace.project.model.ms,1788581492894000000,1788581552926000000,0
workspaceModel.updates.count,1788581492894000000,1788581552926000000,0
workspaceModel.on.changed.ms,1788581492894000000,1788581552926000000,0
workspaceModel.workspaceFileIndexData.getPackageName.ms,1788581492894000000,1788581552926000000,0
workspaceModel.workspaceFileIndexData.processFileSets.ms,1788581492894000000,1788581552926000000,0
workspaceModel.pre.handlers.ms,1788581492894000000,1788581552926000000,0
workspaceModel.to.snapshot.ms,1788581492894000000,1788581552926000000,0
workspaceModel.workspaceFileIndexData.getDirectoriesByPackageName.ms,1788581492894000000,1788581552926000000,0
workspaceModel.init.bridges.ms,1788581492894000000,1788581552926000000,0
workspaceModel.workspaceFileIndexData.init.ms,1788581492894000000,1788581552926000000,0
workspaceModel.entityStorageSnapshotImpl.instances.count,1788581492894000000,1788581552926000000,0
workspaceModel.updates.precise.ms,1788581492894000000,1788581552926000000,0
workspaceModel.initializing.ms,1788581492894000000,1788581552926000000,0
workspaceModel.cachedValueWithParameters.from.cache.count,1788581492894000000,1788581552926000000,0
workspaceModel.full.replace.project.model.ms,1788581492894000000,1788581552926000000,0
workspaceModel.workspaceFileIndexData.updateDirtyEntities.ms,1788581492894000000,1788581552926000000,0
workspaceModel.on.before.changed.ms,1788581492894000000,1788581552926000000,0
workspaceModel.workspaceFileIndexData.onEntitiesChanged.ms,1788581492894000000,1788581552926000000,0
workspaceModel.non.incremental.contributors.exclude.roots.computation.time.ms,1788581492894000000,1788581552926000000,0
workspaceModel.workspaceFileIndexContributor.registerFileSets.ms,1788581492894000000,1788581552926000000,0
workspaceModel.workspaceFileIndexData.instances.count,1788581492894000000,1788581552926000000,0
compiler.ArtifactVirtualFileListener.propertyChanged.ms,1788581492894000000,1788581552926000000,0
compiler.ArtifactVirtualFileListener.filePathChanged.ms,1788581492894000000,1788581552926000000,0
compiler.ArtifactManagerBridge.findArtifact.ms,1788581492894000000,1788581552926000000,0
compiler.ArtifactManagerBridge.getArtifacts.ms,1788581492894000000,1788581552926000000,0
compiler.ArtifactManagerBridge.dropMappings.ms,1788581492894000000,1788581552926000000,0
compiler.ArtifactManagerBridge.commit.ms,1788581492894000000,1788581552926000000,0
compiler.ArtifactManagerBridge.getArtifactsByType.ms,1788581492894000000,1788581552926000000,0
compiler.ArtifactManagerBridge.addArtifact.ms,1788581492894000000,1788581552926000000,0
compiler.ArtifactManagerBridge.initBridges.ms,1788581492894000000,1788581552926000000,0
JVM.GC.collectionTimesMs,1788581492894000000,1788581552926000000,488
MEM.ramMinusFileMappingsBytes,1788581492894000000,1788581552926000000,204406784
JVM.usedNativeBytes,1788581492894000000,1788581552926000000,656541856
JVM.totalCpuTimeMs,1788581492894000000,1788581552926000000,12993
JVM.maxThreadCount,1788581492894000000,1788581552926000000,172
JVM.threadCount,1788581492894000000,1788581552926000000,80
JVM.GC.collections,1788581492894000000,1788581552926000000,1
JVM.totalTimeToSafepointsMs,1788581492894000000,1788581552926000000,0
MEM.ramBytes,1788581492894000000,1788581552926000000,237289472
JVM.committedHeapBytes,1788581492894000000,1788581552926000000,1174405120
JVM.usedHeapBytes,1788581492894000000,1788581552926000000,701638528
JVM.totalDirectByteBuffersBytes,1788581492894000000,1788581552926000000,3414024
MEM.ramPlusSwapMinusFileMappingsBytes,1788581492894000000,1788581552926000000,2291809408
JVM.totalSafepointCount,1788581492894000000,1788581552926000000,1
JVM.totalBytesAllocated,1788581492894000000,1788581552926000000,221827088
OS.loadAverage,1788581492894000000,1788581552926000000,3.69287109375
MEM.fileMappingsRamBytes,1788581492894000000,1788581552926000000,32882688
JVM.newThreadsCount,1788581492894000000,1788581552926000000,0
JVM.maxHeapBytes,1788581492894000000,1788581552926000000,2147483648
JVM.totalTimeAtSafepointsMs,1788581492894000000,1788581552926000000,487
workspaceModel.mutableEntityStorage.changeLog.addReplaceEventForNewChild.ms,1788581552926000000,1788581612967000000,0
jps.facet.change.listener.init.bridge.ms,1788581552926000000,1788581612967000000,0
jps.global.get.library.ms,1788581552926000000,1788581612967000000,0
workspaceModel.moduleBridge.update.option.ms,1788581552926000000,1788581612967000000,0
workspaceModel.moduleBridgeLoader.loading.modules.ms,1788581552926000000,1788581612967000000,0
workspaceModel.global.apply.state.to.project.builder.ms,1788581552926000000,1788581612967000000,0
jps.library.entities.serializer.load.entities.ms,1788581552926000000,1788581612967000000,0
workspaceModel.moduleBridge.facet.initialization.ms,1788581552926000000,1788581612967000000,0
jps.global.handle.changed.events.ms,1788581552926000000,1788581612967000000,0
jps.modifiable.module.model.bridge.disposing.ms,1788581552926000000,1788581612967000000,0
workspaceModel.moduleManagerBridge.create.module.instance.ms,1788581552926000000,1788581612967000000,0
jps.reload.project.entities.ms,1788581552926000000,1788581612967000000,0
jps.app.storage.content.reader.load.component.ms,1788581552926000000,1788581612967000000,0
jps.modifiable.module.model.bridge.renaming.ms,1788581552926000000,1788581612967000000,0
workspaceModel.sync.entities.ms,1788581552926000000,1788581612967000000,0
jps.artifact.entities.serializer.save.entities.ms,1788581552926000000,1788581612967000000,0
workspaceModel.moduleManagerBridge.new.nonPersistent.module.ms,1788581552926000000,1788581612967000000,0
jps.app.storage.content.writer.save.component.ms,1788581552926000000,1788581612967000000,0
workspaceModel.mutableEntityStorage.add.entity.ms,1788581552926000000,1788581612967000000,0
workspaceModel.moduleBridge.before.changed.ms,1788581552926000000,1788581612967000000,0
jps.global.handle.before.change.events.ms,1788581552926000000,1788581612967000000,0
workspaceModel.mutableEntityStorage.mutable.ext.mapping.ms,1788581552926000000,1788581612967000000,0
jps.save.changed.project.entities.ms,1788581552926000000,1788581612967000000,0
jps.module.iml.entities.serializer.save.entities.ms,1788581552926000000,1788581612967000000,0
workspaceModel.moduleManagerBridge.set.unloadedModules.ms,1788581552926000000,1788581612967000000,0
workspaceModel.mutableEntityStorage.changeLog.addReplaceEventForRemovedChild.ms,1788581552926000000,1788581612967000000,0
workspaceModel.mutableEntityStorage.changeLog.addReplaceEventForRemovedParent.ms,1788581552926000000,1788581612967000000,0
jps.global.get.library.by.name.ms,1788581552926000000,1788581612967000000,0
workspaceModel.global.apply.state.to.project.ms,1788581552926000000,1788581612967000000,0
workspaceModel.moduleManagerBridge.load.module.ms,1788581552926000000,1788581612967000000,0
workspaceModel.mutableEntityStorage.mutable.vfurl.index.ms,1788581552926000000,1788581612967000000,0
workspaceModel.mutableEntityStorage.entities.ms,1788581552926000000,1788581612967000000,0
jps.global.initialize.library.bridges.after.loading.ms,1788581552926000000,1788581612967000000,0
workspaceModel.mutableEntityStorage.apply.changes.from.ms,1788581552926000000,1788581612967000000,0
workspaceModel.load.cache.metadata.from.file.ms,1788581552926000000,1788581612967000000,0
jps.save.global.entities.ms,1788581552926000000,1788581612967000000,0
workspaceModel.global.updates.ms,1788581552926000000,1788581612967000000,0
workspaceModel.mutableEntityStorage.changeLog.addReplaceEventForNewParent.ms,1788581552926000000,1788581612967000000,0
workspaceModel.mutableEntityStorage.has.same.entities.ms,1788581552926000000,1788581612967000000,0
workspaceModel.mutableEntityStorage.put.entity.ms,1788581552926000000,1788581612967000000,0
jps.load.project.to.empty.storage.ms,1788581552926000000,1788581612967000000,0
jps.project.serializers.load.ms,1788581552926000000,1788581612967000000,0
jps.load.initial.state.ms,1788581552926000000,1788581612967000000,0
workspaceModel.mutableEntityStorage.replace.by.source.ms,1788581552926000000,1788581612967000000,0
workspaceModel.save.cache.to.file.ms,1788581552926000000,1788581612967000000,0
workspaceModel.moduleManagerBridge.newModule.ms,1788581552926000000,1788581612967000000,0
jps.apply.loaded.storage.ms,1788581552926000000,1788581612967000000,0
jps.modifiable.module.model.bridge.new.module.ms,1788581552926000000,1788581612967000000,0
workspaceModel.mutableEntityStorage.entities.by.source.ms,1788581552926000000,1788581612967000000,0
workspaceModel.load.cache.from.file.ms,1788581552926000000,1788581612967000000,0
workspaceModel.mutableEntityStorage.hasReferrers.ms,1788581552926000000,1788581612967000000,0
jps.module.dependency.index.workspace.model.listener.on.changed.ms,1788581552926000000,1788581612967000000,0
jps.global.initialize.library.bridges.ms,1788581552926000000,1788581612967000000,0
workspaceModel.mutableEntityStorage.instances.count,1788581552926000000,1788581612967000000,0
jps.library.entities.serializer.save.entities.ms,1788581552926000000,1788581612967000000,0
workspaceModel.do.save.caches.ms,1788581552926000000,1788581612967000000,0
workspaceModel.moduleManagerBridge.build.module.graph.ms,1788581552926000000,1788581612967000000,0
jps.global.get.libraries.ms,1788581552926000000,1788581612967000000,0
workspaceModel.moduleManagerBridge.get.modules.ms,1788581552926000000,1788581612967000000,0
workspaceModel.mutableEntityStorage.referrers.ms,1788581552926000000,1788581612967000000,0
jps.storage.jps.conf.reader.load.component.ms,1788581552926000000,1788581612967000000,0
jps.modifiable.module.model.bridge.load.module.ms,1788581552926000000,1788581612967000000,0
workspaceModel.orphan.listener.update.ms,1788581552926000000,1788581612967000000,0
jps.module.iml.entities.serializer.load.entities.ms,1788581552926000000,1788581612967000000,0
workspaceModel.mutableEntityStorage.to.snapshot.ms,1788581552926000000,1788581612967000000,0
jps.facet.change.listener.process.change.events.ms,1788581552926000000,1788581612967000000,0
workspaceModel.mutableEntityStorage.collect.changes.ms,1788581552926000000,1788581612967000000,0
workspaceModel.moduleManagerBridge.load.all.modules.ms,1788581552926000000,1788581612967000000,0
workspaceModel.mutableEntityStorage.modify.entity.ms,1788581552926000000,1788581612967000000,0
workspaceModel.mutableEntityStorage.resolve.ms,1788581552926000000,1788581612967000000,0
workspaceModel.global.updates.count,1788581552926000000,1788581612967000000,0
jps.artifact.entities.serializer.load.entities.ms,1788581552926000000,1788581612967000000,0
workspaceModel.mutableEntityStorage.remove.entity.ms,1788581552926000000,1788581612967000000,0
jps.project.serializers.save.ms,1788581552926000000,1788581612967000000,0
jps.facet.change.listener.before.change.events.ms,1788581552926000000,1788581612967000000,0
DiskQueryRelay.taskExecutionTotalTimeUs,1788581552926000000,1788581612967000000,0
writeAction.max.wait.ms,1788581552926000000,1788581612967000000,70
writeAction.wait.ms,1788581552926000000,1788581612967000000,0
DiskQueryRelay.taskWaitingTotalTimeUs,1788581552926000000,1788581612967000000,0
writeAction.count,1788581552926000000,1788581612967000000,0
LowMemory.gcLoad,1788581552926000000,1788581612967000000,0.0034122609066468074
DiskQueryRelay.tasksExecuted,1788581552926000000,1788581612967000000,0
writeAction.median.wait.ms,1788581552926000000,1788581612967000000,100
DiskQueryRelay.tasksRequested,1788581552926000000,1788581612967000000,0
LowMemory.gcOverloaded,1788581552926000000,1788581612967000000,0
FileNameCache.queries,1788581552926000000,1788581612967000000,0
VFS.cache.directoriesCreated,1788581552926000000,1788581612967000000,0
VFS.cache.filesCreated,1788581552926000000,1788581612967000000,28
VFS.ContentWriter.totalTimeSpentOnAsyncOperationsUs,1788581552926000000,1788581612967000000,0
VFS.fileByIdCache.misses,1788581552926000000,1788581612967000000,0
VFS.contentStorage.recordsStoredCompressed,1788581552926000000,1788581612967000000,0
VFS.folderCaseSensitivityReads,1788581552926000000,1788581612967000000,0
VFS.contentStorage.recordsStored,1788581552926000000,1788581612967000000,0
VFS.contentStorage.recordsRead,1788581552926000000,1788581612967000000,0
VFS.contentStorage.recordsReadSize,1788581552926000000,1788581612967000000,0
VFS.invertedFileNameIndex.requests,1788581552926000000,1788581612967000000,0
VFS.cache.segmentsCreated,1788581552926000000,1788581612967000000,0
VFS.ContentWriter.totalTasksExecutedAsync,1788581552926000000,1788581612967000000,0
VFS.fileByIdCache.hits,1788581552926000000,1788581612967000000,0
VFS.contentStorage.recordsDeduplicated,1788581552926000000,1788581612967000000,0
VFS.cache.segments,1788581552926000000,1788581612967000000,315
VFS.contentStorage.recordsDecompressionTimeUs,1788581552926000000,1788581612967000000,0
VFS.ContentWriter.totalTimeSpentOnSyncOperationsUs,1788581552926000000,1788581612967000000,0
VFS.contentStorage.recordsUncompressedSize,1788581552926000000,1788581612967000000,0
VFS.fileChildByName,1788581552926000000,1788581612967000000,0
VFS.contentStorage.recordsReadDecompressed,1788581552926000000,1788581612967000000,0
VFS.ContentWriter.totalFlushes,1788581552926000000,1788581612967000000,0
VFS.rootsCount,1788581552926000000,1788581612967000000,298.0
VFS.ContentWriter.totalTasksExecutedSync,1788581552926000000,1788581612967000000,0
FileNameCache.totalMisses,1788581552926000000,1788581612967000000,0
VFS.contentStorage.recordsStoredSize,1788581552926000000,1788581612967000000,0
ReadAction.executionsCount,1788581552926000000,1788581612967000000,3
FlushQueue.queueSize90P,1788581552926000000,1788581612967000000,0
NonBlockingReadAction.failedExecutionsCount,1788581552926000000,1788581612967000000,0
FlushQueue.queueSizeAvg,1788581552926000000,1788581612967000000,0.0
AWTEventQueue.dispatchTime90PNs,1788581552926000000,1788581612967000000,0
WriteAction.executionsCount,1788581552926000000,1788581612967000000,0
NonBlockingReadAction.failedExecutionTimeUs,1788581552926000000,1788581612967000000,0
AWTEventQueue.dispatchTimeTotalNS,1788581552926000000,1788581612967000000,12773171
FlushQueue.executionTimeMaxNs,1788581552926000000,1788581612967000000,0
FlushQueue.waitingTimeAvgNs,1788581552926000000,1788581612967000000,0.0
AWTEventQueue.dispatchTimeMaxNs,1788581552926000000,1788581612967000000,0
FlushQueue.waitingTimeMaxNs,1788581552926000000,1788581612967000000,0
FlushQueue.waitingTime90PNs,1788581552926000000,1788581612967000000,0
AWTEventQueue.dispatchTimeAvgNs,1788581552926000000,1788581612967000000,0.0
AWTEventQueue.eventsDispatched,1788581552926000000,1788581612967000000,0
NonBlockingReadAction.finalizedExecutionTimeUs,1788581552926000000,1788581612967000000,0
NonBlockingReadAction.finalizedExecutionsCount,1788581552926000000,1788581612967000000,0
FlushQueue.executionTimeAvgNs,1788581552926000000,1788581612967000000,0.0
FlushQueue.tasksExecuted,1788581552926000000,1788581612967000000,0
FlushQueue.executionTime90PNs,1788581552926000000,1788581612967000000,0
FlushQueue.queueSizeMax,1788581552926000000,1788581612967000000,0
FilePageCache.pageFastCacheHits,1788581552926000000,1788581612967000000,180
FilePageCache.WAL.entriesFlushedOnClose,1788581552926000000,1788581612967000000,0
FilePageCache.WAL.entriesFlushedOnForce,1788581552926000000,1788581612967000000,0
MappedFileStorage.totalPagesMapped,1788581552926000000,1788581612967000000,17
FilePageCache.totalBytesStored,1788581552926000000,1788581612967000000,960
StreamlinedBlobStorage.totalLiveRecordsCapacityBytes,1788581552926000000,1788581612967000000,0
FilePageCache.WAL.bytesCopiedByApplyUnfinished,1788581552926000000,1788581612967000000,0
FilePageCache.maxCacheSizeInBytes,1788581552926000000,1788581612967000000,629153792
StorageLockContext.competingThreads.max,1788581552926000000,1788581612967000000,0
StreamlinedBlobStorage.recordsRelocated,1788581552926000000,1788581612967000000,0
FilePageCache.WAL.entriesFlushed,1788581552926000000,1788581612967000000,0
FilePageCache.disposedBuffers,1788581552926000000,1788581612967000000,0
MappedFileStorage.storages,1788581552926000000,1788581612967000000,17
FilePageCache.totalPageLoadsUs,1788581552926000000,1788581612967000000,0
FilePageCache.pageLoadsAboveSizeThreshold,1788581552926000000,1788581612967000000,0
FileChannelInterruptsRetryer.totalRetriedAttempts,1788581552926000000,1788581612967000000,0
FilePageCache.WAL.bytesQueued,1788581552926000000,1788581612967000000,0
StreamlinedBlobStorage.recordsDeleted,1788581552926000000,1788581612967000000,0
FilePageCache.totalPageStoresUs,1788581552926000000,1788581612967000000,41448
FilePageCache.pageLoads,1788581552926000000,1788581612967000000,0
FilePageCache.WAL.entriesFlushedOnRead,1788581552926000000,1788581612967000000,0
FilePageCache.WAL.flushesForcedByOverflow,1788581552926000000,1788581612967000000,0
DirectByteBufferAllocator.totalSizeOfBuffersAllocatedInBytes,1788581552926000000,1788581612967000000,3153920
FilePageCache.WAL.entriesFlushedOnTruncate,1788581552926000000,1788581612967000000,0
StorageLockContext.competingThreads.avg,1788581552926000000,1788581612967000000,0.0
DirectByteBufferAllocator.totalSizeOfBuffersCachedInBytes,1788581552926000000,1788581612967000000,87146496
FilePageCache.capacityInBytes,1788581552926000000,1788581612967000000,629145600
FilePageCache.totalPageDisposalsUs,1788581552926000000,1788581612967000000,0
FilePageCache.maxRegisteredFiles,1788581552926000000,1788581612967000000,1796
FilePageCache.pageHits,1788581552926000000,1788581612967000000,0
StorageLockContext.competingThreads.90P,1788581552926000000,1788581612967000000,0
FilePageCache.uncachedFileAccess,1788581552926000000,1788581612967000000,60
StreamlinedBlobStorage.recordsAllocated,1788581552926000000,1788581612967000000,0
DirectByteBufferAllocator.disposed,1788581552926000000,1788581612967000000,0
DirectByteBufferAllocator.reclaimed,1788581552926000000,1788581612967000000,0
StreamlinedBlobStorage.totalLiveRecordsPayloadBytes,1788581552926000000,1788581612967000000,0
MappedFileStorage.totalTimeSpentOnMappingUs,1788581552926000000,1788581612967000000,72260
MappedFileStorage.totalBytesMapped,1788581552926000000,1788581612967000000,266600448
DirectByteBufferAllocator.hits,1788581552926000000,1788581612967000000,0
DirectByteBufferAllocator.misses,1788581552926000000,1788581612967000000,0
cacheStateStorage.get.counter,1788581552926000000,1788581612967000000,0
cacheStateStorage.set.duration,1788581552926000000,1788581612967000000,0
cacheStateStorage.set.counter,1788581552926000000,1788581612967000000,0
cacheStateStorage.get.duration,1788581552926000000,1788581612967000000,0
Indexing.writer_3.totalTimeSpentWritingMs,1788581552926000000,1788581612967000000,0
Indexing.totalTimeIndexersSleptMs,1788581552926000000,1788581612967000000,0
Indexes.allKeys.lookups,1788581552926000000,1788581612967000000,0
Indexing.writesQueuedMax,1788581552926000000,1788581612967000000,0
Indexes.entries.lookupDurationAvgMs,1788581552926000000,1788581612967000000,0.0
Indexing.writer_1.totalTimeSpentWritingMs,1788581552926000000,1788581612967000000,0
Indexes.allKeys.lookupDuration90PMs,1788581552926000000,1788581612967000000,0.0
Indexes.stubs.lookupDurationMaxMs,1788581552926000000,1788581612967000000,0.0
Indexes.entries.lookupDuration90PMs,1788581552926000000,1788581612967000000,0.0
Indexes.entries.lookupDurationMaxMs,1788581552926000000,1788581612967000000,0.0
Indexing.writer_2.totalTimeSpentWritingMs,1788581552926000000,1788581612967000000,0
Indexes.stubs.lookupDuration90PMs,1788581552926000000,1788581612967000000,0.0
Indexing.writesQueuedMin,1788581552926000000,1788581612967000000,9223372036854775807
Indexing.writer_0.totalTimeSpentWritingMs,1788581552926000000,1788581612967000000,0
Indexing.cache.totalCacheAccesses,1788581552926000000,1788581612967000000,0
Indexes.entries.lookups,1788581552926000000,1788581612967000000,0
Indexes.stubs.lookupDurationAvgMs,1788581552926000000,1788581612967000000,0.0
Indexes.allKeys.lookupDurationMaxMs,1788581552926000000,1788581612967000000,0.0
Indexes.stubs.lookups,1788581552926000000,1788581612967000000,0
Indexing.cache.totalCacheEvicted,1788581552926000000,1788581612967000000,0
Indexes.allKeys.lookupDurationAvgMs,1788581552926000000,1788581612967000000,0.0
Indexing.cache.totalCacheMisses,1788581552926000000,1788581612967000000,0
workspaceModel.check.recursive.update.ms,1788581552926000000,1788581612967000000,0
workspaceModel.cachedValueWithParameters.calculated.count,1788581552926000000,1788581612967000000,0
workspaceModel.loading.total.ms,1788581552926000000,1788581612967000000,0
workspaceModel.workspaceFileIndexData.visitFileSets.ms,1788581552926000000,1788581612967000000,0
workspaceModel.cachedValue.from.cache.count,1788581552926000000,1788581612967000000,0
workspaceModel.non.incremental.contributors.total.update.time.ms,1788581552926000000,1788581612967000000,0
workspaceModel.workspaceFileIndexData.markDirty.ms,1788581552926000000,1788581612967000000,0
workspaceModel.cachedValueWithParameters.clear.count,1788581552926000000,1788581612967000000,0
workspaceModel.cachedValue.total.get.count,1788581552926000000,1788581612967000000,0
workspaceModel.non.incremental.contributors.file.sets.computation.time.ms,1788581552926000000,1788581612967000000,0
workspaceModel.collect.changes.ms,1788581552926000000,1788581612967000000,0
workspaceModel.cachedValueWithParameters.total.get.count,1788581552926000000,1788581612967000000,0
workspaceModel.update.unloaded.entities.ms,1788581552926000000,1788581612967000000,0
workspaceModel.cachedValue.clear.count,1788581552926000000,1788581612967000000,0
workspaceModel.cachedValue.calculated.count,1788581552926000000,1788581612967000000,0
workspaceModel.loading.from.cache.ms,1788581552926000000,1788581612967000000,0
workspaceModel.updates.ms,1788581552926000000,1788581612967000000,0
workspaceModel.workspaceFileIndexData.getFileInfo.ms,1788581552926000000,1788581612967000000,0
workspaceModel.replace.project.model.ms,1788581552926000000,1788581612967000000,0
workspaceModel.updates.count,1788581552926000000,1788581612967000000,0
workspaceModel.on.changed.ms,1788581552926000000,1788581612967000000,0
workspaceModel.workspaceFileIndexData.getPackageName.ms,1788581552926000000,1788581612967000000,0
workspaceModel.workspaceFileIndexData.processFileSets.ms,1788581552926000000,1788581612967000000,0
workspaceModel.pre.handlers.ms,1788581552926000000,1788581612967000000,0
workspaceModel.to.snapshot.ms,1788581552926000000,1788581612967000000,0
workspaceModel.workspaceFileIndexData.getDirectoriesByPackageName.ms,1788581552926000000,1788581612967000000,0
workspaceModel.init.bridges.ms,1788581552926000000,1788581612967000000,0
workspaceModel.workspaceFileIndexData.init.ms,1788581552926000000,1788581612967000000,0
workspaceModel.entityStorageSnapshotImpl.instances.count,1788581552926000000,1788581612967000000,0
workspaceModel.updates.precise.ms,1788581552926000000,1788581612967000000,0
workspaceModel.initializing.ms,1788581552926000000,1788581612967000000,0
workspaceModel.cachedValueWithParameters.from.cache.count,1788581552926000000,1788581612967000000,0
workspaceModel.full.replace.project.model.ms,1788581552926000000,1788581612967000000,0
workspaceModel.workspaceFileIndexData.updateDirtyEntities.ms,1788581552926000000,1788581612967000000,0
workspaceModel.on.before.changed.ms,1788581552926000000,1788581612967000000,0
workspaceModel.workspaceFileIndexData.onEntitiesChanged.ms,1788581552926000000,1788581612967000000,0
workspaceModel.non.incremental.contributors.exclude.roots.computation.time.ms,1788581552926000000,1788581612967000000,0
workspaceModel.workspaceFileIndexContributor.registerFileSets.ms,1788581552926000000,1788581612967000000,0
workspaceModel.workspaceFileIndexData.instances.count,1788581552926000000,1788581612967000000,0
compiler.ArtifactVirtualFileListener.propertyChanged.ms,1788581552926000000,1788581612967000000,0
compiler.ArtifactVirtualFileListener.filePathChanged.ms,1788581552926000000,1788581612967000000,0
compiler.ArtifactManagerBridge.findArtifact.ms,1788581552926000000,1788581612967000000,0
compiler.ArtifactManagerBridge.getArtifacts.ms,1788581552926000000,1788581612967000000,0
compiler.ArtifactManagerBridge.dropMappings.ms,1788581552926000000,1788581612967000000,0
compiler.ArtifactManagerBridge.commit.ms,1788581552926000000,1788581612967000000,0
compiler.ArtifactManagerBridge.getArtifactsByType.ms,1788581552926000000,1788581612967000000,0
compiler.ArtifactManagerBridge.addArtifact.ms,1788581552926000000,1788581612967000000,0
compiler.ArtifactManagerBridge.initBridges.ms,1788581552926000000,1788581612967000000,0
JVM.GC.collectionTimesMs,1788581552926000000,1788581612967000000,0
MEM.ramMinusFileMappingsBytes,1788581552926000000,1788581612967000000,187023360
JVM.usedNativeBytes,1788581552926000000,1788581612967000000,657122592
JVM.totalCpuTimeMs,1788581552926000000,1788581612967000000,1575
JVM.maxThreadCount,1788581552926000000,1788581612967000000,172
JVM.threadCount,1788581552926000000,1788581612967000000,68
JVM.GC.collections,1788581552926000000,1788581612967000000,0
JVM.totalTimeToSafepointsMs,1788581552926000000,1788581612967000000,0
MEM.ramBytes,1788581552926000000,1788581612967000000,219332608
JVM.committedHeapBytes,1788581552926000000,1788581612967000000,1174405120
JVM.usedHeapBytes,1788581552926000000,1788581612967000000,718415744
JVM.totalDirectByteBuffersBytes,1788581552926000000,1788581612967000000,3414024
MEM.ramPlusSwapMinusFileMappingsBytes,1788581552926000000,1788581612967000000,2290400128
JVM.totalSafepointCount,1788581552926000000,1788581612967000000,0
JVM.totalBytesAllocated,1788581552926000000,1788581612967000000,14820408
OS.loadAverage,1788581552926000000,1788581612967000000,3.01806640625
MEM.fileMappingsRamBytes,1788581552926000000,1788581612967000000,32309248
JVM.newThreadsCount,1788581552926000000,1788581612967000000,0
JVM.maxHeapBytes,1788581552926000000,1788581612967000000,2147483648
JVM.totalTimeAtSafepointsMs,1788581552926000000,1788581612967000000,0
workspaceModel.mutableEntityStorage.changeLog.addReplaceEventForNewChild.ms,1788581612967000000,1788581672886000000,0
jps.facet.change.listener.init.bridge.ms,1788581612967000000,1788581672886000000,0
jps.global.get.library.ms,1788581612967000000,1788581672886000000,0
workspaceModel.moduleBridge.update.option.ms,1788581612967000000,1788581672886000000,0
workspaceModel.moduleBridgeLoader.loading.modules.ms,1788581612967000000,1788581672886000000,0
workspaceModel.global.apply.state.to.project.builder.ms,1788581612967000000,1788581672886000000,0
jps.library.entities.serializer.load.entities.ms,1788581612967000000,1788581672886000000,0
workspaceModel.moduleBridge.facet.initialization.ms,1788581612967000000,1788581672886000000,0
jps.global.handle.changed.events.ms,1788581612967000000,1788581672886000000,0
jps.modifiable.module.model.bridge.disposing.ms,1788581612967000000,1788581672886000000,0
workspaceModel.moduleManagerBridge.create.module.instance.ms,1788581612967000000,1788581672886000000,0
jps.reload.project.entities.ms,1788581612967000000,1788581672886000000,0
jps.app.storage.content.reader.load.component.ms,1788581612967000000,1788581672886000000,0
jps.modifiable.module.model.bridge.renaming.ms,1788581612967000000,1788581672886000000,0
workspaceModel.sync.entities.ms,1788581612967000000,1788581672886000000,0
jps.artifact.entities.serializer.save.entities.ms,1788581612967000000,1788581672886000000,0
workspaceModel.moduleManagerBridge.new.nonPersistent.module.ms,1788581612967000000,1788581672886000000,0
jps.app.storage.content.writer.save.component.ms,1788581612967000000,1788581672886000000,0
workspaceModel.mutableEntityStorage.add.entity.ms,1788581612967000000,1788581672886000000,0
workspaceModel.moduleBridge.before.changed.ms,1788581612967000000,1788581672886000000,0
jps.global.handle.before.change.events.ms,1788581612967000000,1788581672886000000,0
workspaceModel.mutableEntityStorage.mutable.ext.mapping.ms,1788581612967000000,1788581672886000000,0
jps.save.changed.project.entities.ms,1788581612967000000,1788581672886000000,0
jps.module.iml.entities.serializer.save.entities.ms,1788581612967000000,1788581672886000000,0
workspaceModel.moduleManagerBridge.set.unloadedModules.ms,1788581612967000000,1788581672886000000,0
workspaceModel.mutableEntityStorage.changeLog.addReplaceEventForRemovedChild.ms,1788581612967000000,1788581672886000000,0
workspaceModel.mutableEntityStorage.changeLog.addReplaceEventForRemovedParent.ms,1788581612967000000,1788581672886000000,0
jps.global.get.library.by.name.ms,1788581612967000000,1788581672886000000,0
workspaceModel.global.apply.state.to.project.ms,1788581612967000000,1788581672886000000,0
workspaceModel.moduleManagerBridge.load.module.ms,1788581612967000000,1788581672886000000,0
workspaceModel.mutableEntityStorage.mutable.vfurl.index.ms,1788581612967000000,1788581672886000000,0
workspaceModel.mutableEntityStorage.entities.ms,1788581612967000000,1788581672886000000,0
jps.global.initialize.library.bridges.after.loading.ms,1788581612967000000,1788581672886000000,0
workspaceModel.mutableEntityStorage.apply.changes.from.ms,1788581612967000000,1788581672886000000,0
workspaceModel.load.cache.metadata.from.file.ms,1788581612967000000,1788581672886000000,0
jps.save.global.entities.ms,1788581612967000000,1788581672886000000,0
workspaceModel.global.updates.ms,1788581612967000000,1788581672886000000,0
workspaceModel.mutableEntityStorage.changeLog.addReplaceEventForNewParent.ms,1788581612967000000,1788581672886000000,0
workspaceModel.mutableEntityStorage.has.same.entities.ms,1788581612967000000,1788581672886000000,0
workspaceModel.mutableEntityStorage.put.entity.ms,1788581612967000000,1788581672886000000,0
jps.load.project.to.empty.storage.ms,1788581612967000000,1788581672886000000,0
jps.project.serializers.load.ms,1788581612967000000,1788581672886000000,0
jps.load.initial.state.ms,1788581612967000000,1788581672886000000,0
workspaceModel.mutableEntityStorage.replace.by.source.ms,1788581612967000000,1788581672886000000,0
workspaceModel.save.cache.to.file.ms,1788581612967000000,1788581672886000000,0
workspaceModel.moduleManagerBridge.newModule.ms,1788581612967000000,1788581672886000000,0
jps.apply.loaded.storage.ms,1788581612967000000,1788581672886000000,0
jps.modifiable.module.model.bridge.new.module.ms,1788581612967000000,1788581672886000000,0
workspaceModel.mutableEntityStorage.entities.by.source.ms,1788581612967000000,1788581672886000000,0
workspaceModel.load.cache.from.file.ms,1788581612967000000,1788581672886000000,0
workspaceModel.mutableEntityStorage.hasReferrers.ms,1788581612967000000,1788581672886000000,0
jps.module.dependency.index.workspace.model.listener.on.changed.ms,1788581612967000000,1788581672886000000,0
jps.global.initialize.library.bridges.ms,1788581612967000000,1788581672886000000,0
workspaceModel.mutableEntityStorage.instances.count,1788581612967000000,1788581672886000000,0
jps.library.entities.serializer.save.entities.ms,1788581612967000000,1788581672886000000,0
workspaceModel.do.save.caches.ms,1788581612967000000,1788581672886000000,0
workspaceModel.moduleManagerBridge.build.module.graph.ms,1788581612967000000,1788581672886000000,0
jps.global.get.libraries.ms,1788581612967000000,1788581672886000000,0
workspaceModel.moduleManagerBridge.get.modules.ms,1788581612967000000,1788581672886000000,0
workspaceModel.mutableEntityStorage.referrers.ms,1788581612967000000,1788581672886000000,0
jps.storage.jps.conf.reader.load.component.ms,1788581612967000000,1788581672886000000,0
jps.modifiable.module.model.bridge.load.module.ms,1788581612967000000,1788581672886000000,0
workspaceModel.orphan.listener.update.ms,1788581612967000000,1788581672886000000,0
jps.module.iml.entities.serializer.load.entities.ms,1788581612967000000,1788581672886000000,0
workspaceModel.mutableEntityStorage.to.snapshot.ms,1788581612967000000,1788581672886000000,0
jps.facet.change.listener.process.change.events.ms,1788581612967000000,1788581672886000000,0
workspaceModel.mutableEntityStorage.collect.changes.ms,1788581612967000000,1788581672886000000,0
workspaceModel.moduleManagerBridge.load.all.modules.ms,1788581612967000000,1788581672886000000,0
workspaceModel.mutableEntityStorage.modify.entity.ms,1788581612967000000,1788581672886000000,0
workspaceModel.mutableEntityStorage.resolve.ms,1788581612967000000,1788581672886000000,0
workspaceModel.global.updates.count,1788581612967000000,1788581672886000000,0
jps.artifact.entities.serializer.load.entities.ms,1788581612967000000,1788581672886000000,0
workspaceModel.mutableEntityStorage.remove.entity.ms,1788581612967000000,1788581672886000000,0
jps.project.serializers.save.ms,1788581612967000000,1788581672886000000,0
jps.facet.change.listener.before.change.events.ms,1788581612967000000,1788581672886000000,0
DiskQueryRelay.taskExecutionTotalTimeUs,1788581612967000000,1788581672886000000,0
writeAction.max.wait.ms,1788581612967000000,1788581672886000000,70
writeAction.wait.ms,1788581612967000000,1788581672886000000,0
DiskQueryRelay.taskWaitingTotalTimeUs,1788581612967000000,1788581672886000000,0
writeAction.count,1788581612967000000,1788581672886000000,0
LowMemory.gcLoad,1788581612967000000,1788581672886000000,0.0017514460495190987
DiskQueryRelay.tasksExecuted,1788581612967000000,1788581672886000000,0
writeAction.median.wait.ms,1788581612967000000,1788581672886000000,100
DiskQueryRelay.tasksRequested,1788581612967000000,1788581672886000000,0
LowMemory.gcOverloaded,1788581612967000000,1788581672886000000,0
FileNameCache.queries,1788581612967000000,1788581672886000000,0
VFS.cache.directoriesCreated,1788581612967000000,1788581672886000000,0
VFS.cache.filesCreated,1788581612967000000,1788581672886000000,56
VFS.ContentWriter.totalTimeSpentOnAsyncOperationsUs,1788581612967000000,1788581672886000000,0
VFS.fileByIdCache.misses,1788581612967000000,1788581672886000000,0
VFS.contentStorage.recordsStoredCompressed,1788581612967000000,1788581672886000000,0
VFS.folderCaseSensitivityReads,1788581612967000000,1788581672886000000,0
VFS.contentStorage.recordsStored,1788581612967000000,1788581672886000000,0
VFS.contentStorage.recordsRead,1788581612967000000,1788581672886000000,0
VFS.contentStorage.recordsReadSize,1788581612967000000,1788581672886000000,0
VFS.invertedFileNameIndex.requests,1788581612967000000,1788581672886000000,0
VFS.cache.segmentsCreated,1788581612967000000,1788581672886000000,0
VFS.ContentWriter.totalTasksExecutedAsync,1788581612967000000,1788581672886000000,0
VFS.fileByIdCache.hits,1788581612967000000,1788581672886000000,0
VFS.contentStorage.recordsDeduplicated,1788581612967000000,1788581672886000000,0
VFS.cache.segments,1788581612967000000,1788581672886000000,315
VFS.contentStorage.recordsDecompressionTimeUs,1788581612967000000,1788581672886000000,0
VFS.ContentWriter.totalTimeSpentOnSyncOperationsUs,1788581612967000000,1788581672886000000,0
VFS.contentStorage.recordsUncompressedSize,1788581612967000000,1788581672886000000,0
VFS.fileChildByName,1788581612967000000,1788581672886000000,0
VFS.contentStorage.recordsReadDecompressed,1788581612967000000,1788581672886000000,0
VFS.ContentWriter.totalFlushes,1788581612967000000,1788581672886000000,0
VFS.rootsCount,1788581612967000000,1788581672886000000,298.0
VFS.ContentWriter.totalTasksExecutedSync,1788581612967000000,1788581672886000000,0
FileNameCache.totalMisses,1788581612967000000,1788581672886000000,0
VFS.contentStorage.recordsStoredSize,1788581612967000000,1788581672886000000,0
ReadAction.executionsCount,1788581612967000000,1788581672886000000,3
FlushQueue.queueSize90P,1788581612967000000,1788581672886000000,0
NonBlockingReadAction.failedExecutionsCount,1788581612967000000,1788581672886000000,0
FlushQueue.queueSizeAvg,1788581612967000000,1788581672886000000,0.0
AWTEventQueue.dispatchTime90PNs,1788581612967000000,1788581672886000000,0
WriteAction.executionsCount,1788581612967000000,1788581672886000000,0
NonBlockingReadAction.failedExecutionTimeUs,1788581612967000000,1788581672886000000,0
AWTEventQueue.dispatchTimeTotalNS,1788581612967000000,1788581672886000000,12348458
FlushQueue.executionTimeMaxNs,1788581612967000000,1788581672886000000,0
FlushQueue.waitingTimeAvgNs,1788581612967000000,1788581672886000000,0.0
AWTEventQueue.dispatchTimeMaxNs,1788581612967000000,1788581672886000000,0
FlushQueue.waitingTimeMaxNs,1788581612967000000,1788581672886000000,0
FlushQueue.waitingTime90PNs,1788581612967000000,1788581672886000000,0
AWTEventQueue.dispatchTimeAvgNs,1788581612967000000,1788581672886000000,0.0
AWTEventQueue.eventsDispatched,1788581612967000000,1788581672886000000,0
NonBlockingReadAction.finalizedExecutionTimeUs,1788581612967000000,1788581672886000000,0
NonBlockingReadAction.finalizedExecutionsCount,1788581612967000000,1788581672886000000,0
FlushQueue.executionTimeAvgNs,1788581612967000000,1788581672886000000,0.0
FlushQueue.tasksExecuted,1788581612967000000,1788581672886000000,0
FlushQueue.executionTime90PNs,1788581612967000000,1788581672886000000,0
FlushQueue.queueSizeMax,1788581612967000000,1788581672886000000,0
FilePageCache.pageFastCacheHits,1788581612967000000,1788581672886000000,180
FilePageCache.WAL.entriesFlushedOnClose,1788581612967000000,1788581672886000000,0
FilePageCache.WAL.entriesFlushedOnForce,1788581612967000000,1788581672886000000,0
MappedFileStorage.totalPagesMapped,1788581612967000000,1788581672886000000,17
FilePageCache.totalBytesStored,1788581612967000000,1788581672886000000,960
StreamlinedBlobStorage.totalLiveRecordsCapacityBytes,1788581612967000000,1788581672886000000,0
FilePageCache.WAL.bytesCopiedByApplyUnfinished,1788581612967000000,1788581672886000000,0
FilePageCache.maxCacheSizeInBytes,1788581612967000000,1788581672886000000,629153792
StorageLockContext.competingThreads.max,1788581612967000000,1788581672886000000,0
StreamlinedBlobStorage.recordsRelocated,1788581612967000000,1788581672886000000,0
FilePageCache.WAL.entriesFlushed,1788581612967000000,1788581672886000000,0
FilePageCache.disposedBuffers,1788581612967000000,1788581672886000000,0
MappedFileStorage.storages,1788581612967000000,1788581672886000000,17
FilePageCache.totalPageLoadsUs,1788581612967000000,1788581672886000000,0
FilePageCache.pageLoadsAboveSizeThreshold,1788581612967000000,1788581672886000000,0
FileChannelInterruptsRetryer.totalRetriedAttempts,1788581612967000000,1788581672886000000,0
FilePageCache.WAL.bytesQueued,1788581612967000000,1788581672886000000,0
StreamlinedBlobStorage.recordsDeleted,1788581612967000000,1788581672886000000,0
FilePageCache.totalPageStoresUs,1788581612967000000,1788581672886000000,41384
FilePageCache.pageLoads,1788581612967000000,1788581672886000000,0
FilePageCache.WAL.entriesFlushedOnRead,1788581612967000000,1788581672886000000,0
FilePageCache.WAL.flushesForcedByOverflow,1788581612967000000,1788581672886000000,0
DirectByteBufferAllocator.totalSizeOfBuffersAllocatedInBytes,1788581612967000000,1788581672886000000,3153920
FilePageCache.WAL.entriesFlushedOnTruncate,1788581612967000000,1788581672886000000,0
StorageLockContext.competingThreads.avg,1788581612967000000,1788581672886000000,0.0
DirectByteBufferAllocator.totalSizeOfBuffersCachedInBytes,1788581612967000000,1788581672886000000,87146496
FilePageCache.capacityInBytes,1788581612967000000,1788581672886000000,629145600
FilePageCache.totalPageDisposalsUs,1788581612967000000,1788581672886000000,0
FilePageCache.maxRegisteredFiles,1788581612967000000,1788581672886000000,1796
FilePageCache.pageHits,1788581612967000000,1788581672886000000,0
StorageLockContext.competingThreads.90P,1788581612967000000,1788581672886000000,0
FilePageCache.uncachedFileAccess,1788581612967000000,1788581672886000000,60
StreamlinedBlobStorage.recordsAllocated,1788581612967000000,1788581672886000000,0
DirectByteBufferAllocator.disposed,1788581612967000000,1788581672886000000,0
DirectByteBufferAllocator.reclaimed,1788581612967000000,1788581672886000000,0
StreamlinedBlobStorage.totalLiveRecordsPayloadBytes,1788581612967000000,1788581672886000000,0
MappedFileStorage.totalTimeSpentOnMappingUs,1788581612967000000,1788581672886000000,72260
MappedFileStorage.totalBytesMapped,1788581612967000000,1788581672886000000,266600448
DirectByteBufferAllocator.hits,1788581612967000000,1788581672886000000,0
DirectByteBufferAllocator.misses,1788581612967000000,1788581672886000000,0
cacheStateStorage.get.counter,1788581612967000000,1788581672886000000,0
cacheStateStorage.set.duration,1788581612967000000,1788581672886000000,0
cacheStateStorage.set.counter,1788581612967000000,1788581672886000000,0
cacheStateStorage.get.duration,1788581612967000000,1788581672886000000,0
Indexing.writer_3.totalTimeSpentWritingMs,1788581612967000000,1788581672886000000,0
Indexing.totalTimeIndexersSleptMs,1788581612967000000,1788581672886000000,0
Indexes.allKeys.lookups,1788581612967000000,1788581672886000000,0
Indexing.writesQueuedMax,1788581612967000000,1788581672886000000,0
Indexes.entries.lookupDurationAvgMs,1788581612967000000,1788581672886000000,0.0
Indexing.writer_1.totalTimeSpentWritingMs,1788581612967000000,1788581672886000000,0
Indexes.allKeys.lookupDuration90PMs,1788581612967000000,1788581672886000000,0.0
Indexes.stubs.lookupDurationMaxMs,1788581612967000000,1788581672886000000,0.0
Indexes.entries.lookupDuration90PMs,1788581612967000000,1788581672886000000,0.0
Indexes.entries.lookupDurationMaxMs,1788581612967000000,1788581672886000000,0.0
Indexing.writer_2.totalTimeSpentWritingMs,1788581612967000000,1788581672886000000,0
Indexes.stubs.lookupDuration90PMs,1788581612967000000,1788581672886000000,0.0
Indexing.writesQueuedMin,1788581612967000000,1788581672886000000,9223372036854775807
Indexing.writer_0.totalTimeSpentWritingMs,1788581612967000000,1788581672886000000,0
Indexing.cache.totalCacheAccesses,1788581612967000000,1788581672886000000,0
Indexes.entries.lookups,1788581612967000000,1788581672886000000,0
Indexes.stubs.lookupDurationAvgMs,1788581612967000000,1788581672886000000,0.0
Indexes.allKeys.lookupDurationMaxMs,1788581612967000000,1788581672886000000,0.0
Indexes.stubs.lookups,1788581612967000000,1788581672886000000,0
Indexing.cache.totalCacheEvicted,1788581612967000000,1788581672886000000,0
Indexes.allKeys.lookupDurationAvgMs,1788581612967000000,1788581672886000000,0.0
Indexing.cache.totalCacheMisses,1788581612967000000,1788581672886000000,0
workspaceModel.check.recursive.update.ms,1788581612967000000,1788581672886000000,0
workspaceModel.cachedValueWithParameters.calculated.count,1788581612967000000,1788581672886000000,0
workspaceModel.loading.total.ms,1788581612967000000,1788581672886000000,0
workspaceModel.workspaceFileIndexData.visitFileSets.ms,1788581612967000000,1788581672886000000,0
workspaceModel.cachedValue.from.cache.count,1788581612967000000,1788581672886000000,0
workspaceModel.non.incremental.contributors.total.update.time.ms,1788581612967000000,1788581672886000000,0
workspaceModel.workspaceFileIndexData.markDirty.ms,1788581612967000000,1788581672886000000,0
workspaceModel.cachedValueWithParameters.clear.count,1788581612967000000,1788581672886000000,0
workspaceModel.cachedValue.total.get.count,1788581612967000000,1788581672886000000,0
workspaceModel.non.incremental.contributors.file.sets.computation.time.ms,1788581612967000000,1788581672886000000,0
workspaceModel.collect.changes.ms,1788581612967000000,1788581672886000000,0
workspaceModel.cachedValueWithParameters.total.get.count,1788581612967000000,1788581672886000000,0
workspaceModel.update.unloaded.entities.ms,1788581612967000000,1788581672886000000,0
workspaceModel.cachedValue.clear.count,1788581612967000000,1788581672886000000,0
workspaceModel.cachedValue.calculated.count,1788581612967000000,1788581672886000000,0
workspaceModel.loading.from.cache.ms,1788581612967000000,1788581672886000000,0
workspaceModel.updates.ms,1788581612967000000,1788581672886000000,0
workspaceModel.workspaceFileIndexData.getFileInfo.ms,1788581612967000000,1788581672886000000,0
workspaceModel.replace.project.model.ms,1788581612967000000,1788581672886000000,0
workspaceModel.updates.count,1788581612967000000,1788581672886000000,0
workspaceModel.on.changed.ms,1788581612967000000,1788581672886000000,0
workspaceModel.workspaceFileIndexData.getPackageName.ms,1788581612967000000,1788581672886000000,0
workspaceModel.workspaceFileIndexData.processFileSets.ms,1788581612967000000,1788581672886000000,0
workspaceModel.pre.handlers.ms,1788581612967000000,1788581672886000000,0
workspaceModel.to.snapshot.ms,1788581612967000000,1788581672886000000,0
workspaceModel.workspaceFileIndexData.getDirectoriesByPackageName.ms,1788581612967000000,1788581672886000000,0
workspaceModel.init.bridges.ms,1788581612967000000,1788581672886000000,0
workspaceModel.workspaceFileIndexData.init.ms,1788581612967000000,1788581672886000000,0
workspaceModel.entityStorageSnapshotImpl.instances.count,1788581612967000000,1788581672886000000,0
workspaceModel.updates.precise.ms,1788581612967000000,1788581672886000000,0
workspaceModel.initializing.ms,1788581612967000000,1788581672886000000,0
workspaceModel.cachedValueWithParameters.from.cache.count,1788581612967000000,1788581672886000000,0
workspaceModel.full.replace.project.model.ms,1788581612967000000,1788581672886000000,0
workspaceModel.workspaceFileIndexData.updateDirtyEntities.ms,1788581612967000000,1788581672886000000,0
workspaceModel.on.before.changed.ms,1788581612967000000,1788581672886000000,0
workspaceModel.workspaceFileIndexData.onEntitiesChanged.ms,1788581612967000000,1788581672886000000,0
workspaceModel.non.incremental.contributors.exclude.roots.computation.time.ms,1788581612967000000,1788581672886000000,0
workspaceModel.workspaceFileIndexContributor.registerFileSets.ms,1788581612967000000,1788581672886000000,0
workspaceModel.workspaceFileIndexData.instances.count,1788581612967000000,1788581672886000000,0
compiler.ArtifactVirtualFileListener.propertyChanged.ms,1788581612967000000,1788581672886000000,0
compiler.ArtifactVirtualFileListener.filePathChanged.ms,1788581612967000000,1788581672886000000,0
compiler.ArtifactManagerBridge.findArtifact.ms,1788581612967000000,1788581672886000000,0
compiler.ArtifactManagerBridge.getArtifacts.ms,1788581612967000000,1788581672886000000,0
compiler.ArtifactManagerBridge.dropMappings.ms,1788581612967000000,1788581672886000000,0
compiler.ArtifactManagerBridge.commit.ms,1788581612967000000,1788581672886000000,0
compiler.ArtifactManagerBridge.getArtifactsByType.ms,1788581612967000000,1788581672886000000,0
compiler.ArtifactManagerBridge.addArtifact.ms,1788581612967000000,1788581672886000000,0
compiler.ArtifactManagerBridge.initBridges.ms,1788581612967000000,1788581672886000000,0
JVM.GC.collectionTimesMs,1788581612967000000,1788581672886000000,0
MEM.ramMinusFileMappingsBytes,1788581612967000000,1788581672886000000,226639872
JVM.usedNativeBytes,1788581612967000000,1788581672886000000,657293576
JVM.totalCpuTimeMs,1788581612967000000,1788581672886000000,1576
JVM.maxThreadCount,1788581612967000000,1788581672886000000,172
JVM.threadCount,1788581612967000000,1788581672886000000,67
JVM.GC.collections,1788581612967000000,1788581672886000000,0
JVM.totalTimeToSafepointsMs,1788581612967000000,1788581672886000000,0
MEM.ramBytes,1788581612967000000,1788581672886000000,258064384
JVM.committedHeapBytes,1788581612967000000,1788581672886000000,1174405120
JVM.usedHeapBytes,1788581612967000000,1788581672886000000,733095808
JVM.totalDirectByteBuffersBytes,1788581612967000000,1788581672886000000,3414024
MEM.ramPlusSwapMinusFileMappingsBytes,1788581612967000000,1788581672886000000,2290334592
JVM.totalSafepointCount,1788581612967000000,1788581672886000000,0
JVM.totalBytesAllocated,1788581612967000000,1788581672886000000,14983456
OS.loadAverage,1788581612967000000,1788581672886000000,2.7939453125
MEM.fileMappingsRamBytes,1788581612967000000,1788581672886000000,31424512
JVM.newThreadsCount,1788581612967000000,1788581672886000000,0
JVM.maxHeapBytes,1788581612967000000,1788581672886000000,2147483648
JVM.totalTimeAtSafepointsMs,1788581612967000000,1788581672886000000,0
workspaceModel.mutableEntityStorage.changeLog.addReplaceEventForNewChild.ms,1788581672886000000,1788581732892000000,0
jps.facet.change.listener.init.bridge.ms,1788581672886000000,1788581732892000000,0
jps.global.get.library.ms,1788581672886000000,1788581732892000000,0
workspaceModel.moduleBridge.update.option.ms,1788581672886000000,1788581732892000000,0
workspaceModel.moduleBridgeLoader.loading.modules.ms,1788581672886000000,1788581732892000000,0
workspaceModel.global.apply.state.to.project.builder.ms,1788581672886000000,1788581732892000000,0
jps.library.entities.serializer.load.entities.ms,1788581672886000000,1788581732892000000,0
workspaceModel.moduleBridge.facet.initialization.ms,1788581672886000000,1788581732892000000,0
jps.global.handle.changed.events.ms,1788581672886000000,1788581732892000000,0
jps.modifiable.module.model.bridge.disposing.ms,1788581672886000000,1788581732892000000,0
workspaceModel.moduleManagerBridge.create.module.instance.ms,1788581672886000000,1788581732892000000,0
jps.reload.project.entities.ms,1788581672886000000,1788581732892000000,0
jps.app.storage.content.reader.load.component.ms,1788581672886000000,1788581732892000000,0
jps.modifiable.module.model.bridge.renaming.ms,1788581672886000000,1788581732892000000,0
workspaceModel.sync.entities.ms,1788581672886000000,1788581732892000000,0
jps.artifact.entities.serializer.save.entities.ms,1788581672886000000,1788581732892000000,0
workspaceModel.moduleManagerBridge.new.nonPersistent.module.ms,1788581672886000000,1788581732892000000,0
jps.app.storage.content.writer.save.component.ms,1788581672886000000,1788581732892000000,0
workspaceModel.mutableEntityStorage.add.entity.ms,1788581672886000000,1788581732892000000,0
workspaceModel.moduleBridge.before.changed.ms,1788581672886000000,1788581732892000000,0
jps.global.handle.before.change.events.ms,1788581672886000000,1788581732892000000,0
workspaceModel.mutableEntityStorage.mutable.ext.mapping.ms,1788581672886000000,1788581732892000000,0
jps.save.changed.project.entities.ms,1788581672886000000,1788581732892000000,0
jps.module.iml.entities.serializer.save.entities.ms,1788581672886000000,1788581732892000000,0
workspaceModel.moduleManagerBridge.set.unloadedModules.ms,1788581672886000000,1788581732892000000,0
workspaceModel.mutableEntityStorage.changeLog.addReplaceEventForRemovedChild.ms,1788581672886000000,1788581732892000000,0
workspaceModel.mutableEntityStorage.changeLog.addReplaceEventForRemovedParent.ms,1788581672886000000,1788581732892000000,0
jps.global.get.library.by.name.ms,1788581672886000000,1788581732892000000,0
workspaceModel.global.apply.state.to.project.ms,1788581672886000000,1788581732892000000,0
workspaceModel.moduleManagerBridge.load.module.ms,1788581672886000000,1788581732892000000,0
workspaceModel.mutableEntityStorage.mutable.vfurl.index.ms,1788581672886000000,1788581732892000000,0
workspaceModel.mutableEntityStorage.entities.ms,1788581672886000000,1788581732892000000,0
jps.global.initialize.library.bridges.after.loading.ms,1788581672886000000,1788581732892000000,0
workspaceModel.mutableEntityStorage.apply.changes.from.ms,1788581672886000000,1788581732892000000,0
workspaceModel.load.cache.metadata.from.file.ms,1788581672886000000,1788581732892000000,0
jps.save.global.entities.ms,1788581672886000000,1788581732892000000,0
workspaceModel.global.updates.ms,1788581672886000000,1788581732892000000,0
workspaceModel.mutableEntityStorage.changeLog.addReplaceEventForNewParent.ms,1788581672886000000,1788581732892000000,0
workspaceModel.mutableEntityStorage.has.same.entities.ms,1788581672886000000,1788581732892000000,0
workspaceModel.mutableEntityStorage.put.entity.ms,1788581672886000000,1788581732892000000,0
jps.load.project.to.empty.storage.ms,1788581672886000000,1788581732892000000,0
jps.project.serializers.load.ms,1788581672886000000,1788581732892000000,0
jps.load.initial.state.ms,1788581672886000000,1788581732892000000,0
workspaceModel.mutableEntityStorage.replace.by.source.ms,1788581672886000000,1788581732892000000,0
workspaceModel.save.cache.to.file.ms,1788581672886000000,1788581732892000000,0
workspaceModel.moduleManagerBridge.newModule.ms,1788581672886000000,1788581732892000000,0
jps.apply.loaded.storage.ms,1788581672886000000,1788581732892000000,0
jps.modifiable.module.model.bridge.new.module.ms,1788581672886000000,1788581732892000000,0
workspaceModel.mutableEntityStorage.entities.by.source.ms,1788581672886000000,1788581732892000000,0
workspaceModel.load.cache.from.file.ms,1788581672886000000,1788581732892000000,0
workspaceModel.mutableEntityStorage.hasReferrers.ms,1788581672886000000,1788581732892000000,0
jps.module.dependency.index.workspace.model.listener.on.changed.ms,1788581672886000000,1788581732892000000,0
jps.global.initialize.library.bridges.ms,1788581672886000000,1788581732892000000,0
workspaceModel.mutableEntityStorage.instances.count,1788581672886000000,1788581732892000000,0
jps.library.entities.serializer.save.entities.ms,1788581672886000000,1788581732892000000,0
workspaceModel.do.save.caches.ms,1788581672886000000,1788581732892000000,0
workspaceModel.moduleManagerBridge.build.module.graph.ms,1788581672886000000,1788581732892000000,0
jps.global.get.libraries.ms,1788581672886000000,1788581732892000000,0
workspaceModel.moduleManagerBridge.get.modules.ms,1788581672886000000,1788581732892000000,0
workspaceModel.mutableEntityStorage.referrers.ms,1788581672886000000,1788581732892000000,0
jps.storage.jps.conf.reader.load.component.ms,1788581672886000000,1788581732892000000,0
jps.modifiable.module.model.bridge.load.module.ms,1788581672886000000,1788581732892000000,0
workspaceModel.orphan.listener.update.ms,1788581672886000000,1788581732892000000,0
jps.module.iml.entities.serializer.load.entities.ms,1788581672886000000,1788581732892000000,0
workspaceModel.mutableEntityStorage.to.snapshot.ms,1788581672886000000,1788581732892000000,0
jps.facet.change.listener.process.change.events.ms,1788581672886000000,1788581732892000000,0
workspaceModel.mutableEntityStorage.collect.changes.ms,1788581672886000000,1788581732892000000,0
workspaceModel.moduleManagerBridge.load.all.modules.ms,1788581672886000000,1788581732892000000,0
workspaceModel.mutableEntityStorage.modify.entity.ms,1788581672886000000,1788581732892000000,0
workspaceModel.mutableEntityStorage.resolve.ms,1788581672886000000,1788581732892000000,0
workspaceModel.global.updates.count,1788581672886000000,1788581732892000000,0
jps.artifact.entities.serializer.load.entities.ms,1788581672886000000,1788581732892000000,0
workspaceModel.mutableEntityStorage.remove.entity.ms,1788581672886000000,1788581732892000000,0
jps.project.serializers.save.ms,1788581672886000000,1788581732892000000,0
jps.facet.change.listener.before.change.events.ms,1788581672886000000,1788581732892000000,0
DiskQueryRelay.taskExecutionTotalTimeUs,1788581672886000000,1788581732892000000,0
writeAction.max.wait.ms,1788581672886000000,1788581732892000000,70
writeAction.wait.ms,1788581672886000000,1788581732892000000,0
DiskQueryRelay.taskWaitingTotalTimeUs,1788581672886000000,1788581732892000000,0
writeAction.count,1788581672886000000,1788581732892000000,0
LowMemory.gcLoad,1788581672886000000,1788581732892000000,8.990625373368893E-4
DiskQueryRelay.tasksExecuted,1788581672886000000,1788581732892000000,0
writeAction.median.wait.ms,1788581672886000000,1788581732892000000,100
DiskQueryRelay.tasksRequested,1788581672886000000,1788581732892000000,0
LowMemory.gcOverloaded,1788581672886000000,1788581732892000000,0
FileNameCache.queries,1788581672886000000,1788581732892000000,0
VFS.cache.directoriesCreated,1788581672886000000,1788581732892000000,0
VFS.cache.filesCreated,1788581672886000000,1788581732892000000,7
VFS.ContentWriter.totalTimeSpentOnAsyncOperationsUs,1788581672886000000,1788581732892000000,0
VFS.fileByIdCache.misses,1788581672886000000,1788581732892000000,0
VFS.contentStorage.recordsStoredCompressed,1788581672886000000,1788581732892000000,0
VFS.folderCaseSensitivityReads,1788581672886000000,1788581732892000000,0
VFS.contentStorage.recordsStored,1788581672886000000,1788581732892000000,0
VFS.contentStorage.recordsRead,1788581672886000000,1788581732892000000,0
VFS.contentStorage.recordsReadSize,1788581672886000000,1788581732892000000,0
VFS.invertedFileNameIndex.requests,1788581672886000000,1788581732892000000,0
VFS.cache.segmentsCreated,1788581672886000000,1788581732892000000,0
VFS.ContentWriter.totalTasksExecutedAsync,1788581672886000000,1788581732892000000,0
VFS.fileByIdCache.hits,1788581672886000000,1788581732892000000,0
VFS.contentStorage.recordsDeduplicated,1788581672886000000,1788581732892000000,0
VFS.cache.segments,1788581672886000000,1788581732892000000,315
VFS.contentStorage.recordsDecompressionTimeUs,1788581672886000000,1788581732892000000,0
VFS.ContentWriter.totalTimeSpentOnSyncOperationsUs,1788581672886000000,1788581732892000000,0
VFS.contentStorage.recordsUncompressedSize,1788581672886000000,1788581732892000000,0
VFS.fileChildByName,1788581672886000000,1788581732892000000,0
VFS.contentStorage.recordsReadDecompressed,1788581672886000000,1788581732892000000,0
VFS.ContentWriter.totalFlushes,1788581672886000000,1788581732892000000,0
VFS.rootsCount,1788581672886000000,1788581732892000000,298.0
VFS.ContentWriter.totalTasksExecutedSync,1788581672886000000,1788581732892000000,0
FileNameCache.totalMisses,1788581672886000000,1788581732892000000,0
VFS.contentStorage.recordsStoredSize,1788581672886000000,1788581732892000000,0
ReadAction.executionsCount,1788581672886000000,1788581732892000000,3
FlushQueue.queueSize90P,1788581672886000000,1788581732892000000,0
NonBlockingReadAction.failedExecutionsCount,1788581672886000000,1788581732892000000,0
FlushQueue.queueSizeAvg,1788581672886000000,1788581732892000000,0.0
AWTEventQueue.dispatchTime90PNs,1788581672886000000,1788581732892000000,0
WriteAction.executionsCount,1788581672886000000,1788581732892000000,0
NonBlockingReadAction.failedExecutionTimeUs,1788581672886000000,1788581732892000000,0
AWTEventQueue.dispatchTimeTotalNS,1788581672886000000,1788581732892000000,11180247
FlushQueue.executionTimeMaxNs,1788581672886000000,1788581732892000000,0
FlushQueue.waitingTimeAvgNs,1788581672886000000,1788581732892000000,0.0
AWTEventQueue.dispatchTimeMaxNs,1788581672886000000,1788581732892000000,0
FlushQueue.waitingTimeMaxNs,1788581672886000000,1788581732892000000,0
FlushQueue.waitingTime90PNs,1788581672886000000,1788581732892000000,0
AWTEventQueue.dispatchTimeAvgNs,1788581672886000000,1788581732892000000,0.0
AWTEventQueue.eventsDispatched,1788581672886000000,1788581732892000000,0
NonBlockingReadAction.finalizedExecutionTimeUs,1788581672886000000,1788581732892000000,0
NonBlockingReadAction.finalizedExecutionsCount,1788581672886000000,1788581732892000000,0
FlushQueue.executionTimeAvgNs,1788581672886000000,1788581732892000000,0.0
FlushQueue.tasksExecuted,1788581672886000000,1788581732892000000,0
FlushQueue.executionTime90PNs,1788581672886000000,1788581732892000000,0
FlushQueue.queueSizeMax,1788581672886000000,1788581732892000000,0
FilePageCache.pageFastCacheHits,1788581672886000000,1788581732892000000,180
FilePageCache.WAL.entriesFlushedOnClose,1788581672886000000,1788581732892000000,0
FilePageCache.WAL.entriesFlushedOnForce,1788581672886000000,1788581732892000000,0
MappedFileStorage.totalPagesMapped,1788581672886000000,1788581732892000000,17
FilePageCache.totalBytesStored,1788581672886000000,1788581732892000000,960
StreamlinedBlobStorage.totalLiveRecordsCapacityBytes,1788581672886000000,1788581732892000000,0
FilePageCache.WAL.bytesCopiedByApplyUnfinished,1788581672886000000,1788581732892000000,0
FilePageCache.maxCacheSizeInBytes,1788581672886000000,1788581732892000000,629153792
StorageLockContext.competingThreads.max,1788581672886000000,1788581732892000000,0
StreamlinedBlobStorage.recordsRelocated,1788581672886000000,1788581732892000000,0
FilePageCache.WAL.entriesFlushed,1788581672886000000,1788581732892000000,0
FilePageCache.disposedBuffers,1788581672886000000,1788581732892000000,0
MappedFileStorage.storages,1788581672886000000,1788581732892000000,17
FilePageCache.totalPageLoadsUs,1788581672886000000,1788581732892000000,0
FilePageCache.pageLoadsAboveSizeThreshold,1788581672886000000,1788581732892000000,0
FileChannelInterruptsRetryer.totalRetriedAttempts,1788581672886000000,1788581732892000000,0
FilePageCache.WAL.bytesQueued,1788581672886000000,1788581732892000000,0
StreamlinedBlobStorage.recordsDeleted,1788581672886000000,1788581732892000000,0
FilePageCache.totalPageStoresUs,1788581672886000000,1788581732892000000,53101
FilePageCache.pageLoads,1788581672886000000,1788581732892000000,0
FilePageCache.WAL.entriesFlushedOnRead,1788581672886000000,1788581732892000000,0
FilePageCache.WAL.flushesForcedByOverflow,1788581672886000000,1788581732892000000,0
DirectByteBufferAllocator.totalSizeOfBuffersAllocatedInBytes,1788581672886000000,1788581732892000000,3153920
FilePageCache.WAL.entriesFlushedOnTruncate,1788581672886000000,1788581732892000000,0
StorageLockContext.competingThreads.avg,1788581672886000000,1788581732892000000,0.0
DirectByteBufferAllocator.totalSizeOfBuffersCachedInBytes,1788581672886000000,1788581732892000000,87146496
FilePageCache.capacityInBytes,1788581672886000000,1788581732892000000,629145600
FilePageCache.totalPageDisposalsUs,1788581672886000000,1788581732892000000,0
FilePageCache.maxRegisteredFiles,1788581672886000000,1788581732892000000,1796
FilePageCache.pageHits,1788581672886000000,1788581732892000000,0
StorageLockContext.competingThreads.90P,1788581672886000000,1788581732892000000,0
FilePageCache.uncachedFileAccess,1788581672886000000,1788581732892000000,60
StreamlinedBlobStorage.recordsAllocated,1788581672886000000,1788581732892000000,0
DirectByteBufferAllocator.disposed,1788581672886000000,1788581732892000000,0
DirectByteBufferAllocator.reclaimed,1788581672886000000,1788581732892000000,0
StreamlinedBlobStorage.totalLiveRecordsPayloadBytes,1788581672886000000,1788581732892000000,0
MappedFileStorage.totalTimeSpentOnMappingUs,1788581672886000000,1788581732892000000,72260
MappedFileStorage.totalBytesMapped,1788581672886000000,1788581732892000000,266600448
DirectByteBufferAllocator.hits,1788581672886000000,1788581732892000000,0
DirectByteBufferAllocator.misses,1788581672886000000,1788581732892000000,0
cacheStateStorage.get.counter,1788581672886000000,1788581732892000000,0
cacheStateStorage.set.duration,1788581672886000000,1788581732892000000,0
cacheStateStorage.set.counter,1788581672886000000,1788581732892000000,0
cacheStateStorage.get.duration,1788581672886000000,1788581732892000000,0
Indexing.writer_3.totalTimeSpentWritingMs,1788581672886000000,1788581732892000000,0
Indexing.totalTimeIndexersSleptMs,1788581672886000000,1788581732892000000,0
Indexes.allKeys.lookups,1788581672886000000,1788581732892000000,0
Indexing.writesQueuedMax,1788581672886000000,1788581732892000000,0
Indexes.entries.lookupDurationAvgMs,1788581672886000000,1788581732892000000,0.0
Indexing.writer_1.totalTimeSpentWritingMs,1788581672886000000,1788581732892000000,0
Indexes.allKeys.lookupDuration90PMs,1788581672886000000,1788581732892000000,0.0
Indexes.stubs.lookupDurationMaxMs,1788581672886000000,1788581732892000000,0.0
Indexes.entries.lookupDuration90PMs,1788581672886000000,1788581732892000000,0.0
Indexes.entries.lookupDurationMaxMs,1788581672886000000,1788581732892000000,0.0
Indexing.writer_2.totalTimeSpentWritingMs,1788581672886000000,1788581732892000000,0
Indexes.stubs.lookupDuration90PMs,1788581672886000000,1788581732892000000,0.0
Indexing.writesQueuedMin,1788581672886000000,1788581732892000000,9223372036854775807
Indexing.writer_0.totalTimeSpentWritingMs,1788581672886000000,1788581732892000000,0
Indexing.cache.totalCacheAccesses,1788581672886000000,1788581732892000000,0
Indexes.entries.lookups,1788581672886000000,1788581732892000000,0
Indexes.stubs.lookupDurationAvgMs,1788581672886000000,1788581732892000000,0.0
Indexes.allKeys.lookupDurationMaxMs,1788581672886000000,1788581732892000000,0.0
Indexes.stubs.lookups,1788581672886000000,1788581732892000000,0
Indexing.cache.totalCacheEvicted,1788581672886000000,1788581732892000000,0
Indexes.allKeys.lookupDurationAvgMs,1788581672886000000,1788581732892000000,0.0
Indexing.cache.totalCacheMisses,1788581672886000000,1788581732892000000,0
workspaceModel.check.recursive.update.ms,1788581672886000000,1788581732892000000,0
workspaceModel.cachedValueWithParameters.calculated.count,1788581672886000000,1788581732892000000,0
workspaceModel.loading.total.ms,1788581672886000000,1788581732892000000,0
workspaceModel.workspaceFileIndexData.visitFileSets.ms,1788581672886000000,1788581732892000000,0
workspaceModel.cachedValue.from.cache.count,1788581672886000000,1788581732892000000,0
workspaceModel.non.incremental.contributors.total.update.time.ms,1788581672886000000,1788581732892000000,0
workspaceModel.workspaceFileIndexData.markDirty.ms,1788581672886000000,1788581732892000000,0
workspaceModel.cachedValueWithParameters.clear.count,1788581672886000000,1788581732892000000,0
workspaceModel.cachedValue.total.get.count,1788581672886000000,1788581732892000000,0
workspaceModel.non.incremental.contributors.file.sets.computation.time.ms,1788581672886000000,1788581732892000000,0
workspaceModel.collect.changes.ms,1788581672886000000,1788581732892000000,0
workspaceModel.cachedValueWithParameters.total.get.count,1788581672886000000,1788581732892000000,0
workspaceModel.update.unloaded.entities.ms,1788581672886000000,1788581732892000000,0
workspaceModel.cachedValue.clear.count,1788581672886000000,1788581732892000000,0
workspaceModel.cachedValue.calculated.count,1788581672886000000,1788581732892000000,0
workspaceModel.loading.from.cache.ms,1788581672886000000,1788581732892000000,0
workspaceModel.updates.ms,1788581672886000000,1788581732892000000,0
workspaceModel.workspaceFileIndexData.getFileInfo.ms,1788581672886000000,1788581732892000000,0
workspaceModel.replace.project.model.ms,1788581672886000000,1788581732892000000,0
workspaceModel.updates.count,1788581672886000000,1788581732892000000,0
workspaceModel.on.changed.ms,1788581672886000000,1788581732892000000,0
workspaceModel.workspaceFileIndexData.getPackageName.ms,1788581672886000000,1788581732892000000,0
workspaceModel.workspaceFileIndexData.processFileSets.ms,1788581672886000000,1788581732892000000,0
workspaceModel.pre.handlers.ms,1788581672886000000,1788581732892000000,0
workspaceModel.to.snapshot.ms,1788581672886000000,1788581732892000000,0
workspaceModel.workspaceFileIndexData.getDirectoriesByPackageName.ms,1788581672886000000,1788581732892000000,0
workspaceModel.init.bridges.ms,1788581672886000000,1788581732892000000,0
workspaceModel.workspaceFileIndexData.init.ms,1788581672886000000,1788581732892000000,0
workspaceModel.entityStorageSnapshotImpl.instances.count,1788581672886000000,1788581732892000000,0
workspaceModel.updates.precise.ms,1788581672886000000,1788581732892000000,0
workspaceModel.initializing.ms,1788581672886000000,1788581732892000000,0
workspaceModel.cachedValueWithParameters.from.cache.count,1788581672886000000,1788581732892000000,0
workspaceModel.full.replace.project.model.ms,1788581672886000000,1788581732892000000,0
workspaceModel.workspaceFileIndexData.updateDirtyEntities.ms,1788581672886000000,1788581732892000000,0
workspaceModel.on.before.changed.ms,1788581672886000000,1788581732892000000,0
workspaceModel.workspaceFileIndexData.onEntitiesChanged.ms,1788581672886000000,1788581732892000000,0
workspaceModel.non.incremental.contributors.exclude.roots.computation.time.ms,1788581672886000000,1788581732892000000,0
workspaceModel.workspaceFileIndexContributor.registerFileSets.ms,1788581672886000000,1788581732892000000,0
workspaceModel.workspaceFileIndexData.instances.count,1788581672886000000,1788581732892000000,0
compiler.ArtifactVirtualFileListener.propertyChanged.ms,1788581672886000000,1788581732892000000,0
compiler.ArtifactVirtualFileListener.filePathChanged.ms,1788581672886000000,1788581732892000000,0
compiler.ArtifactManagerBridge.findArtifact.ms,1788581672886000000,1788581732892000000,0
compiler.ArtifactManagerBridge.getArtifacts.ms,1788581672886000000,1788581732892000000,0
compiler.ArtifactManagerBridge.dropMappings.ms,1788581672886000000,1788581732892000000,0
compiler.ArtifactManagerBridge.commit.ms,1788581672886000000,1788581732892000000,0
compiler.ArtifactManagerBridge.getArtifactsByType.ms,1788581672886000000,1788581732892000000,0
compiler.ArtifactManagerBridge.addArtifact.ms,1788581672886000000,1788581732892000000,0
compiler.ArtifactManagerBridge.initBridges.ms,1788581672886000000,1788581732892000000,0
JVM.GC.collectionTimesMs,1788581672886000000,1788581732892000000,0
MEM.ramMinusFileMappingsBytes,1788581672886000000,1788581732892000000,269402112
JVM.usedNativeBytes,1788581672886000000,1788581732892000000,657866120
JVM.totalCpuTimeMs,1788581672886000000,1788581732892000000,1676
JVM.maxThreadCount,1788581672886000000,1788581732892000000,172
JVM.threadCount,1788581672886000000,1788581732892000000,67
JVM.GC.collections,1788581672886000000,1788581732892000000,0
JVM.totalTimeToSafepointsMs,1788581672886000000,1788581732892000000,0
MEM.ramBytes,1788581672886000000,1788581732892000000,300810240
JVM.committedHeapBytes,1788581672886000000,1788581732892000000,1174405120
JVM.usedHeapBytes,1788581672886000000,1788581732892000000,747775872
JVM.totalDirectByteBuffersBytes,1788581672886000000,1788581732892000000,3414024
MEM.ramPlusSwapMinusFileMappingsBytes,1788581672886000000,1788581732892000000,2290645888
JVM.totalSafepointCount,1788581672886000000,1788581732892000000,0
JVM.totalBytesAllocated,1788581672886000000,1788581732892000000,14750936
OS.loadAverage,1788581672886000000,1788581732892000000,2.28515625
MEM.fileMappingsRamBytes,1788581672886000000,1788581732892000000,31408128
JVM.newThreadsCount,1788581672886000000,1788581732892000000,0
JVM.maxHeapBytes,1788581672886000000,1788581732892000000,2147483648
JVM.totalTimeAtSafepointsMs,1788581672886000000,1788581732892000000,0
workspaceModel.mutableEntityStorage.changeLog.addReplaceEventForNewChild.ms,1788581732892000000,1788581792894000000,0
jps.facet.change.listener.init.bridge.ms,1788581732892000000,1788581792894000000,0
jps.global.get.library.ms,1788581732892000000,1788581792894000000,0
workspaceModel.moduleBridge.update.option.ms,1788581732892000000,1788581792894000000,0
workspaceModel.moduleBridgeLoader.loading.modules.ms,1788581732892000000,1788581792894000000,0
workspaceModel.global.apply.state.to.project.builder.ms,1788581732892000000,1788581792894000000,0
jps.library.entities.serializer.load.entities.ms,1788581732892000000,1788581792894000000,0
workspaceModel.moduleBridge.facet.initialization.ms,1788581732892000000,1788581792894000000,0
jps.global.handle.changed.events.ms,1788581732892000000,1788581792894000000,0
jps.modifiable.module.model.bridge.disposing.ms,1788581732892000000,1788581792894000000,0
workspaceModel.moduleManagerBridge.create.module.instance.ms,1788581732892000000,1788581792894000000,0
jps.reload.project.entities.ms,1788581732892000000,1788581792894000000,0
jps.app.storage.content.reader.load.component.ms,1788581732892000000,1788581792894000000,0
jps.modifiable.module.model.bridge.renaming.ms,1788581732892000000,1788581792894000000,0
workspaceModel.sync.entities.ms,1788581732892000000,1788581792894000000,0
jps.artifact.entities.serializer.save.entities.ms,1788581732892000000,1788581792894000000,0
workspaceModel.moduleManagerBridge.new.nonPersistent.module.ms,1788581732892000000,1788581792894000000,0
jps.app.storage.content.writer.save.component.ms,1788581732892000000,1788581792894000000,2
workspaceModel.mutableEntityStorage.add.entity.ms,1788581732892000000,1788581792894000000,0
workspaceModel.moduleBridge.before.changed.ms,1788581732892000000,1788581792894000000,0
jps.global.handle.before.change.events.ms,1788581732892000000,1788581792894000000,0
workspaceModel.mutableEntityStorage.mutable.ext.mapping.ms,1788581732892000000,1788581792894000000,0
jps.save.changed.project.entities.ms,1788581732892000000,1788581792894000000,1
jps.module.iml.entities.serializer.save.entities.ms,1788581732892000000,1788581792894000000,0
workspaceModel.moduleManagerBridge.set.unloadedModules.ms,1788581732892000000,1788581792894000000,0
workspaceModel.mutableEntityStorage.changeLog.addReplaceEventForRemovedChild.ms,1788581732892000000,1788581792894000000,0
workspaceModel.mutableEntityStorage.changeLog.addReplaceEventForRemovedParent.ms,1788581732892000000,1788581792894000000,0
jps.global.get.library.by.name.ms,1788581732892000000,1788581792894000000,0
workspaceModel.global.apply.state.to.project.ms,1788581732892000000,1788581792894000000,0
workspaceModel.moduleManagerBridge.load.module.ms,1788581732892000000,1788581792894000000,0
workspaceModel.mutableEntityStorage.mutable.vfurl.index.ms,1788581732892000000,1788581792894000000,0
workspaceModel.mutableEntityStorage.entities.ms,1788581732892000000,1788581792894000000,0
jps.global.initialize.library.bridges.after.loading.ms,1788581732892000000,1788581792894000000,0
workspaceModel.mutableEntityStorage.apply.changes.from.ms,1788581732892000000,1788581792894000000,0
workspaceModel.load.cache.metadata.from.file.ms,1788581732892000000,1788581792894000000,0
jps.save.global.entities.ms,1788581732892000000,1788581792894000000,4
workspaceModel.global.updates.ms,1788581732892000000,1788581792894000000,0
workspaceModel.mutableEntityStorage.changeLog.addReplaceEventForNewParent.ms,1788581732892000000,1788581792894000000,0
workspaceModel.mutableEntityStorage.has.same.entities.ms,1788581732892000000,1788581792894000000,0
workspaceModel.mutableEntityStorage.put.entity.ms,1788581732892000000,1788581792894000000,0
jps.load.project.to.empty.storage.ms,1788581732892000000,1788581792894000000,0
jps.project.serializers.load.ms,1788581732892000000,1788581792894000000,0
jps.load.initial.state.ms,1788581732892000000,1788581792894000000,0
workspaceModel.mutableEntityStorage.replace.by.source.ms,1788581732892000000,1788581792894000000,0
workspaceModel.save.cache.to.file.ms,1788581732892000000,1788581792894000000,0
workspaceModel.moduleManagerBridge.newModule.ms,1788581732892000000,1788581792894000000,0
jps.apply.loaded.storage.ms,1788581732892000000,1788581792894000000,0
jps.modifiable.module.model.bridge.new.module.ms,1788581732892000000,1788581792894000000,0
workspaceModel.mutableEntityStorage.entities.by.source.ms,1788581732892000000,1788581792894000000,0
workspaceModel.load.cache.from.file.ms,1788581732892000000,1788581792894000000,0
workspaceModel.mutableEntityStorage.hasReferrers.ms,1788581732892000000,1788581792894000000,0
jps.module.dependency.index.workspace.model.listener.on.changed.ms,1788581732892000000,1788581792894000000,0
jps.global.initialize.library.bridges.ms,1788581732892000000,1788581792894000000,0
workspaceModel.mutableEntityStorage.instances.count,1788581732892000000,1788581792894000000,0
jps.library.entities.serializer.save.entities.ms,1788581732892000000,1788581792894000000,0
workspaceModel.do.save.caches.ms,1788581732892000000,1788581792894000000,0
workspaceModel.moduleManagerBridge.build.module.graph.ms,1788581732892000000,1788581792894000000,0
jps.global.get.libraries.ms,1788581732892000000,1788581792894000000,0
workspaceModel.moduleManagerBridge.get.modules.ms,1788581732892000000,1788581792894000000,0
workspaceModel.mutableEntityStorage.referrers.ms,1788581732892000000,1788581792894000000,0
jps.storage.jps.conf.reader.load.component.ms,1788581732892000000,1788581792894000000,0
jps.modifiable.module.model.bridge.load.module.ms,1788581732892000000,1788581792894000000,0
workspaceModel.orphan.listener.update.ms,1788581732892000000,1788581792894000000,0
jps.module.iml.entities.serializer.load.entities.ms,1788581732892000000,1788581792894000000,0
workspaceModel.mutableEntityStorage.to.snapshot.ms,1788581732892000000,1788581792894000000,0
jps.facet.change.listener.process.change.events.ms,1788581732892000000,1788581792894000000,0
workspaceModel.mutableEntityStorage.collect.changes.ms,1788581732892000000,1788581792894000000,0
workspaceModel.moduleManagerBridge.load.all.modules.ms,1788581732892000000,1788581792894000000,0
workspaceModel.mutableEntityStorage.modify.entity.ms,1788581732892000000,1788581792894000000,0
workspaceModel.mutableEntityStorage.resolve.ms,1788581732892000000,1788581792894000000,0
workspaceModel.global.updates.count,1788581732892000000,1788581792894000000,0
jps.artifact.entities.serializer.load.entities.ms,1788581732892000000,1788581792894000000,0
workspaceModel.mutableEntityStorage.remove.entity.ms,1788581732892000000,1788581792894000000,0
jps.project.serializers.save.ms,1788581732892000000,1788581792894000000,0
jps.facet.change.listener.before.change.events.ms,1788581732892000000,1788581792894000000,0
DiskQueryRelay.taskExecutionTotalTimeUs,1788581732892000000,1788581792894000000,12628
writeAction.max.wait.ms,1788581732892000000,1788581792894000000,70
writeAction.wait.ms,1788581732892000000,1788581792894000000,0
DiskQueryRelay.taskWaitingTotalTimeUs,1788581732892000000,1788581792894000000,13689
writeAction.count,1788581732892000000,1788581792894000000,1
LowMemory.gcLoad,1788581732892000000,1788581792894000000,4.615633258355299E-4
DiskQueryRelay.tasksExecuted,1788581732892000000,1788581792894000000,27
writeAction.median.wait.ms,1788581732892000000,1788581792894000000,100
DiskQueryRelay.tasksRequested,1788581732892000000,1788581792894000000,27
LowMemory.gcOverloaded,1788581732892000000,1788581792894000000,0
FileNameCache.queries,1788581732892000000,1788581792894000000,0
VFS.cache.directoriesCreated,1788581732892000000,1788581792894000000,0
VFS.cache.filesCreated,1788581732892000000,1788581792894000000,90
VFS.ContentWriter.totalTimeSpentOnAsyncOperationsUs,1788581732892000000,1788581792894000000,0
VFS.fileByIdCache.misses,1788581732892000000,1788581792894000000,1
VFS.contentStorage.recordsStoredCompressed,1788581732892000000,1788581792894000000,0
VFS.folderCaseSensitivityReads,1788581732892000000,1788581792894000000,0
VFS.contentStorage.recordsStored,1788581732892000000,1788581792894000000,0
VFS.contentStorage.recordsRead,1788581732892000000,1788581792894000000,0
VFS.contentStorage.recordsReadSize,1788581732892000000,1788581792894000000,0
VFS.invertedFileNameIndex.requests,1788581732892000000,1788581792894000000,0
VFS.cache.segmentsCreated,1788581732892000000,1788581792894000000,0
VFS.ContentWriter.totalTasksExecutedAsync,1788581732892000000,1788581792894000000,0
VFS.fileByIdCache.hits,1788581732892000000,1788581792894000000,0
VFS.contentStorage.recordsDeduplicated,1788581732892000000,1788581792894000000,0
VFS.cache.segments,1788581732892000000,1788581792894000000,315
VFS.contentStorage.recordsDecompressionTimeUs,1788581732892000000,1788581792894000000,0
VFS.ContentWriter.totalTimeSpentOnSyncOperationsUs,1788581732892000000,1788581792894000000,0
VFS.contentStorage.recordsUncompressedSize,1788581732892000000,1788581792894000000,0
VFS.fileChildByName,1788581732892000000,1788581792894000000,99
VFS.contentStorage.recordsReadDecompressed,1788581732892000000,1788581792894000000,0
VFS.ContentWriter.totalFlushes,1788581732892000000,1788581792894000000,0
VFS.rootsCount,1788581732892000000,1788581792894000000,298.0
VFS.ContentWriter.totalTasksExecutedSync,1788581732892000000,1788581792894000000,0
FileNameCache.totalMisses,1788581732892000000,1788581792894000000,0
VFS.contentStorage.recordsStoredSize,1788581732892000000,1788581792894000000,0
ReadAction.executionsCount,1788581732892000000,1788581792894000000,419
FlushQueue.queueSize90P,1788581732892000000,1788581792894000000,0
NonBlockingReadAction.failedExecutionsCount,1788581732892000000,1788581792894000000,0
FlushQueue.queueSizeAvg,1788581732892000000,1788581792894000000,0.0
AWTEventQueue.dispatchTime90PNs,1788581732892000000,1788581792894000000,0
WriteAction.executionsCount,1788581732892000000,1788581792894000000,1
NonBlockingReadAction.failedExecutionTimeUs,1788581732892000000,1788581792894000000,0
AWTEventQueue.dispatchTimeTotalNS,1788581732892000000,1788581792894000000,697764416
FlushQueue.executionTimeMaxNs,1788581732892000000,1788581792894000000,0
FlushQueue.waitingTimeAvgNs,1788581732892000000,1788581792894000000,0.0
AWTEventQueue.dispatchTimeMaxNs,1788581732892000000,1788581792894000000,0
FlushQueue.waitingTimeMaxNs,1788581732892000000,1788581792894000000,0
FlushQueue.waitingTime90PNs,1788581732892000000,1788581792894000000,0
AWTEventQueue.dispatchTimeAvgNs,1788581732892000000,1788581792894000000,0.0
AWTEventQueue.eventsDispatched,1788581732892000000,1788581792894000000,0
NonBlockingReadAction.finalizedExecutionTimeUs,1788581732892000000,1788581792894000000,43437
NonBlockingReadAction.finalizedExecutionsCount,1788581732892000000,1788581792894000000,6
FlushQueue.executionTimeAvgNs,1788581732892000000,1788581792894000000,0.0
FlushQueue.tasksExecuted,1788581732892000000,1788581792894000000,0
FlushQueue.executionTime90PNs,1788581732892000000,1788581792894000000,0
FlushQueue.queueSizeMax,1788581732892000000,1788581792894000000,0
FilePageCache.pageFastCacheHits,1788581732892000000,1788581792894000000,193
FilePageCache.WAL.entriesFlushedOnClose,1788581732892000000,1788581792894000000,0
FilePageCache.WAL.entriesFlushedOnForce,1788581732892000000,1788581792894000000,0
MappedFileStorage.totalPagesMapped,1788581732892000000,1788581792894000000,17
FilePageCache.totalBytesStored,1788581732892000000,1788581792894000000,1490
StreamlinedBlobStorage.totalLiveRecordsCapacityBytes,1788581732892000000,1788581792894000000,0
FilePageCache.WAL.bytesCopiedByApplyUnfinished,1788581732892000000,1788581792894000000,0
FilePageCache.maxCacheSizeInBytes,1788581732892000000,1788581792894000000,629153792
StorageLockContext.competingThreads.max,1788581732892000000,1788581792894000000,0
StreamlinedBlobStorage.recordsRelocated,1788581732892000000,1788581792894000000,0
FilePageCache.WAL.entriesFlushed,1788581732892000000,1788581792894000000,0
FilePageCache.disposedBuffers,1788581732892000000,1788581792894000000,6
MappedFileStorage.storages,1788581732892000000,1788581792894000000,17
FilePageCache.totalPageLoadsUs,1788581732892000000,1788581792894000000,6878
FilePageCache.pageLoadsAboveSizeThreshold,1788581732892000000,1788581792894000000,0
FileChannelInterruptsRetryer.totalRetriedAttempts,1788581732892000000,1788581792894000000,0
FilePageCache.WAL.bytesQueued,1788581732892000000,1788581792894000000,0
StreamlinedBlobStorage.recordsDeleted,1788581732892000000,1788581792894000000,0
FilePageCache.totalPageStoresUs,1788581732892000000,1788581792894000000,47685
FilePageCache.pageLoads,1788581732892000000,1788581792894000000,6
FilePageCache.WAL.entriesFlushedOnRead,1788581732892000000,1788581792894000000,0
FilePageCache.WAL.flushesForcedByOverflow,1788581732892000000,1788581792894000000,0
DirectByteBufferAllocator.totalSizeOfBuffersAllocatedInBytes,1788581732892000000,1788581792894000000,3153920
FilePageCache.WAL.entriesFlushedOnTruncate,1788581732892000000,1788581792894000000,0
StorageLockContext.competingThreads.avg,1788581732892000000,1788581792894000000,0.0
DirectByteBufferAllocator.totalSizeOfBuffersCachedInBytes,1788581732892000000,1788581792894000000,90316800
FilePageCache.capacityInBytes,1788581732892000000,1788581792894000000,629145600
FilePageCache.totalPageDisposalsUs,1788581732892000000,1788581792894000000,16
FilePageCache.maxRegisteredFiles,1788581732892000000,1788581792894000000,1796
FilePageCache.pageHits,1788581732892000000,1788581792894000000,0
StorageLockContext.competingThreads.90P,1788581732892000000,1788581792894000000,0
FilePageCache.uncachedFileAccess,1788581732892000000,1788581792894000000,67
StreamlinedBlobStorage.recordsAllocated,1788581732892000000,1788581792894000000,0
DirectByteBufferAllocator.disposed,1788581732892000000,1788581792894000000,6
DirectByteBufferAllocator.reclaimed,1788581732892000000,1788581792894000000,6
StreamlinedBlobStorage.totalLiveRecordsPayloadBytes,1788581732892000000,1788581792894000000,0
MappedFileStorage.totalTimeSpentOnMappingUs,1788581732892000000,1788581792894000000,72260
MappedFileStorage.totalBytesMapped,1788581732892000000,1788581792894000000,266600448
DirectByteBufferAllocator.hits,1788581732892000000,1788581792894000000,0
DirectByteBufferAllocator.misses,1788581732892000000,1788581792894000000,6
cacheStateStorage.get.counter,1788581732892000000,1788581792894000000,0
cacheStateStorage.set.duration,1788581732892000000,1788581792894000000,1
cacheStateStorage.set.counter,1788581732892000000,1788581792894000000,10
cacheStateStorage.get.duration,1788581732892000000,1788581792894000000,0
Indexing.writer_3.totalTimeSpentWritingMs,1788581732892000000,1788581792894000000,0
Indexing.totalTimeIndexersSleptMs,1788581732892000000,1788581792894000000,0
Indexes.allKeys.lookups,1788581732892000000,1788581792894000000,0
Indexing.writesQueuedMax,1788581732892000000,1788581792894000000,0
Indexes.entries.lookupDurationAvgMs,1788581732892000000,1788581792894000000,0.0
Indexing.writer_1.totalTimeSpentWritingMs,1788581732892000000,1788581792894000000,0
Indexes.allKeys.lookupDuration90PMs,1788581732892000000,1788581792894000000,0.0
Indexes.stubs.lookupDurationMaxMs,1788581732892000000,1788581792894000000,0.0
Indexes.entries.lookupDuration90PMs,1788581732892000000,1788581792894000000,0.0
Indexes.entries.lookupDurationMaxMs,1788581732892000000,1788581792894000000,0.0
Indexing.writer_2.totalTimeSpentWritingMs,1788581732892000000,1788581792894000000,0
Indexes.stubs.lookupDuration90PMs,1788581732892000000,1788581792894000000,0.0
Indexing.writesQueuedMin,1788581732892000000,1788581792894000000,9223372036854775807
Indexing.writer_0.totalTimeSpentWritingMs,1788581732892000000,1788581792894000000,0
Indexing.cache.totalCacheAccesses,1788581732892000000,1788581792894000000,14
Indexes.entries.lookups,1788581732892000000,1788581792894000000,0
Indexes.stubs.lookupDurationAvgMs,1788581732892000000,1788581792894000000,0.0
Indexes.allKeys.lookupDurationMaxMs,1788581732892000000,1788581792894000000,0.0
Indexes.stubs.lookups,1788581732892000000,1788581792894000000,7
Indexing.cache.totalCacheEvicted,1788581732892000000,1788581792894000000,5
Indexes.allKeys.lookupDurationAvgMs,1788581732892000000,1788581792894000000,0.0
Indexing.cache.totalCacheMisses,1788581732892000000,1788581792894000000,5
workspaceModel.check.recursive.update.ms,1788581732892000000,1788581792894000000,0
workspaceModel.cachedValueWithParameters.calculated.count,1788581732892000000,1788581792894000000,0
workspaceModel.loading.total.ms,1788581732892000000,1788581792894000000,0
workspaceModel.workspaceFileIndexData.visitFileSets.ms,1788581732892000000,1788581792894000000,0
workspaceModel.cachedValue.from.cache.count,1788581732892000000,1788581792894000000,2
workspaceModel.non.incremental.contributors.total.update.time.ms,1788581732892000000,1788581792894000000,0
workspaceModel.workspaceFileIndexData.markDirty.ms,1788581732892000000,1788581792894000000,0
workspaceModel.cachedValueWithParameters.clear.count,1788581732892000000,1788581792894000000,0
workspaceModel.cachedValue.total.get.count,1788581732892000000,1788581792894000000,2
workspaceModel.non.incremental.contributors.file.sets.computation.time.ms,1788581732892000000,1788581792894000000,0
workspaceModel.collect.changes.ms,1788581732892000000,1788581792894000000,0
workspaceModel.cachedValueWithParameters.total.get.count,1788581732892000000,1788581792894000000,0
workspaceModel.update.unloaded.entities.ms,1788581732892000000,1788581792894000000,0
workspaceModel.cachedValue.clear.count,1788581732892000000,1788581792894000000,0
workspaceModel.cachedValue.calculated.count,1788581732892000000,1788581792894000000,0
workspaceModel.loading.from.cache.ms,1788581732892000000,1788581792894000000,0
workspaceModel.updates.ms,1788581732892000000,1788581792894000000,0
workspaceModel.workspaceFileIndexData.getFileInfo.ms,1788581732892000000,1788581792894000000,0
workspaceModel.replace.project.model.ms,1788581732892000000,1788581792894000000,0
workspaceModel.updates.count,1788581732892000000,1788581792894000000,0
workspaceModel.on.changed.ms,1788581732892000000,1788581792894000000,0
workspaceModel.workspaceFileIndexData.getPackageName.ms,1788581732892000000,1788581792894000000,0
workspaceModel.workspaceFileIndexData.processFileSets.ms,1788581732892000000,1788581792894000000,0
workspaceModel.pre.handlers.ms,1788581732892000000,1788581792894000000,0
workspaceModel.to.snapshot.ms,1788581732892000000,1788581792894000000,0
workspaceModel.workspaceFileIndexData.getDirectoriesByPackageName.ms,1788581732892000000,1788581792894000000,0
workspaceModel.init.bridges.ms,1788581732892000000,1788581792894000000,0
workspaceModel.workspaceFileIndexData.init.ms,1788581732892000000,1788581792894000000,0
workspaceModel.entityStorageSnapshotImpl.instances.count,1788581732892000000,1788581792894000000,0
workspaceModel.updates.precise.ms,1788581732892000000,1788581792894000000,0
workspaceModel.initializing.ms,1788581732892000000,1788581792894000000,0
workspaceModel.cachedValueWithParameters.from.cache.count,1788581732892000000,1788581792894000000,0
workspaceModel.full.replace.project.model.ms,1788581732892000000,1788581792894000000,0
workspaceModel.workspaceFileIndexData.updateDirtyEntities.ms,1788581732892000000,1788581792894000000,0
workspaceModel.on.before.changed.ms,1788581732892000000,1788581792894000000,0
workspaceModel.workspaceFileIndexData.onEntitiesChanged.ms,1788581732892000000,1788581792894000000,0
workspaceModel.non.incremental.contributors.exclude.roots.computation.time.ms,1788581732892000000,1788581792894000000,0
workspaceModel.workspaceFileIndexContributor.registerFileSets.ms,1788581732892000000,1788581792894000000,0
workspaceModel.workspaceFileIndexData.instances.count,1788581732892000000,1788581792894000000,0
compiler.ArtifactVirtualFileListener.propertyChanged.ms,1788581732892000000,1788581792894000000,0
compiler.ArtifactVirtualFileListener.filePathChanged.ms,1788581732892000000,1788581792894000000,0
compiler.ArtifactManagerBridge.findArtifact.ms,1788581732892000000,1788581792894000000,0
compiler.ArtifactManagerBridge.getArtifacts.ms,1788581732892000000,1788581792894000000,0
compiler.ArtifactManagerBridge.dropMappings.ms,1788581732892000000,1788581792894000000,0
compiler.ArtifactManagerBridge.commit.ms,1788581732892000000,1788581792894000000,0
compiler.ArtifactManagerBridge.getArtifactsByType.ms,1788581732892000000,1788581792894000000,0
compiler.ArtifactManagerBridge.addArtifact.ms,1788581732892000000,1788581792894000000,0
compiler.ArtifactManagerBridge.initBridges.ms,1788581732892000000,1788581792894000000,0
JVM.GC.collectionTimesMs,1788581732892000000,1788581792894000000,993
MEM.ramMinusFileMappingsBytes,1788581732892000000,1788581792894000000,288636928
JVM.usedNativeBytes,1788581732892000000,1788581792894000000,655597904
JVM.totalCpuTimeMs,1788581732892000000,1788581792894000000,6947
JVM.maxThreadCount,1788581732892000000,1788581792894000000,172
JVM.threadCount,1788581732892000000,1788581792894000000,79
JVM.GC.collections,1788581732892000000,1788581792894000000,4
JVM.totalTimeToSafepointsMs,1788581732892000000,1788581792894000000,1
MEM.ramBytes,1788581732892000000,1788581792894000000,321601536
JVM.committedHeapBytes,1788581732892000000,1788581792894000000,1166016512
JVM.usedHeapBytes,1788581732892000000,1788581792894000000,696772784
JVM.totalDirectByteBuffersBytes,1788581732892000000,1788581792894000000,3414024
MEM.ramPlusSwapMinusFileMappingsBytes,1788581732892000000,1788581792894000000,2282732416
JVM.totalSafepointCount,1788581732892000000,1788581792894000000,4
JVM.totalBytesAllocated,1788581732892000000,1788581792894000000,33463456
OS.loadAverage,1788581732892000000,1788581792894000000,2.8837890625
MEM.fileMappingsRamBytes,1788581732892000000,1788581792894000000,32964608
JVM.newThreadsCount,1788581732892000000,1788581792894000000,12
JVM.maxHeapBytes,1788581732892000000,1788581792894000000,2147483648
JVM.totalTimeAtSafepointsMs,1788581732892000000,1788581792894000000,993
workspaceModel.mutableEntityStorage.changeLog.addReplaceEventForNewChild.ms,1788581792894000000,1788581852893000000,0
jps.facet.change.listener.init.bridge.ms,1788581792894000000,1788581852893000000,0
jps.global.get.library.ms,1788581792894000000,1788581852893000000,0
workspaceModel.moduleBridge.update.option.ms,1788581792894000000,1788581852893000000,0
workspaceModel.moduleBridgeLoader.loading.modules.ms,1788581792894000000,1788581852893000000,0
workspaceModel.global.apply.state.to.project.builder.ms,1788581792894000000,1788581852893000000,0
jps.library.entities.serializer.load.entities.ms,1788581792894000000,1788581852893000000,0
workspaceModel.moduleBridge.facet.initialization.ms,1788581792894000000,1788581852893000000,0
jps.global.handle.changed.events.ms,1788581792894000000,1788581852893000000,0
jps.modifiable.module.model.bridge.disposing.ms,1788581792894000000,1788581852893000000,0
workspaceModel.moduleManagerBridge.create.module.instance.ms,1788581792894000000,1788581852893000000,0
jps.reload.project.entities.ms,1788581792894000000,1788581852893000000,0
jps.app.storage.content.reader.load.component.ms,1788581792894000000,1788581852893000000,0
jps.modifiable.module.model.bridge.renaming.ms,1788581792894000000,1788581852893000000,0
workspaceModel.sync.entities.ms,1788581792894000000,1788581852893000000,0
jps.artifact.entities.serializer.save.entities.ms,1788581792894000000,1788581852893000000,0
workspaceModel.moduleManagerBridge.new.nonPersistent.module.ms,1788581792894000000,1788581852893000000,0
jps.app.storage.content.writer.save.component.ms,1788581792894000000,1788581852893000000,0
workspaceModel.mutableEntityStorage.add.entity.ms,1788581792894000000,1788581852893000000,0
workspaceModel.moduleBridge.before.changed.ms,1788581792894000000,1788581852893000000,0
jps.global.handle.before.change.events.ms,1788581792894000000,1788581852893000000,0
workspaceModel.mutableEntityStorage.mutable.ext.mapping.ms,1788581792894000000,1788581852893000000,0
jps.save.changed.project.entities.ms,1788581792894000000,1788581852893000000,0
jps.module.iml.entities.serializer.save.entities.ms,1788581792894000000,1788581852893000000,0
workspaceModel.moduleManagerBridge.set.unloadedModules.ms,1788581792894000000,1788581852893000000,0
workspaceModel.mutableEntityStorage.changeLog.addReplaceEventForRemovedChild.ms,1788581792894000000,1788581852893000000,0
workspaceModel.mutableEntityStorage.changeLog.addReplaceEventForRemovedParent.ms,1788581792894000000,1788581852893000000,0
jps.global.get.library.by.name.ms,1788581792894000000,1788581852893000000,0
workspaceModel.global.apply.state.to.project.ms,1788581792894000000,1788581852893000000,0
workspaceModel.moduleManagerBridge.load.module.ms,1788581792894000000,1788581852893000000,0
workspaceModel.mutableEntityStorage.mutable.vfurl.index.ms,1788581792894000000,1788581852893000000,0
workspaceModel.mutableEntityStorage.entities.ms,1788581792894000000,1788581852893000000,0
jps.global.initialize.library.bridges.after.loading.ms,1788581792894000000,1788581852893000000,0
workspaceModel.mutableEntityStorage.apply.changes.from.ms,1788581792894000000,1788581852893000000,0
workspaceModel.load.cache.metadata.from.file.ms,1788581792894000000,1788581852893000000,0
jps.save.global.entities.ms,1788581792894000000,1788581852893000000,0
workspaceModel.global.updates.ms,1788581792894000000,1788581852893000000,0
workspaceModel.mutableEntityStorage.changeLog.addReplaceEventForNewParent.ms,1788581792894000000,1788581852893000000,0
workspaceModel.mutableEntityStorage.has.same.entities.ms,1788581792894000000,1788581852893000000,0
workspaceModel.mutableEntityStorage.put.entity.ms,1788581792894000000,1788581852893000000,0
jps.load.project.to.empty.storage.ms,1788581792894000000,1788581852893000000,0
jps.project.serializers.load.ms,1788581792894000000,1788581852893000000,0
jps.load.initial.state.ms,1788581792894000000,1788581852893000000,0
workspaceModel.mutableEntityStorage.replace.by.source.ms,1788581792894000000,1788581852893000000,0
workspaceModel.save.cache.to.file.ms,1788581792894000000,1788581852893000000,0
workspaceModel.moduleManagerBridge.newModule.ms,1788581792894000000,1788581852893000000,0
jps.apply.loaded.storage.ms,1788581792894000000,1788581852893000000,0
jps.modifiable.module.model.bridge.new.module.ms,1788581792894000000,1788581852893000000,0
workspaceModel.mutableEntityStorage.entities.by.source.ms,1788581792894000000,1788581852893000000,0
workspaceModel.load.cache.from.file.ms,1788581792894000000,1788581852893000000,0
workspaceModel.mutableEntityStorage.hasReferrers.ms,1788581792894000000,1788581852893000000,0
jps.module.dependency.index.workspace.model.listener.on.changed.ms,1788581792894000000,1788581852893000000,0
jps.global.initialize.library.bridges.ms,1788581792894000000,1788581852893000000,0
workspaceModel.mutableEntityStorage.instances.count,1788581792894000000,1788581852893000000,0
jps.library.entities.serializer.save.entities.ms,1788581792894000000,1788581852893000000,0
workspaceModel.do.save.caches.ms,1788581792894000000,1788581852893000000,0
workspaceModel.moduleManagerBridge.build.module.graph.ms,1788581792894000000,1788581852893000000,0
jps.global.get.libraries.ms,1788581792894000000,1788581852893000000,0
workspaceModel.moduleManagerBridge.get.modules.ms,1788581792894000000,1788581852893000000,0
workspaceModel.mutableEntityStorage.referrers.ms,1788581792894000000,1788581852893000000,0
jps.storage.jps.conf.reader.load.component.ms,1788581792894000000,1788581852893000000,0
jps.modifiable.module.model.bridge.load.module.ms,1788581792894000000,1788581852893000000,0
workspaceModel.orphan.listener.update.ms,1788581792894000000,1788581852893000000,0
jps.module.iml.entities.serializer.load.entities.ms,1788581792894000000,1788581852893000000,0
workspaceModel.mutableEntityStorage.to.snapshot.ms,1788581792894000000,1788581852893000000,0
jps.facet.change.listener.process.change.events.ms,1788581792894000000,1788581852893000000,0
workspaceModel.mutableEntityStorage.collect.changes.ms,1788581792894000000,1788581852893000000,0
workspaceModel.moduleManagerBridge.load.all.modules.ms,1788581792894000000,1788581852893000000,0
workspaceModel.mutableEntityStorage.modify.entity.ms,1788581792894000000,1788581852893000000,0
workspaceModel.mutableEntityStorage.resolve.ms,1788581792894000000,1788581852893000000,0
workspaceModel.global.updates.count,1788581792894000000,1788581852893000000,0
jps.artifact.entities.serializer.load.entities.ms,1788581792894000000,1788581852893000000,0
workspaceModel.mutableEntityStorage.remove.entity.ms,1788581792894000000,1788581852893000000,0
jps.project.serializers.save.ms,1788581792894000000,1788581852893000000,0
jps.facet.change.listener.before.change.events.ms,1788581792894000000,1788581852893000000,0
DiskQueryRelay.taskExecutionTotalTimeUs,1788581792894000000,1788581852893000000,0
writeAction.max.wait.ms,1788581792894000000,1788581852893000000,70
writeAction.wait.ms,1788581792894000000,1788581852893000000,0
DiskQueryRelay.taskWaitingTotalTimeUs,1788581792894000000,1788581852893000000,0
writeAction.count,1788581792894000000,1788581852893000000,0
LowMemory.gcLoad,1788581792894000000,1788581852893000000,0.005518872750754385
DiskQueryRelay.tasksExecuted,1788581792894000000,1788581852893000000,0
writeAction.median.wait.ms,1788581792894000000,1788581852893000000,100
DiskQueryRelay.tasksRequested,1788581792894000000,1788581852893000000,0
LowMemory.gcOverloaded,1788581792894000000,1788581852893000000,0
FileNameCache.queries,1788581792894000000,1788581852893000000,0
VFS.cache.directoriesCreated,1788581792894000000,1788581852893000000,0
VFS.cache.filesCreated,1788581792894000000,1788581852893000000,0
VFS.ContentWriter.totalTimeSpentOnAsyncOperationsUs,1788581792894000000,1788581852893000000,0
VFS.fileByIdCache.misses,1788581792894000000,1788581852893000000,0
VFS.contentStorage.recordsStoredCompressed,1788581792894000000,1788581852893000000,0
VFS.folderCaseSensitivityReads,1788581792894000000,1788581852893000000,0
VFS.contentStorage.recordsStored,1788581792894000000,1788581852893000000,0
VFS.contentStorage.recordsRead,1788581792894000000,1788581852893000000,0
VFS.contentStorage.recordsReadSize,1788581792894000000,1788581852893000000,0
VFS.invertedFileNameIndex.requests,1788581792894000000,1788581852893000000,0
VFS.cache.segmentsCreated,1788581792894000000,1788581852893000000,0
VFS.ContentWriter.totalTasksExecutedAsync,1788581792894000000,1788581852893000000,0
VFS.fileByIdCache.hits,1788581792894000000,1788581852893000000,0
VFS.contentStorage.recordsDeduplicated,1788581792894000000,1788581852893000000,0
VFS.cache.segments,1788581792894000000,1788581852893000000,315
VFS.contentStorage.recordsDecompressionTimeUs,1788581792894000000,1788581852893000000,0
VFS.ContentWriter.totalTimeSpentOnSyncOperationsUs,1788581792894000000,1788581852893000000,0
VFS.contentStorage.recordsUncompressedSize,1788581792894000000,1788581852893000000,0
VFS.fileChildByName,1788581792894000000,1788581852893000000,0
VFS.contentStorage.recordsReadDecompressed,1788581792894000000,1788581852893000000,0
VFS.ContentWriter.totalFlushes,1788581792894000000,1788581852893000000,0
VFS.rootsCount,1788581792894000000,1788581852893000000,298.0
VFS.ContentWriter.totalTasksExecutedSync,1788581792894000000,1788581852893000000,0
FileNameCache.totalMisses,1788581792894000000,1788581852893000000,0
VFS.contentStorage.recordsStoredSize,1788581792894000000,1788581852893000000,0
ReadAction.executionsCount,1788581792894000000,1788581852893000000,3
FlushQueue.queueSize90P,1788581792894000000,1788581852893000000,0
NonBlockingReadAction.failedExecutionsCount,1788581792894000000,1788581852893000000,0
FlushQueue.queueSizeAvg,1788581792894000000,1788581852893000000,0.0
AWTEventQueue.dispatchTime90PNs,1788581792894000000,1788581852893000000,0
WriteAction.executionsCount,1788581792894000000,1788581852893000000,0
NonBlockingReadAction.failedExecutionTimeUs,1788581792894000000,1788581852893000000,0
AWTEventQueue.dispatchTimeTotalNS,1788581792894000000,1788581852893000000,18600954
FlushQueue.executionTimeMaxNs,1788581792894000000,1788581852893000000,0
FlushQueue.waitingTimeAvgNs,1788581792894000000,1788581852893000000,0.0
AWTEventQueue.dispatchTimeMaxNs,1788581792894000000,1788581852893000000,0
FlushQueue.waitingTimeMaxNs,1788581792894000000,1788581852893000000,0
FlushQueue.waitingTime90PNs,1788581792894000000,1788581852893000000,0
AWTEventQueue.dispatchTimeAvgNs,1788581792894000000,1788581852893000000,0.0
AWTEventQueue.eventsDispatched,1788581792894000000,1788581852893000000,0
NonBlockingReadAction.finalizedExecutionTimeUs,1788581792894000000,1788581852893000000,0
NonBlockingReadAction.finalizedExecutionsCount,1788581792894000000,1788581852893000000,0
FlushQueue.executionTimeAvgNs,1788581792894000000,1788581852893000000,0.0
FlushQueue.tasksExecuted,1788581792894000000,1788581852893000000,0
FlushQueue.executionTime90PNs,1788581792894000000,1788581852893000000,0
FlushQueue.queueSizeMax,1788581792894000000,1788581852893000000,0
FilePageCache.pageFastCacheHits,1788581792894000000,1788581852893000000,180
FilePageCache.WAL.entriesFlushedOnClose,1788581792894000000,1788581852893000000,0
FilePageCache.WAL.entriesFlushedOnForce,1788581792894000000,1788581852893000000,0
MappedFileStorage.totalPagesMapped,1788581792894000000,1788581852893000000,17
FilePageCache.totalBytesStored,1788581792894000000,1788581852893000000,960
StreamlinedBlobStorage.totalLiveRecordsCapacityBytes,1788581792894000000,1788581852893000000,0
FilePageCache.WAL.bytesCopiedByApplyUnfinished,1788581792894000000,1788581852893000000,0
FilePageCache.maxCacheSizeInBytes,1788581792894000000,1788581852893000000,629153792
StorageLockContext.competingThreads.max,1788581792894000000,1788581852893000000,0
StreamlinedBlobStorage.recordsRelocated,1788581792894000000,1788581852893000000,0
FilePageCache.WAL.entriesFlushed,1788581792894000000,1788581852893000000,0
FilePageCache.disposedBuffers,1788581792894000000,1788581852893000000,0
MappedFileStorage.storages,1788581792894000000,1788581852893000000,17
FilePageCache.totalPageLoadsUs,1788581792894000000,1788581852893000000,0
FilePageCache.pageLoadsAboveSizeThreshold,1788581792894000000,1788581852893000000,0
FileChannelInterruptsRetryer.totalRetriedAttempts,1788581792894000000,1788581852893000000,0
FilePageCache.WAL.bytesQueued,1788581792894000000,1788581852893000000,0
StreamlinedBlobStorage.recordsDeleted,1788581792894000000,1788581852893000000,0
FilePageCache.totalPageStoresUs,1788581792894000000,1788581852893000000,95609
FilePageCache.pageLoads,1788581792894000000,1788581852893000000,0
FilePageCache.WAL.entriesFlushedOnRead,1788581792894000000,1788581852893000000,0
FilePageCache.WAL.flushesForcedByOverflow,1788581792894000000,1788581852893000000,0
DirectByteBufferAllocator.totalSizeOfBuffersAllocatedInBytes,1788581792894000000,1788581852893000000,3153920
FilePageCache.WAL.entriesFlushedOnTruncate,1788581792894000000,1788581852893000000,0
StorageLockContext.competingThreads.avg,1788581792894000000,1788581852893000000,0.0
DirectByteBufferAllocator.totalSizeOfBuffersCachedInBytes,1788581792894000000,1788581852893000000,90316800
FilePageCache.capacityInBytes,1788581792894000000,1788581852893000000,629145600
FilePageCache.totalPageDisposalsUs,1788581792894000000,1788581852893000000,0
FilePageCache.maxRegisteredFiles,1788581792894000000,1788581852893000000,1796
FilePageCache.pageHits,1788581792894000000,1788581852893000000,0
StorageLockContext.competingThreads.90P,1788581792894000000,1788581852893000000,0
FilePageCache.uncachedFileAccess,1788581792894000000,1788581852893000000,60
StreamlinedBlobStorage.recordsAllocated,1788581792894000000,1788581852893000000,0
DirectByteBufferAllocator.disposed,1788581792894000000,1788581852893000000,0
DirectByteBufferAllocator.reclaimed,1788581792894000000,1788581852893000000,0
StreamlinedBlobStorage.totalLiveRecordsPayloadBytes,1788581792894000000,1788581852893000000,0
MappedFileStorage.totalTimeSpentOnMappingUs,1788581792894000000,1788581852893000000,72260
MappedFileStorage.totalBytesMapped,1788581792894000000,1788581852893000000,266600448
DirectByteBufferAllocator.hits,1788581792894000000,1788581852893000000,0
DirectByteBufferAllocator.misses,1788581792894000000,1788581852893000000,0
cacheStateStorage.get.counter,1788581792894000000,1788581852893000000,0
cacheStateStorage.set.duration,1788581792894000000,1788581852893000000,0
cacheStateStorage.set.counter,1788581792894000000,1788581852893000000,0
cacheStateStorage.get.duration,1788581792894000000,1788581852893000000,0
Indexing.writer_3.totalTimeSpentWritingMs,1788581792894000000,1788581852893000000,0
Indexing.totalTimeIndexersSleptMs,1788581792894000000,1788581852893000000,0
Indexes.allKeys.lookups,1788581792894000000,1788581852893000000,1
Indexing.writesQueuedMax,1788581792894000000,1788581852893000000,0
Indexes.entries.lookupDurationAvgMs,1788581792894000000,1788581852893000000,0.0
Indexing.writer_1.totalTimeSpentWritingMs,1788581792894000000,1788581852893000000,0
Indexes.allKeys.lookupDuration90PMs,1788581792894000000,1788581852893000000,0.0
Indexes.stubs.lookupDurationMaxMs,1788581792894000000,1788581852893000000,0.0
Indexes.entries.lookupDuration90PMs,1788581792894000000,1788581852893000000,0.0
Indexes.entries.lookupDurationMaxMs,1788581792894000000,1788581852893000000,0.0
Indexing.writer_2.totalTimeSpentWritingMs,1788581792894000000,1788581852893000000,0
Indexes.stubs.lookupDuration90PMs,1788581792894000000,1788581852893000000,0.0
Indexing.writesQueuedMin,1788581792894000000,1788581852893000000,9223372036854775807
Indexing.writer_0.totalTimeSpentWritingMs,1788581792894000000,1788581852893000000,0
Indexing.cache.totalCacheAccesses,1788581792894000000,1788581852893000000,0
Indexes.entries.lookups,1788581792894000000,1788581852893000000,0
Indexes.stubs.lookupDurationAvgMs,1788581792894000000,1788581852893000000,0.0
Indexes.allKeys.lookupDurationMaxMs,1788581792894000000,1788581852893000000,0.0
Indexes.stubs.lookups,1788581792894000000,1788581852893000000,0
Indexing.cache.totalCacheEvicted,1788581792894000000,1788581852893000000,0
Indexes.allKeys.lookupDurationAvgMs,1788581792894000000,1788581852893000000,0.0
Indexing.cache.totalCacheMisses,1788581792894000000,1788581852893000000,0
workspaceModel.check.recursive.update.ms,1788581792894000000,1788581852893000000,0
workspaceModel.cachedValueWithParameters.calculated.count,1788581792894000000,1788581852893000000,0
workspaceModel.loading.total.ms,1788581792894000000,1788581852893000000,0
workspaceModel.workspaceFileIndexData.visitFileSets.ms,1788581792894000000,1788581852893000000,0
workspaceModel.cachedValue.from.cache.count,1788581792894000000,1788581852893000000,0
workspaceModel.non.incremental.contributors.total.update.time.ms,1788581792894000000,1788581852893000000,0
workspaceModel.workspaceFileIndexData.markDirty.ms,1788581792894000000,1788581852893000000,0
workspaceModel.cachedValueWithParameters.clear.count,1788581792894000000,1788581852893000000,0
workspaceModel.cachedValue.total.get.count,1788581792894000000,1788581852893000000,0
workspaceModel.non.incremental.contributors.file.sets.computation.time.ms,1788581792894000000,1788581852893000000,0
workspaceModel.collect.changes.ms,1788581792894000000,1788581852893000000,0
workspaceModel.cachedValueWithParameters.total.get.count,1788581792894000000,1788581852893000000,0
workspaceModel.update.unloaded.entities.ms,1788581792894000000,1788581852893000000,0
workspaceModel.cachedValue.clear.count,1788581792894000000,1788581852893000000,0
workspaceModel.cachedValue.calculated.count,1788581792894000000,1788581852893000000,0
workspaceModel.loading.from.cache.ms,1788581792894000000,1788581852893000000,0
workspaceModel.updates.ms,1788581792894000000,1788581852893000000,0
workspaceModel.workspaceFileIndexData.getFileInfo.ms,1788581792894000000,1788581852893000000,0
workspaceModel.replace.project.model.ms,1788581792894000000,1788581852893000000,0
workspaceModel.updates.count,1788581792894000000,1788581852893000000,0
workspaceModel.on.changed.ms,1788581792894000000,1788581852893000000,0
workspaceModel.workspaceFileIndexData.getPackageName.ms,1788581792894000000,1788581852893000000,0
workspaceModel.workspaceFileIndexData.processFileSets.ms,1788581792894000000,1788581852893000000,0
workspaceModel.pre.handlers.ms,1788581792894000000,1788581852893000000,0
workspaceModel.to.snapshot.ms,1788581792894000000,1788581852893000000,0
workspaceModel.workspaceFileIndexData.getDirectoriesByPackageName.ms,1788581792894000000,1788581852893000000,0
workspaceModel.init.bridges.ms,1788581792894000000,1788581852893000000,0
workspaceModel.workspaceFileIndexData.init.ms,1788581792894000000,1788581852893000000,0
workspaceModel.entityStorageSnapshotImpl.instances.count,1788581792894000000,1788581852893000000,0
workspaceModel.updates.precise.ms,1788581792894000000,1788581852893000000,0
workspaceModel.initializing.ms,1788581792894000000,1788581852893000000,0
workspaceModel.cachedValueWithParameters.from.cache.count,1788581792894000000,1788581852893000000,0
workspaceModel.full.replace.project.model.ms,1788581792894000000,1788581852893000000,0
workspaceModel.workspaceFileIndexData.updateDirtyEntities.ms,1788581792894000000,1788581852893000000,0
workspaceModel.on.before.changed.ms,1788581792894000000,1788581852893000000,0
workspaceModel.workspaceFileIndexData.onEntitiesChanged.ms,1788581792894000000,1788581852893000000,0
workspaceModel.non.incremental.contributors.exclude.roots.computation.time.ms,1788581792894000000,1788581852893000000,0
workspaceModel.workspaceFileIndexContributor.registerFileSets.ms,1788581792894000000,1788581852893000000,0
workspaceModel.workspaceFileIndexData.instances.count,1788581792894000000,1788581852893000000,0
compiler.ArtifactVirtualFileListener.propertyChanged.ms,1788581792894000000,1788581852893000000,0
compiler.ArtifactVirtualFileListener.filePathChanged.ms,1788581792894000000,1788581852893000000,0
compiler.ArtifactManagerBridge.findArtifact.ms,1788581792894000000,1788581852893000000,0
compiler.ArtifactManagerBridge.getArtifacts.ms,1788581792894000000,1788581852893000000,0
compiler.ArtifactManagerBridge.dropMappings.ms,1788581792894000000,1788581852893000000,0
compiler.ArtifactManagerBridge.commit.ms,1788581792894000000,1788581852893000000,0
compiler.ArtifactManagerBridge.getArtifactsByType.ms,1788581792894000000,1788581852893000000,0
compiler.ArtifactManagerBridge.addArtifact.ms,1788581792894000000,1788581852893000000,0
compiler.ArtifactManagerBridge.initBridges.ms,1788581792894000000,1788581852893000000,0
JVM.GC.collectionTimesMs,1788581792894000000,1788581852893000000,0
MEM.ramMinusFileMappingsBytes,1788581792894000000,1788581852893000000,237338624
JVM.usedNativeBytes,1788581792894000000,1788581852893000000,655784864
JVM.totalCpuTimeMs,1788581792894000000,1788581852893000000,1852
JVM.maxThreadCount,1788581792894000000,1788581852893000000,172
JVM.threadCount,1788581792894000000,1788581852893000000,70
JVM.GC.collections,1788581792894000000,1788581852893000000,0
JVM.totalTimeToSafepointsMs,1788581792894000000,1788581852893000000,0
MEM.ramBytes,1788581792894000000,1788581852893000000,270139392
JVM.committedHeapBytes,1788581792894000000,1788581852893000000,1166016512
JVM.usedHeapBytes,1788581792894000000,1788581852893000000,713550000
JVM.totalDirectByteBuffersBytes,1788581792894000000,1788581852893000000,3414024
MEM.ramPlusSwapMinusFileMappingsBytes,1788581792894000000,1788581852893000000,2281798528
JVM.totalSafepointCount,1788581792894000000,1788581852893000000,0
JVM.totalBytesAllocated,1788581792894000000,1788581852893000000,15644408
OS.loadAverage,1788581792894000000,1788581852893000000,2.3291015625
MEM.fileMappingsRamBytes,1788581792894000000,1788581852893000000,32800768
JVM.newThreadsCount,1788581792894000000,1788581852893000000,0
JVM.maxHeapBytes,1788581792894000000,1788581852893000000,2147483648
JVM.totalTimeAtSafepointsMs,1788581792894000000,1788581852893000000,0
workspaceModel.mutableEntityStorage.changeLog.addReplaceEventForNewChild.ms,1788581852893000000,1788581912904000000,0
jps.facet.change.listener.init.bridge.ms,1788581852893000000,1788581912904000000,0
jps.global.get.library.ms,1788581852893000000,1788581912904000000,0
workspaceModel.moduleBridge.update.option.ms,1788581852893000000,1788581912904000000,0
workspaceModel.moduleBridgeLoader.loading.modules.ms,1788581852893000000,1788581912904000000,0
workspaceModel.global.apply.state.to.project.builder.ms,1788581852893000000,1788581912904000000,0
jps.library.entities.serializer.load.entities.ms,1788581852893000000,1788581912904000000,0
workspaceModel.moduleBridge.facet.initialization.ms,1788581852893000000,1788581912904000000,0
jps.global.handle.changed.events.ms,1788581852893000000,1788581912904000000,0
jps.modifiable.module.model.bridge.disposing.ms,1788581852893000000,1788581912904000000,0
workspaceModel.moduleManagerBridge.create.module.instance.ms,1788581852893000000,1788581912904000000,0
jps.reload.project.entities.ms,1788581852893000000,1788581912904000000,0
jps.app.storage.content.reader.load.component.ms,1788581852893000000,1788581912904000000,0
jps.modifiable.module.model.bridge.renaming.ms,1788581852893000000,1788581912904000000,0
workspaceModel.sync.entities.ms,1788581852893000000,1788581912904000000,0
jps.artifact.entities.serializer.save.entities.ms,1788581852893000000,1788581912904000000,0
workspaceModel.moduleManagerBridge.new.nonPersistent.module.ms,1788581852893000000,1788581912904000000,0
jps.app.storage.content.writer.save.component.ms,1788581852893000000,1788581912904000000,4
workspaceModel.mutableEntityStorage.add.entity.ms,1788581852893000000,1788581912904000000,0
workspaceModel.moduleBridge.before.changed.ms,1788581852893000000,1788581912904000000,0
jps.global.handle.before.change.events.ms,1788581852893000000,1788581912904000000,0
workspaceModel.mutableEntityStorage.mutable.ext.mapping.ms,1788581852893000000,1788581912904000000,0
jps.save.changed.project.entities.ms,1788581852893000000,1788581912904000000,1
jps.module.iml.entities.serializer.save.entities.ms,1788581852893000000,1788581912904000000,0
workspaceModel.moduleManagerBridge.set.unloadedModules.ms,1788581852893000000,1788581912904000000,0
workspaceModel.mutableEntityStorage.changeLog.addReplaceEventForRemovedChild.ms,1788581852893000000,1788581912904000000,0
workspaceModel.mutableEntityStorage.changeLog.addReplaceEventForRemovedParent.ms,1788581852893000000,1788581912904000000,0
jps.global.get.library.by.name.ms,1788581852893000000,1788581912904000000,0
workspaceModel.global.apply.state.to.project.ms,1788581852893000000,1788581912904000000,0
workspaceModel.moduleManagerBridge.load.module.ms,1788581852893000000,1788581912904000000,0
workspaceModel.mutableEntityStorage.mutable.vfurl.index.ms,1788581852893000000,1788581912904000000,0
workspaceModel.mutableEntityStorage.entities.ms,1788581852893000000,1788581912904000000,0
jps.global.initialize.library.bridges.after.loading.ms,1788581852893000000,1788581912904000000,0
workspaceModel.mutableEntityStorage.apply.changes.from.ms,1788581852893000000,1788581912904000000,0
workspaceModel.load.cache.metadata.from.file.ms,1788581852893000000,1788581912904000000,0
jps.save.global.entities.ms,1788581852893000000,1788581912904000000,7
workspaceModel.global.updates.ms,1788581852893000000,1788581912904000000,0
workspaceModel.mutableEntityStorage.changeLog.addReplaceEventForNewParent.ms,1788581852893000000,1788581912904000000,0
workspaceModel.mutableEntityStorage.has.same.entities.ms,1788581852893000000,1788581912904000000,0
workspaceModel.mutableEntityStorage.put.entity.ms,1788581852893000000,1788581912904000000,0
jps.load.project.to.empty.storage.ms,1788581852893000000,1788581912904000000,0
jps.project.serializers.load.ms,1788581852893000000,1788581912904000000,0
jps.load.initial.state.ms,1788581852893000000,1788581912904000000,0
workspaceModel.mutableEntityStorage.replace.by.source.ms,1788581852893000000,1788581912904000000,0
workspaceModel.save.cache.to.file.ms,1788581852893000000,1788581912904000000,0
workspaceModel.moduleManagerBridge.newModule.ms,1788581852893000000,1788581912904000000,0
jps.apply.loaded.storage.ms,1788581852893000000,1788581912904000000,0
jps.modifiable.module.model.bridge.new.module.ms,1788581852893000000,1788581912904000000,0
workspaceModel.mutableEntityStorage.entities.by.source.ms,1788581852893000000,1788581912904000000,0
workspaceModel.load.cache.from.file.ms,1788581852893000000,1788581912904000000,0
workspaceModel.mutableEntityStorage.hasReferrers.ms,1788581852893000000,1788581912904000000,0
jps.module.dependency.index.workspace.model.listener.on.changed.ms,1788581852893000000,1788581912904000000,0
jps.global.initialize.library.bridges.ms,1788581852893000000,1788581912904000000,0
workspaceModel.mutableEntityStorage.instances.count,1788581852893000000,1788581912904000000,0
jps.library.entities.serializer.save.entities.ms,1788581852893000000,1788581912904000000,0
workspaceModel.do.save.caches.ms,1788581852893000000,1788581912904000000,0
workspaceModel.moduleManagerBridge.build.module.graph.ms,1788581852893000000,1788581912904000000,0
jps.global.get.libraries.ms,1788581852893000000,1788581912904000000,0
workspaceModel.moduleManagerBridge.get.modules.ms,1788581852893000000,1788581912904000000,0
workspaceModel.mutableEntityStorage.referrers.ms,1788581852893000000,1788581912904000000,0
jps.storage.jps.conf.reader.load.component.ms,1788581852893000000,1788581912904000000,0
jps.modifiable.module.model.bridge.load.module.ms,1788581852893000000,1788581912904000000,0
workspaceModel.orphan.listener.update.ms,1788581852893000000,1788581912904000000,0
jps.module.iml.entities.serializer.load.entities.ms,1788581852893000000,1788581912904000000,0
workspaceModel.mutableEntityStorage.to.snapshot.ms,1788581852893000000,1788581912904000000,0
jps.facet.change.listener.process.change.events.ms,1788581852893000000,1788581912904000000,0
workspaceModel.mutableEntityStorage.collect.changes.ms,1788581852893000000,1788581912904000000,0
workspaceModel.moduleManagerBridge.load.all.modules.ms,1788581852893000000,1788581912904000000,0
workspaceModel.mutableEntityStorage.modify.entity.ms,1788581852893000000,1788581912904000000,0
workspaceModel.mutableEntityStorage.resolve.ms,1788581852893000000,1788581912904000000,0
workspaceModel.global.updates.count,1788581852893000000,1788581912904000000,0
jps.artifact.entities.serializer.load.entities.ms,1788581852893000000,1788581912904000000,0
workspaceModel.mutableEntityStorage.remove.entity.ms,1788581852893000000,1788581912904000000,0
jps.project.serializers.save.ms,1788581852893000000,1788581912904000000,1
jps.facet.change.listener.before.change.events.ms,1788581852893000000,1788581912904000000,0
DiskQueryRelay.taskExecutionTotalTimeUs,1788581852893000000,1788581912904000000,8697
writeAction.max.wait.ms,1788581852893000000,1788581912904000000,70
writeAction.wait.ms,1788581852893000000,1788581912904000000,0
DiskQueryRelay.taskWaitingTotalTimeUs,1788581852893000000,1788581912904000000,10186
writeAction.count,1788581852893000000,1788581912904000000,0
LowMemory.gcLoad,1788581852893000000,1788581912904000000,0.008383042323174585
DiskQueryRelay.tasksExecuted,1788581852893000000,1788581912904000000,14
writeAction.median.wait.ms,1788581852893000000,1788581912904000000,100
DiskQueryRelay.tasksRequested,1788581852893000000,1788581912904000000,14
LowMemory.gcOverloaded,1788581852893000000,1788581912904000000,0
FileNameCache.queries,1788581852893000000,1788581912904000000,0
VFS.cache.directoriesCreated,1788581852893000000,1788581912904000000,0
VFS.cache.filesCreated,1788581852893000000,1788581912904000000,31
VFS.ContentWriter.totalTimeSpentOnAsyncOperationsUs,1788581852893000000,1788581912904000000,0
VFS.fileByIdCache.misses,1788581852893000000,1788581912904000000,2
VFS.contentStorage.recordsStoredCompressed,1788581852893000000,1788581912904000000,0
VFS.folderCaseSensitivityReads,1788581852893000000,1788581912904000000,0
VFS.contentStorage.recordsStored,1788581852893000000,1788581912904000000,0
VFS.contentStorage.recordsRead,1788581852893000000,1788581912904000000,0
VFS.contentStorage.recordsReadSize,1788581852893000000,1788581912904000000,0
VFS.invertedFileNameIndex.requests,1788581852893000000,1788581912904000000,0
VFS.cache.segmentsCreated,1788581852893000000,1788581912904000000,0
VFS.ContentWriter.totalTasksExecutedAsync,1788581852893000000,1788581912904000000,0
VFS.fileByIdCache.hits,1788581852893000000,1788581912904000000,0
VFS.contentStorage.recordsDeduplicated,1788581852893000000,1788581912904000000,0
VFS.cache.segments,1788581852893000000,1788581912904000000,240
VFS.contentStorage.recordsDecompressionTimeUs,1788581852893000000,1788581912904000000,0
VFS.ContentWriter.totalTimeSpentOnSyncOperationsUs,1788581852893000000,1788581912904000000,0
VFS.contentStorage.recordsUncompressedSize,1788581852893000000,1788581912904000000,0
VFS.fileChildByName,1788581852893000000,1788581912904000000,160
VFS.contentStorage.recordsReadDecompressed,1788581852893000000,1788581912904000000,0
VFS.ContentWriter.totalFlushes,1788581852893000000,1788581912904000000,0
VFS.rootsCount,1788581852893000000,1788581912904000000,298.0
VFS.ContentWriter.totalTasksExecutedSync,1788581852893000000,1788581912904000000,0
FileNameCache.totalMisses,1788581852893000000,1788581912904000000,0
VFS.contentStorage.recordsStoredSize,1788581852893000000,1788581912904000000,0
ReadAction.executionsCount,1788581852893000000,1788581912904000000,588
FlushQueue.queueSize90P,1788581852893000000,1788581912904000000,0
NonBlockingReadAction.failedExecutionsCount,1788581852893000000,1788581912904000000,4
FlushQueue.queueSizeAvg,1788581852893000000,1788581912904000000,0.0
AWTEventQueue.dispatchTime90PNs,1788581852893000000,1788581912904000000,0
WriteAction.executionsCount,1788581852893000000,1788581912904000000,0
NonBlockingReadAction.failedExecutionTimeUs,1788581852893000000,1788581912904000000,959
AWTEventQueue.dispatchTimeTotalNS,1788581852893000000,1788581912904000000,2339136929
FlushQueue.executionTimeMaxNs,1788581852893000000,1788581912904000000,0
FlushQueue.waitingTimeAvgNs,1788581852893000000,1788581912904000000,0.0
AWTEventQueue.dispatchTimeMaxNs,1788581852893000000,1788581912904000000,0
FlushQueue.waitingTimeMaxNs,1788581852893000000,1788581912904000000,0
FlushQueue.waitingTime90PNs,1788581852893000000,1788581912904000000,0
AWTEventQueue.dispatchTimeAvgNs,1788581852893000000,1788581912904000000,0.0
AWTEventQueue.eventsDispatched,1788581852893000000,1788581912904000000,0
NonBlockingReadAction.finalizedExecutionTimeUs,1788581852893000000,1788581912904000000,75272
NonBlockingReadAction.finalizedExecutionsCount,1788581852893000000,1788581912904000000,17
FlushQueue.executionTimeAvgNs,1788581852893000000,1788581912904000000,0.0
FlushQueue.tasksExecuted,1788581852893000000,1788581912904000000,0
FlushQueue.executionTime90PNs,1788581852893000000,1788581912904000000,0
FlushQueue.queueSizeMax,1788581852893000000,1788581912904000000,0
FilePageCache.pageFastCacheHits,1788581852893000000,1788581912904000000,180
FilePageCache.WAL.entriesFlushedOnClose,1788581852893000000,1788581912904000000,0
FilePageCache.WAL.entriesFlushedOnForce,1788581852893000000,1788581912904000000,0
MappedFileStorage.totalPagesMapped,1788581852893000000,1788581912904000000,17
FilePageCache.totalBytesStored,1788581852893000000,1788581912904000000,944
StreamlinedBlobStorage.totalLiveRecordsCapacityBytes,1788581852893000000,1788581912904000000,0
FilePageCache.WAL.bytesCopiedByApplyUnfinished,1788581852893000000,1788581912904000000,0
FilePageCache.maxCacheSizeInBytes,1788581852893000000,1788581912904000000,629153792
StorageLockContext.competingThreads.max,1788581852893000000,1788581912904000000,0
StreamlinedBlobStorage.recordsRelocated,1788581852893000000,1788581912904000000,0
FilePageCache.WAL.entriesFlushed,1788581852893000000,1788581912904000000,0
FilePageCache.disposedBuffers,1788581852893000000,1788581912904000000,4
MappedFileStorage.storages,1788581852893000000,1788581912904000000,17
FilePageCache.totalPageLoadsUs,1788581852893000000,1788581912904000000,8057
FilePageCache.pageLoadsAboveSizeThreshold,1788581852893000000,1788581912904000000,0
FileChannelInterruptsRetryer.totalRetriedAttempts,1788581852893000000,1788581912904000000,0
FilePageCache.WAL.bytesQueued,1788581852893000000,1788581912904000000,0
StreamlinedBlobStorage.recordsDeleted,1788581852893000000,1788581912904000000,0
FilePageCache.totalPageStoresUs,1788581852893000000,1788581912904000000,40826
FilePageCache.pageLoads,1788581852893000000,1788581912904000000,4
FilePageCache.WAL.entriesFlushedOnRead,1788581852893000000,1788581912904000000,0
FilePageCache.WAL.flushesForcedByOverflow,1788581852893000000,1788581912904000000,0
DirectByteBufferAllocator.totalSizeOfBuffersAllocatedInBytes,1788581852893000000,1788581912904000000,3153920
FilePageCache.WAL.entriesFlushedOnTruncate,1788581852893000000,1788581912904000000,0
StorageLockContext.competingThreads.avg,1788581852893000000,1788581912904000000,0.0
DirectByteBufferAllocator.totalSizeOfBuffersCachedInBytes,1788581852893000000,1788581912904000000,93470720
FilePageCache.capacityInBytes,1788581852893000000,1788581912904000000,629145600
FilePageCache.totalPageDisposalsUs,1788581852893000000,1788581912904000000,8
FilePageCache.maxRegisteredFiles,1788581852893000000,1788581912904000000,1796
FilePageCache.pageHits,1788581852893000000,1788581912904000000,0
StorageLockContext.competingThreads.90P,1788581852893000000,1788581912904000000,0
FilePageCache.uncachedFileAccess,1788581852893000000,1788581912904000000,63
StreamlinedBlobStorage.recordsAllocated,1788581852893000000,1788581912904000000,0
DirectByteBufferAllocator.disposed,1788581852893000000,1788581912904000000,4
DirectByteBufferAllocator.reclaimed,1788581852893000000,1788581912904000000,4
StreamlinedBlobStorage.totalLiveRecordsPayloadBytes,1788581852893000000,1788581912904000000,0
MappedFileStorage.totalTimeSpentOnMappingUs,1788581852893000000,1788581912904000000,72260
MappedFileStorage.totalBytesMapped,1788581852893000000,1788581912904000000,266600448
DirectByteBufferAllocator.hits,1788581852893000000,1788581912904000000,0
DirectByteBufferAllocator.misses,1788581852893000000,1788581912904000000,4
cacheStateStorage.get.counter,1788581852893000000,1788581912904000000,0
cacheStateStorage.set.duration,1788581852893000000,1788581912904000000,0
cacheStateStorage.set.counter,1788581852893000000,1788581912904000000,0
cacheStateStorage.get.duration,1788581852893000000,1788581912904000000,0
Indexing.writer_3.totalTimeSpentWritingMs,1788581852893000000,1788581912904000000,0
Indexing.totalTimeIndexersSleptMs,1788581852893000000,1788581912904000000,0
Indexes.allKeys.lookups,1788581852893000000,1788581912904000000,0
Indexing.writesQueuedMax,1788581852893000000,1788581912904000000,0
Indexes.entries.lookupDurationAvgMs,1788581852893000000,1788581912904000000,0.0
Indexing.writer_1.totalTimeSpentWritingMs,1788581852893000000,1788581912904000000,0
Indexes.allKeys.lookupDuration90PMs,1788581852893000000,1788581912904000000,0.0
Indexes.stubs.lookupDurationMaxMs,1788581852893000000,1788581912904000000,0.0
Indexes.entries.lookupDuration90PMs,1788581852893000000,1788581912904000000,0.0
Indexes.entries.lookupDurationMaxMs,1788581852893000000,1788581912904000000,0.0
Indexing.writer_2.totalTimeSpentWritingMs,1788581852893000000,1788581912904000000,0
Indexes.stubs.lookupDuration90PMs,1788581852893000000,1788581912904000000,0.0
Indexing.writesQueuedMin,1788581852893000000,1788581912904000000,9223372036854775807
Indexing.writer_0.totalTimeSpentWritingMs,1788581852893000000,1788581912904000000,0
Indexing.cache.totalCacheAccesses,1788581852893000000,1788581912904000000,28
Indexes.entries.lookups,1788581852893000000,1788581912904000000,0
Indexes.stubs.lookupDurationAvgMs,1788581852893000000,1788581912904000000,0.0
Indexes.allKeys.lookupDurationMaxMs,1788581852893000000,1788581912904000000,0.0
Indexes.stubs.lookups,1788581852893000000,1788581912904000000,14
Indexing.cache.totalCacheEvicted,1788581852893000000,1788581912904000000,10
Indexes.allKeys.lookupDurationAvgMs,1788581852893000000,1788581912904000000,0.0
Indexing.cache.totalCacheMisses,1788581852893000000,1788581912904000000,10
workspaceModel.check.recursive.update.ms,1788581852893000000,1788581912904000000,0
workspaceModel.cachedValueWithParameters.calculated.count,1788581852893000000,1788581912904000000,0
workspaceModel.loading.total.ms,1788581852893000000,1788581912904000000,0
workspaceModel.workspaceFileIndexData.visitFileSets.ms,1788581852893000000,1788581912904000000,0
workspaceModel.cachedValue.from.cache.count,1788581852893000000,1788581912904000000,4
workspaceModel.non.incremental.contributors.total.update.time.ms,1788581852893000000,1788581912904000000,0
workspaceModel.workspaceFileIndexData.markDirty.ms,1788581852893000000,1788581912904000000,0
workspaceModel.cachedValueWithParameters.clear.count,1788581852893000000,1788581912904000000,0
workspaceModel.cachedValue.total.get.count,1788581852893000000,1788581912904000000,4
workspaceModel.non.incremental.contributors.file.sets.computation.time.ms,1788581852893000000,1788581912904000000,0
workspaceModel.collect.changes.ms,1788581852893000000,1788581912904000000,0
workspaceModel.cachedValueWithParameters.total.get.count,1788581852893000000,1788581912904000000,0
workspaceModel.update.unloaded.entities.ms,1788581852893000000,1788581912904000000,0
workspaceModel.cachedValue.clear.count,1788581852893000000,1788581912904000000,0
workspaceModel.cachedValue.calculated.count,1788581852893000000,1788581912904000000,0
workspaceModel.loading.from.cache.ms,1788581852893000000,1788581912904000000,0
workspaceModel.updates.ms,1788581852893000000,1788581912904000000,0
workspaceModel.workspaceFileIndexData.getFileInfo.ms,1788581852893000000,1788581912904000000,1
workspaceModel.replace.project.model.ms,1788581852893000000,1788581912904000000,0
workspaceModel.updates.count,1788581852893000000,1788581912904000000,0
workspaceModel.on.changed.ms,1788581852893000000,1788581912904000000,0
workspaceModel.workspaceFileIndexData.getPackageName.ms,1788581852893000000,1788581912904000000,0
workspaceModel.workspaceFileIndexData.processFileSets.ms,1788581852893000000,1788581912904000000,0
workspaceModel.pre.handlers.ms,1788581852893000000,1788581912904000000,0
workspaceModel.to.snapshot.ms,1788581852893000000,1788581912904000000,0
workspaceModel.workspaceFileIndexData.getDirectoriesByPackageName.ms,1788581852893000000,1788581912904000000,0
workspaceModel.init.bridges.ms,1788581852893000000,1788581912904000000,0
workspaceModel.workspaceFileIndexData.init.ms,1788581852893000000,1788581912904000000,0
workspaceModel.entityStorageSnapshotImpl.instances.count,1788581852893000000,1788581912904000000,0
workspaceModel.updates.precise.ms,1788581852893000000,1788581912904000000,0
workspaceModel.initializing.ms,1788581852893000000,1788581912904000000,0
workspaceModel.cachedValueWithParameters.from.cache.count,1788581852893000000,1788581912904000000,0
workspaceModel.full.replace.project.model.ms,1788581852893000000,1788581912904000000,0
workspaceModel.workspaceFileIndexData.updateDirtyEntities.ms,1788581852893000000,1788581912904000000,0
workspaceModel.on.before.changed.ms,1788581852893000000,1788581912904000000,0
workspaceModel.workspaceFileIndexData.onEntitiesChanged.ms,1788581852893000000,1788581912904000000,0
workspaceModel.non.incremental.contributors.exclude.roots.computation.time.ms,1788581852893000000,1788581912904000000,0
workspaceModel.workspaceFileIndexContributor.registerFileSets.ms,1788581852893000000,1788581912904000000,0
workspaceModel.workspaceFileIndexData.instances.count,1788581852893000000,1788581912904000000,0
compiler.ArtifactVirtualFileListener.propertyChanged.ms,1788581852893000000,1788581912904000000,0
compiler.ArtifactVirtualFileListener.filePathChanged.ms,1788581852893000000,1788581912904000000,0
compiler.ArtifactManagerBridge.findArtifact.ms,1788581852893000000,1788581912904000000,0
compiler.ArtifactManagerBridge.getArtifacts.ms,1788581852893000000,1788581912904000000,0
compiler.ArtifactManagerBridge.dropMappings.ms,1788581852893000000,1788581912904000000,0
compiler.ArtifactManagerBridge.commit.ms,1788581852893000000,1788581912904000000,0
compiler.ArtifactManagerBridge.getArtifactsByType.ms,1788581852893000000,1788581912904000000,0
compiler.ArtifactManagerBridge.addArtifact.ms,1788581852893000000,1788581912904000000,0
compiler.ArtifactManagerBridge.initBridges.ms,1788581852893000000,1788581912904000000,0
JVM.GC.collectionTimesMs,1788581852893000000,1788581912904000000,750
MEM.ramMinusFileMappingsBytes,1788581852893000000,1788581912904000000,212434944
JVM.usedNativeBytes,1788581852893000000,1788581912904000000,657218440
JVM.totalCpuTimeMs,1788581852893000000,1788581912904000000,8437
JVM.maxThreadCount,1788581852893000000,1788581912904000000,172
JVM.threadCount,1788581852893000000,1788581912904000000,74
JVM.GC.collections,1788581852893000000,1788581912904000000,4
JVM.totalTimeToSafepointsMs,1788581852893000000,1788581912904000000,2
MEM.ramBytes,1788581852893000000,1788581912904000000,250052608
JVM.committedHeapBytes,1788581852893000000,1788581912904000000,1050673152
JVM.usedHeapBytes,1788581852893000000,1788581912904000000,629441536
JVM.totalDirectByteBuffersBytes,1788581852893000000,1788581912904000000,3414024
MEM.ramPlusSwapMinusFileMappingsBytes,1788581852893000000,1788581912904000000,2144664064
JVM.totalSafepointCount,1788581852893000000,1788581912904000000,4
JVM.totalBytesAllocated,1788581852893000000,1788581912904000000,66589840
OS.loadAverage,1788581852893000000,1788581912904000000,3.1083984375
MEM.fileMappingsRamBytes,1788581852893000000,1788581912904000000,37617664
JVM.newThreadsCount,1788581852893000000,1788581912904000000,5
JVM.maxHeapBytes,1788581852893000000,1788581912904000000,2147483648
JVM.totalTimeAtSafepointsMs,1788581852893000000,1788581912904000000,753
workspaceModel.mutableEntityStorage.changeLog.addReplaceEventForNewChild.ms,1788581912904000000,1788581972907000000,0
jps.facet.change.listener.init.bridge.ms,1788581912904000000,1788581972907000000,0
jps.global.get.library.ms,1788581912904000000,1788581972907000000,0
workspaceModel.moduleBridge.update.option.ms,1788581912904000000,1788581972907000000,0
workspaceModel.moduleBridgeLoader.loading.modules.ms,1788581912904000000,1788581972907000000,0
workspaceModel.global.apply.state.to.project.builder.ms,1788581912904000000,1788581972907000000,0
jps.library.entities.serializer.load.entities.ms,1788581912904000000,1788581972907000000,0
workspaceModel.moduleBridge.facet.initialization.ms,1788581912904000000,1788581972907000000,0
jps.global.handle.changed.events.ms,1788581912904000000,1788581972907000000,0
jps.modifiable.module.model.bridge.disposing.ms,1788581912904000000,1788581972907000000,0
workspaceModel.moduleManagerBridge.create.module.instance.ms,1788581912904000000,1788581972907000000,0
jps.reload.project.entities.ms,1788581912904000000,1788581972907000000,0
jps.app.storage.content.reader.load.component.ms,1788581912904000000,1788581972907000000,0
jps.modifiable.module.model.bridge.renaming.ms,1788581912904000000,1788581972907000000,0
workspaceModel.sync.entities.ms,1788581912904000000,1788581972907000000,0
jps.artifact.entities.serializer.save.entities.ms,1788581912904000000,1788581972907000000,0
workspaceModel.moduleManagerBridge.new.nonPersistent.module.ms,1788581912904000000,1788581972907000000,0
jps.app.storage.content.writer.save.component.ms,1788581912904000000,1788581972907000000,0
workspaceModel.mutableEntityStorage.add.entity.ms,1788581912904000000,1788581972907000000,0
workspaceModel.moduleBridge.before.changed.ms,1788581912904000000,1788581972907000000,0
jps.global.handle.before.change.events.ms,1788581912904000000,1788581972907000000,0
workspaceModel.mutableEntityStorage.mutable.ext.mapping.ms,1788581912904000000,1788581972907000000,0
jps.save.changed.project.entities.ms,1788581912904000000,1788581972907000000,0
jps.module.iml.entities.serializer.save.entities.ms,1788581912904000000,1788581972907000000,0
workspaceModel.moduleManagerBridge.set.unloadedModules.ms,1788581912904000000,1788581972907000000,0
workspaceModel.mutableEntityStorage.changeLog.addReplaceEventForRemovedChild.ms,1788581912904000000,1788581972907000000,0
workspaceModel.mutableEntityStorage.changeLog.addReplaceEventForRemovedParent.ms,1788581912904000000,1788581972907000000,0
jps.global.get.library.by.name.ms,1788581912904000000,1788581972907000000,0
workspaceModel.global.apply.state.to.project.ms,1788581912904000000,1788581972907000000,0
workspaceModel.moduleManagerBridge.load.module.ms,1788581912904000000,1788581972907000000,0
workspaceModel.mutableEntityStorage.mutable.vfurl.index.ms,1788581912904000000,1788581972907000000,0
workspaceModel.mutableEntityStorage.entities.ms,1788581912904000000,1788581972907000000,0
jps.global.initialize.library.bridges.after.loading.ms,1788581912904000000,1788581972907000000,0
workspaceModel.mutableEntityStorage.apply.changes.from.ms,1788581912904000000,1788581972907000000,0
workspaceModel.load.cache.metadata.from.file.ms,1788581912904000000,1788581972907000000,0
jps.save.global.entities.ms,1788581912904000000,1788581972907000000,0
workspaceModel.global.updates.ms,1788581912904000000,1788581972907000000,0
workspaceModel.mutableEntityStorage.changeLog.addReplaceEventForNewParent.ms,1788581912904000000,1788581972907000000,0
workspaceModel.mutableEntityStorage.has.same.entities.ms,1788581912904000000,1788581972907000000,0
workspaceModel.mutableEntityStorage.put.entity.ms,1788581912904000000,1788581972907000000,0
jps.load.project.to.empty.storage.ms,1788581912904000000,1788581972907000000,0
jps.project.serializers.load.ms,1788581912904000000,1788581972907000000,0
jps.load.initial.state.ms,1788581912904000000,1788581972907000000,0
workspaceModel.mutableEntityStorage.replace.by.source.ms,1788581912904000000,1788581972907000000,0
workspaceModel.save.cache.to.file.ms,1788581912904000000,1788581972907000000,0
workspaceModel.moduleManagerBridge.newModule.ms,1788581912904000000,1788581972907000000,0
jps.apply.loaded.storage.ms,1788581912904000000,1788581972907000000,0
jps.modifiable.module.model.bridge.new.module.ms,1788581912904000000,1788581972907000000,0
workspaceModel.mutableEntityStorage.entities.by.source.ms,1788581912904000000,1788581972907000000,0
workspaceModel.load.cache.from.file.ms,1788581912904000000,1788581972907000000,0
workspaceModel.mutableEntityStorage.hasReferrers.ms,1788581912904000000,1788581972907000000,0
jps.module.dependency.index.workspace.model.listener.on.changed.ms,1788581912904000000,1788581972907000000,0
jps.global.initialize.library.bridges.ms,1788581912904000000,1788581972907000000,0
workspaceModel.mutableEntityStorage.instances.count,1788581912904000000,1788581972907000000,0
jps.library.entities.serializer.save.entities.ms,1788581912904000000,1788581972907000000,0
workspaceModel.do.save.caches.ms,1788581912904000000,1788581972907000000,0
workspaceModel.moduleManagerBridge.build.module.graph.ms,1788581912904000000,1788581972907000000,0
jps.global.get.libraries.ms,1788581912904000000,1788581972907000000,0
workspaceModel.moduleManagerBridge.get.modules.ms,1788581912904000000,1788581972907000000,0
workspaceModel.mutableEntityStorage.referrers.ms,1788581912904000000,1788581972907000000,0
jps.storage.jps.conf.reader.load.component.ms,1788581912904000000,1788581972907000000,0
jps.modifiable.module.model.bridge.load.module.ms,1788581912904000000,1788581972907000000,0
workspaceModel.orphan.listener.update.ms,1788581912904000000,1788581972907000000,0
jps.module.iml.entities.serializer.load.entities.ms,1788581912904000000,1788581972907000000,0
workspaceModel.mutableEntityStorage.to.snapshot.ms,1788581912904000000,1788581972907000000,0
jps.facet.change.listener.process.change.events.ms,1788581912904000000,1788581972907000000,0
workspaceModel.mutableEntityStorage.collect.changes.ms,1788581912904000000,1788581972907000000,0
workspaceModel.moduleManagerBridge.load.all.modules.ms,1788581912904000000,1788581972907000000,0
workspaceModel.mutableEntityStorage.modify.entity.ms,1788581912904000000,1788581972907000000,0
workspaceModel.mutableEntityStorage.resolve.ms,1788581912904000000,1788581972907000000,0
workspaceModel.global.updates.count,1788581912904000000,1788581972907000000,0
jps.artifact.entities.serializer.load.entities.ms,1788581912904000000,1788581972907000000,0
workspaceModel.mutableEntityStorage.remove.entity.ms,1788581912904000000,1788581972907000000,0
jps.project.serializers.save.ms,1788581912904000000,1788581972907000000,0
jps.facet.change.listener.before.change.events.ms,1788581912904000000,1788581972907000000,0
DiskQueryRelay.taskExecutionTotalTimeUs,1788581912904000000,1788581972907000000,0
writeAction.max.wait.ms,1788581912904000000,1788581972907000000,70
writeAction.wait.ms,1788581912904000000,1788581972907000000,0
DiskQueryRelay.taskWaitingTotalTimeUs,1788581912904000000,1788581972907000000,0
writeAction.count,1788581912904000000,1788581972907000000,0
LowMemory.gcLoad,1788581912904000000,1788581972907000000,0.004303136724879136
DiskQueryRelay.tasksExecuted,1788581912904000000,1788581972907000000,0
writeAction.median.wait.ms,1788581912904000000,1788581972907000000,100
DiskQueryRelay.tasksRequested,1788581912904000000,1788581972907000000,0
LowMemory.gcOverloaded,1788581912904000000,1788581972907000000,0
FileNameCache.queries,1788581912904000000,1788581972907000000,3072
VFS.cache.directoriesCreated,1788581912904000000,1788581972907000000,0
VFS.cache.filesCreated,1788581912904000000,1788581972907000000,236
VFS.ContentWriter.totalTimeSpentOnAsyncOperationsUs,1788581912904000000,1788581972907000000,0
VFS.fileByIdCache.misses,1788581912904000000,1788581972907000000,0
VFS.contentStorage.recordsStoredCompressed,1788581912904000000,1788581972907000000,0
VFS.folderCaseSensitivityReads,1788581912904000000,1788581972907000000,0
VFS.contentStorage.recordsStored,1788581912904000000,1788581972907000000,0
VFS.contentStorage.recordsRead,1788581912904000000,1788581972907000000,0
VFS.contentStorage.recordsReadSize,1788581912904000000,1788581972907000000,0
VFS.invertedFileNameIndex.requests,1788581912904000000,1788581972907000000,0
VFS.cache.segmentsCreated,1788581912904000000,1788581972907000000,0
VFS.ContentWriter.totalTasksExecutedAsync,1788581912904000000,1788581972907000000,0
VFS.fileByIdCache.hits,1788581912904000000,1788581972907000000,0
VFS.contentStorage.recordsDeduplicated,1788581912904000000,1788581972907000000,0
VFS.cache.segments,1788581912904000000,1788581972907000000,240
VFS.contentStorage.recordsDecompressionTimeUs,1788581912904000000,1788581972907000000,0
VFS.ContentWriter.totalTimeSpentOnSyncOperationsUs,1788581912904000000,1788581972907000000,0
VFS.contentStorage.recordsUncompressedSize,1788581912904000000,1788581972907000000,0
VFS.fileChildByName,1788581912904000000,1788581972907000000,0
VFS.contentStorage.recordsReadDecompressed,1788581912904000000,1788581972907000000,0
VFS.ContentWriter.totalFlushes,1788581912904000000,1788581972907000000,0
VFS.rootsCount,1788581912904000000,1788581972907000000,298.0
VFS.ContentWriter.totalTasksExecutedSync,1788581912904000000,1788581972907000000,0
FileNameCache.totalMisses,1788581912904000000,1788581972907000000,0
VFS.contentStorage.recordsStoredSize,1788581912904000000,1788581972907000000,0
ReadAction.executionsCount,1788581912904000000,1788581972907000000,3
FlushQueue.queueSize90P,1788581912904000000,1788581972907000000,0
NonBlockingReadAction.failedExecutionsCount,1788581912904000000,1788581972907000000,0
FlushQueue.queueSizeAvg,1788581912904000000,1788581972907000000,0.0
AWTEventQueue.dispatchTime90PNs,1788581912904000000,1788581972907000000,0
WriteAction.executionsCount,1788581912904000000,1788581972907000000,0
NonBlockingReadAction.failedExecutionTimeUs,1788581912904000000,1788581972907000000,0
AWTEventQueue.dispatchTimeTotalNS,1788581912904000000,1788581972907000000,12768713
FlushQueue.executionTimeMaxNs,1788581912904000000,1788581972907000000,0
FlushQueue.waitingTimeAvgNs,1788581912904000000,1788581972907000000,0.0
AWTEventQueue.dispatchTimeMaxNs,1788581912904000000,1788581972907000000,0
FlushQueue.waitingTimeMaxNs,1788581912904000000,1788581972907000000,0
FlushQueue.waitingTime90PNs,1788581912904000000,1788581972907000000,0
AWTEventQueue.dispatchTimeAvgNs,1788581912904000000,1788581972907000000,0.0
AWTEventQueue.eventsDispatched,1788581912904000000,1788581972907000000,0
NonBlockingReadAction.finalizedExecutionTimeUs,1788581912904000000,1788581972907000000,0
NonBlockingReadAction.finalizedExecutionsCount,1788581912904000000,1788581972907000000,0
FlushQueue.executionTimeAvgNs,1788581912904000000,1788581972907000000,0.0
FlushQueue.tasksExecuted,1788581912904000000,1788581972907000000,0
FlushQueue.executionTime90PNs,1788581912904000000,1788581972907000000,0
FlushQueue.queueSizeMax,1788581912904000000,1788581972907000000,0
FilePageCache.pageFastCacheHits,1788581912904000000,1788581972907000000,180
FilePageCache.WAL.entriesFlushedOnClose,1788581912904000000,1788581972907000000,0
FilePageCache.WAL.entriesFlushedOnForce,1788581912904000000,1788581972907000000,0
MappedFileStorage.totalPagesMapped,1788581912904000000,1788581972907000000,17
FilePageCache.totalBytesStored,1788581912904000000,1788581972907000000,960
StreamlinedBlobStorage.totalLiveRecordsCapacityBytes,1788581912904000000,1788581972907000000,0
FilePageCache.WAL.bytesCopiedByApplyUnfinished,1788581912904000000,1788581972907000000,0
FilePageCache.maxCacheSizeInBytes,1788581912904000000,1788581972907000000,629153792
StorageLockContext.competingThreads.max,1788581912904000000,1788581972907000000,0
StreamlinedBlobStorage.recordsRelocated,1788581912904000000,1788581972907000000,0
FilePageCache.WAL.entriesFlushed,1788581912904000000,1788581972907000000,0
FilePageCache.disposedBuffers,1788581912904000000,1788581972907000000,0
MappedFileStorage.storages,1788581912904000000,1788581972907000000,17
FilePageCache.totalPageLoadsUs,1788581912904000000,1788581972907000000,0
FilePageCache.pageLoadsAboveSizeThreshold,1788581912904000000,1788581972907000000,0
FileChannelInterruptsRetryer.totalRetriedAttempts,1788581912904000000,1788581972907000000,0
FilePageCache.WAL.bytesQueued,1788581912904000000,1788581972907000000,0
StreamlinedBlobStorage.recordsDeleted,1788581912904000000,1788581972907000000,0
FilePageCache.totalPageStoresUs,1788581912904000000,1788581972907000000,42330
FilePageCache.pageLoads,1788581912904000000,1788581972907000000,0
FilePageCache.WAL.entriesFlushedOnRead,1788581912904000000,1788581972907000000,0
FilePageCache.WAL.flushesForcedByOverflow,1788581912904000000,1788581972907000000,0
DirectByteBufferAllocator.totalSizeOfBuffersAllocatedInBytes,1788581912904000000,1788581972907000000,3153920
FilePageCache.WAL.entriesFlushedOnTruncate,1788581912904000000,1788581972907000000,0
StorageLockContext.competingThreads.avg,1788581912904000000,1788581972907000000,0.0
DirectByteBufferAllocator.totalSizeOfBuffersCachedInBytes,1788581912904000000,1788581972907000000,93470720
FilePageCache.capacityInBytes,1788581912904000000,1788581972907000000,629145600
FilePageCache.totalPageDisposalsUs,1788581912904000000,1788581972907000000,0
FilePageCache.maxRegisteredFiles,1788581912904000000,1788581972907000000,1796
FilePageCache.pageHits,1788581912904000000,1788581972907000000,0
StorageLockContext.competingThreads.90P,1788581912904000000,1788581972907000000,0
FilePageCache.uncachedFileAccess,1788581912904000000,1788581972907000000,60
StreamlinedBlobStorage.recordsAllocated,1788581912904000000,1788581972907000000,0
DirectByteBufferAllocator.disposed,1788581912904000000,1788581972907000000,0
DirectByteBufferAllocator.reclaimed,1788581912904000000,1788581972907000000,0
StreamlinedBlobStorage.totalLiveRecordsPayloadBytes,1788581912904000000,1788581972907000000,0
MappedFileStorage.totalTimeSpentOnMappingUs,1788581912904000000,1788581972907000000,72260
MappedFileStorage.totalBytesMapped,1788581912904000000,1788581972907000000,266600448
DirectByteBufferAllocator.hits,1788581912904000000,1788581972907000000,0
DirectByteBufferAllocator.misses,1788581912904000000,1788581972907000000,0
cacheStateStorage.get.counter,1788581912904000000,1788581972907000000,0
cacheStateStorage.set.duration,1788581912904000000,1788581972907000000,0
cacheStateStorage.set.counter,1788581912904000000,1788581972907000000,0
cacheStateStorage.get.duration,1788581912904000000,1788581972907000000,0
Indexing.writer_3.totalTimeSpentWritingMs,1788581912904000000,1788581972907000000,0
Indexing.totalTimeIndexersSleptMs,1788581912904000000,1788581972907000000,0
Indexes.allKeys.lookups,1788581912904000000,1788581972907000000,0
Indexing.writesQueuedMax,1788581912904000000,1788581972907000000,0
Indexes.entries.lookupDurationAvgMs,1788581912904000000,1788581972907000000,0.0
Indexing.writer_1.totalTimeSpentWritingMs,1788581912904000000,1788581972907000000,0
Indexes.allKeys.lookupDuration90PMs,1788581912904000000,1788581972907000000,0.0
Indexes.stubs.lookupDurationMaxMs,1788581912904000000,1788581972907000000,0.0
Indexes.entries.lookupDuration90PMs,1788581912904000000,1788581972907000000,0.0
Indexes.entries.lookupDurationMaxMs,1788581912904000000,1788581972907000000,0.0
Indexing.writer_2.totalTimeSpentWritingMs,1788581912904000000,1788581972907000000,0
Indexes.stubs.lookupDuration90PMs,1788581912904000000,1788581972907000000,0.0
Indexing.writesQueuedMin,1788581912904000000,1788581972907000000,9223372036854775807
Indexing.writer_0.totalTimeSpentWritingMs,1788581912904000000,1788581972907000000,0
Indexing.cache.totalCacheAccesses,1788581912904000000,1788581972907000000,0
Indexes.entries.lookups,1788581912904000000,1788581972907000000,0
Indexes.stubs.lookupDurationAvgMs,1788581912904000000,1788581972907000000,0.0
Indexes.allKeys.lookupDurationMaxMs,1788581912904000000,1788581972907000000,0.0
Indexes.stubs.lookups,1788581912904000000,1788581972907000000,0
Indexing.cache.totalCacheEvicted,1788581912904000000,1788581972907000000,0
Indexes.allKeys.lookupDurationAvgMs,1788581912904000000,1788581972907000000,0.0
Indexing.cache.totalCacheMisses,1788581912904000000,1788581972907000000,0
workspaceModel.check.recursive.update.ms,1788581912904000000,1788581972907000000,0
workspaceModel.cachedValueWithParameters.calculated.count,1788581912904000000,1788581972907000000,0
workspaceModel.loading.total.ms,1788581912904000000,1788581972907000000,0
workspaceModel.workspaceFileIndexData.visitFileSets.ms,1788581912904000000,1788581972907000000,0
workspaceModel.cachedValue.from.cache.count,1788581912904000000,1788581972907000000,0
workspaceModel.non.incremental.contributors.total.update.time.ms,1788581912904000000,1788581972907000000,0
workspaceModel.workspaceFileIndexData.markDirty.ms,1788581912904000000,1788581972907000000,0
workspaceModel.cachedValueWithParameters.clear.count,1788581912904000000,1788581972907000000,0
workspaceModel.cachedValue.total.get.count,1788581912904000000,1788581972907000000,0
workspaceModel.non.incremental.contributors.file.sets.computation.time.ms,1788581912904000000,1788581972907000000,0
workspaceModel.collect.changes.ms,1788581912904000000,1788581972907000000,0
workspaceModel.cachedValueWithParameters.total.get.count,1788581912904000000,1788581972907000000,0
workspaceModel.update.unloaded.entities.ms,1788581912904000000,1788581972907000000,0
workspaceModel.cachedValue.clear.count,1788581912904000000,1788581972907000000,0
workspaceModel.cachedValue.calculated.count,1788581912904000000,1788581972907000000,0
workspaceModel.loading.from.cache.ms,1788581912904000000,1788581972907000000,0
workspaceModel.updates.ms,1788581912904000000,1788581972907000000,0
workspaceModel.workspaceFileIndexData.getFileInfo.ms,1788581912904000000,1788581972907000000,0
workspaceModel.replace.project.model.ms,1788581912904000000,1788581972907000000,0
workspaceModel.updates.count,1788581912904000000,1788581972907000000,0
workspaceModel.on.changed.ms,1788581912904000000,1788581972907000000,0
workspaceModel.workspaceFileIndexData.getPackageName.ms,1788581912904000000,1788581972907000000,0
workspaceModel.workspaceFileIndexData.processFileSets.ms,1788581912904000000,1788581972907000000,0
workspaceModel.pre.handlers.ms,1788581912904000000,1788581972907000000,0
workspaceModel.to.snapshot.ms,1788581912904000000,1788581972907000000,0
workspaceModel.workspaceFileIndexData.getDirectoriesByPackageName.ms,1788581912904000000,1788581972907000000,0
workspaceModel.init.bridges.ms,1788581912904000000,1788581972907000000,0
workspaceModel.workspaceFileIndexData.init.ms,1788581912904000000,1788581972907000000,0
workspaceModel.entityStorageSnapshotImpl.instances.count,1788581912904000000,1788581972907000000,0
workspaceModel.updates.precise.ms,1788581912904000000,1788581972907000000,0
workspaceModel.initializing.ms,1788581912904000000,1788581972907000000,0
workspaceModel.cachedValueWithParameters.from.cache.count,1788581912904000000,1788581972907000000,0
workspaceModel.full.replace.project.model.ms,1788581912904000000,1788581972907000000,0
workspaceModel.workspaceFileIndexData.updateDirtyEntities.ms,1788581912904000000,1788581972907000000,0
workspaceModel.on.before.changed.ms,1788581912904000000,1788581972907000000,0
workspaceModel.workspaceFileIndexData.onEntitiesChanged.ms,1788581912904000000,1788581972907000000,0
workspaceModel.non.incremental.contributors.exclude.roots.computation.time.ms,1788581912904000000,1788581972907000000,0
workspaceModel.workspaceFileIndexContributor.registerFileSets.ms,1788581912904000000,1788581972907000000,0
workspaceModel.workspaceFileIndexData.instances.count,1788581912904000000,1788581972907000000,0
compiler.ArtifactVirtualFileListener.propertyChanged.ms,1788581912904000000,1788581972907000000,0
compiler.ArtifactVirtualFileListener.filePathChanged.ms,1788581912904000000,1788581972907000000,0
compiler.ArtifactManagerBridge.findArtifact.ms,1788581912904000000,1788581972907000000,0
compiler.ArtifactManagerBridge.getArtifacts.ms,1788581912904000000,1788581972907000000,0
compiler.ArtifactManagerBridge.dropMappings.ms,1788581912904000000,1788581972907000000,0
compiler.ArtifactManagerBridge.commit.ms,1788581912904000000,1788581972907000000,0
compiler.ArtifactManagerBridge.getArtifactsByType.ms,1788581912904000000,1788581972907000000,0
compiler.ArtifactManagerBridge.addArtifact.ms,1788581912904000000,1788581972907000000,0
compiler.ArtifactManagerBridge.initBridges.ms,1788581912904000000,1788581972907000000,0
JVM.GC.collectionTimesMs,1788581912904000000,1788581972907000000,0
MEM.ramMinusFileMappingsBytes,1788581912904000000,1788581972907000000,227164160
JVM.usedNativeBytes,1788581912904000000,1788581972907000000,657469128
JVM.totalCpuTimeMs,1788581912904000000,1788581972907000000,1986
JVM.maxThreadCount,1788581912904000000,1788581972907000000,172
JVM.threadCount,1788581912904000000,1788581972907000000,67
JVM.GC.collections,1788581912904000000,1788581972907000000,0
JVM.totalTimeToSafepointsMs,1788581912904000000,1788581972907000000,0
MEM.ramBytes,1788581912904000000,1788581972907000000,264912896
JVM.committedHeapBytes,1788581912904000000,1788581972907000000,1050673152
JVM.usedHeapBytes,1788581912904000000,1788581972907000000,647267328
JVM.totalDirectByteBuffersBytes,1788581912904000000,1788581972907000000,3414024
MEM.ramPlusSwapMinusFileMappingsBytes,1788581912904000000,1788581972907000000,2143795712
JVM.totalSafepointCount,1788581912904000000,1788581972907000000,0
JVM.totalBytesAllocated,1788581912904000000,1788581972907000000,16260528
OS.loadAverage,1788581912904000000,1788581972907000000,10.412109375
MEM.fileMappingsRamBytes,1788581912904000000,1788581972907000000,37748736
JVM.newThreadsCount,1788581912904000000,1788581972907000000,0
JVM.maxHeapBytes,1788581912904000000,1788581972907000000,2147483648
JVM.totalTimeAtSafepointsMs,1788581912904000000,1788581972907000000,0
workspaceModel.mutableEntityStorage.changeLog.addReplaceEventForNewChild.ms,1788581972907000000,1788582032906000000,0
jps.facet.change.listener.init.bridge.ms,1788581972907000000,1788582032906000000,0
jps.global.get.library.ms,1788581972907000000,1788582032906000000,0
workspaceModel.moduleBridge.update.option.ms,1788581972907000000,1788582032906000000,0
workspaceModel.moduleBridgeLoader.loading.modules.ms,1788581972907000000,1788582032906000000,0
workspaceModel.global.apply.state.to.project.builder.ms,1788581972907000000,1788582032906000000,0
jps.library.entities.serializer.load.entities.ms,1788581972907000000,1788582032906000000,0
workspaceModel.moduleBridge.facet.initialization.ms,1788581972907000000,1788582032906000000,0
jps.global.handle.changed.events.ms,1788581972907000000,1788582032906000000,0
jps.modifiable.module.model.bridge.disposing.ms,1788581972907000000,1788582032906000000,0
workspaceModel.moduleManagerBridge.create.module.instance.ms,1788581972907000000,1788582032906000000,0
jps.reload.project.entities.ms,1788581972907000000,1788582032906000000,0
jps.app.storage.content.reader.load.component.ms,1788581972907000000,1788582032906000000,0
jps.modifiable.module.model.bridge.renaming.ms,1788581972907000000,1788582032906000000,0
workspaceModel.sync.entities.ms,1788581972907000000,1788582032906000000,0
jps.artifact.entities.serializer.save.entities.ms,1788581972907000000,1788582032906000000,0
workspaceModel.moduleManagerBridge.new.nonPersistent.module.ms,1788581972907000000,1788582032906000000,0
jps.app.storage.content.writer.save.component.ms,1788581972907000000,1788582032906000000,0
workspaceModel.mutableEntityStorage.add.entity.ms,1788581972907000000,1788582032906000000,0
workspaceModel.moduleBridge.before.changed.ms,1788581972907000000,1788582032906000000,0
jps.global.handle.before.change.events.ms,1788581972907000000,1788582032906000000,0
workspaceModel.mutableEntityStorage.mutable.ext.mapping.ms,1788581972907000000,1788582032906000000,0
jps.save.changed.project.entities.ms,1788581972907000000,1788582032906000000,0
jps.module.iml.entities.serializer.save.entities.ms,1788581972907000000,1788582032906000000,0
workspaceModel.moduleManagerBridge.set.unloadedModules.ms,1788581972907000000,1788582032906000000,0
workspaceModel.mutableEntityStorage.changeLog.addReplaceEventForRemovedChild.ms,1788581972907000000,1788582032906000000,0
workspaceModel.mutableEntityStorage.changeLog.addReplaceEventForRemovedParent.ms,1788581972907000000,1788582032906000000,0
jps.global.get.library.by.name.ms,1788581972907000000,1788582032906000000,0
workspaceModel.global.apply.state.to.project.ms,1788581972907000000,1788582032906000000,0
workspaceModel.moduleManagerBridge.load.module.ms,1788581972907000000,1788582032906000000,0
workspaceModel.mutableEntityStorage.mutable.vfurl.index.ms,1788581972907000000,1788582032906000000,0
workspaceModel.mutableEntityStorage.entities.ms,1788581972907000000,1788582032906000000,0
jps.global.initialize.library.bridges.after.loading.ms,1788581972907000000,1788582032906000000,0
workspaceModel.mutableEntityStorage.apply.changes.from.ms,1788581972907000000,1788582032906000000,0
workspaceModel.load.cache.metadata.from.file.ms,1788581972907000000,1788582032906000000,0
jps.save.global.entities.ms,1788581972907000000,1788582032906000000,0
workspaceModel.global.updates.ms,1788581972907000000,1788582032906000000,0
workspaceModel.mutableEntityStorage.changeLog.addReplaceEventForNewParent.ms,1788581972907000000,1788582032906000000,0
workspaceModel.mutableEntityStorage.has.same.entities.ms,1788581972907000000,1788582032906000000,0
workspaceModel.mutableEntityStorage.put.entity.ms,1788581972907000000,1788582032906000000,0
jps.load.project.to.empty.storage.ms,1788581972907000000,1788582032906000000,0
jps.project.serializers.load.ms,1788581972907000000,1788582032906000000,0
jps.load.initial.state.ms,1788581972907000000,1788582032906000000,0
workspaceModel.mutableEntityStorage.replace.by.source.ms,1788581972907000000,1788582032906000000,0
workspaceModel.save.cache.to.file.ms,1788581972907000000,1788582032906000000,0
workspaceModel.moduleManagerBridge.newModule.ms,1788581972907000000,1788582032906000000,0
jps.apply.loaded.storage.ms,1788581972907000000,1788582032906000000,0
jps.modifiable.module.model.bridge.new.module.ms,1788581972907000000,1788582032906000000,0
workspaceModel.mutableEntityStorage.entities.by.source.ms,1788581972907000000,1788582032906000000,0
workspaceModel.load.cache.from.file.ms,1788581972907000000,1788582032906000000,0
workspaceModel.mutableEntityStorage.hasReferrers.ms,1788581972907000000,1788582032906000000,0
jps.module.dependency.index.workspace.model.listener.on.changed.ms,1788581972907000000,1788582032906000000,0
jps.global.initialize.library.bridges.ms,1788581972907000000,1788582032906000000,0
workspaceModel.mutableEntityStorage.instances.count,1788581972907000000,1788582032906000000,0
jps.library.entities.serializer.save.entities.ms,1788581972907000000,1788582032906000000,0
workspaceModel.do.save.caches.ms,1788581972907000000,1788582032906000000,0
workspaceModel.moduleManagerBridge.build.module.graph.ms,1788581972907000000,1788582032906000000,0
jps.global.get.libraries.ms,1788581972907000000,1788582032906000000,0
workspaceModel.moduleManagerBridge.get.modules.ms,1788581972907000000,1788582032906000000,0
workspaceModel.mutableEntityStorage.referrers.ms,1788581972907000000,1788582032906000000,0
jps.storage.jps.conf.reader.load.component.ms,1788581972907000000,1788582032906000000,0
jps.modifiable.module.model.bridge.load.module.ms,1788581972907000000,1788582032906000000,0
workspaceModel.orphan.listener.update.ms,1788581972907000000,1788582032906000000,0
jps.module.iml.entities.serializer.load.entities.ms,1788581972907000000,1788582032906000000,0
workspaceModel.mutableEntityStorage.to.snapshot.ms,1788581972907000000,1788582032906000000,0
jps.facet.change.listener.process.change.events.ms,1788581972907000000,1788582032906000000,0
workspaceModel.mutableEntityStorage.collect.changes.ms,1788581972907000000,1788582032906000000,0
workspaceModel.moduleManagerBridge.load.all.modules.ms,1788581972907000000,1788582032906000000,0
workspaceModel.mutableEntityStorage.modify.entity.ms,1788581972907000000,1788582032906000000,0
workspaceModel.mutableEntityStorage.resolve.ms,1788581972907000000,1788582032906000000,0
workspaceModel.global.updates.count,1788581972907000000,1788582032906000000,0
jps.artifact.entities.serializer.load.entities.ms,1788581972907000000,1788582032906000000,0
workspaceModel.mutableEntityStorage.remove.entity.ms,1788581972907000000,1788582032906000000,0
jps.project.serializers.save.ms,1788581972907000000,1788582032906000000,0
jps.facet.change.listener.before.change.events.ms,1788581972907000000,1788582032906000000,0
DiskQueryRelay.taskExecutionTotalTimeUs,1788581972907000000,1788582032906000000,0
writeAction.max.wait.ms,1788581972907000000,1788582032906000000,70
writeAction.wait.ms,1788581972907000000,1788582032906000000,0
DiskQueryRelay.taskWaitingTotalTimeUs,1788581972907000000,1788582032906000000,0
writeAction.count,1788581972907000000,1788582032906000000,0
LowMemory.gcLoad,1788581972907000000,1788582032906000000,0.0022088377006844397
DiskQueryRelay.tasksExecuted,1788581972907000000,1788582032906000000,0
writeAction.median.wait.ms,1788581972907000000,1788582032906000000,100
DiskQueryRelay.tasksRequested,1788581972907000000,1788582032906000000,0
LowMemory.gcOverloaded,1788581972907000000,1788582032906000000,0
FileNameCache.queries,1788581972907000000,1788582032906000000,0
VFS.cache.directoriesCreated,1788581972907000000,1788582032906000000,0
VFS.cache.filesCreated,1788581972907000000,1788582032906000000,0
VFS.ContentWriter.totalTimeSpentOnAsyncOperationsUs,1788581972907000000,1788582032906000000,0
VFS.fileByIdCache.misses,1788581972907000000,1788582032906000000,0
VFS.contentStorage.recordsStoredCompressed,1788581972907000000,1788582032906000000,0
VFS.folderCaseSensitivityReads,1788581972907000000,1788582032906000000,0
VFS.contentStorage.recordsStored,1788581972907000000,1788582032906000000,0
VFS.contentStorage.recordsRead,1788581972907000000,1788582032906000000,0
VFS.contentStorage.recordsReadSize,1788581972907000000,1788582032906000000,0
VFS.invertedFileNameIndex.requests,1788581972907000000,1788582032906000000,0
VFS.cache.segmentsCreated,1788581972907000000,1788582032906000000,0
VFS.ContentWriter.totalTasksExecutedAsync,1788581972907000000,1788582032906000000,0
VFS.fileByIdCache.hits,1788581972907000000,1788582032906000000,0
VFS.contentStorage.recordsDeduplicated,1788581972907000000,1788582032906000000,0
VFS.cache.segments,1788581972907000000,1788582032906000000,240
VFS.contentStorage.recordsDecompressionTimeUs,1788581972907000000,1788582032906000000,0
VFS.ContentWriter.totalTimeSpentOnSyncOperationsUs,1788581972907000000,1788582032906000000,0
VFS.contentStorage.recordsUncompressedSize,1788581972907000000,1788582032906000000,0
VFS.fileChildByName,1788581972907000000,1788582032906000000,0
VFS.contentStorage.recordsReadDecompressed,1788581972907000000,1788582032906000000,0
VFS.ContentWriter.totalFlushes,1788581972907000000,1788582032906000000,0
VFS.rootsCount,1788581972907000000,1788582032906000000,298.0
VFS.ContentWriter.totalTasksExecutedSync,1788581972907000000,1788582032906000000,0
FileNameCache.totalMisses,1788581972907000000,1788582032906000000,0
VFS.contentStorage.recordsStoredSize,1788581972907000000,1788582032906000000,0
ReadAction.executionsCount,1788581972907000000,1788582032906000000,3
FlushQueue.queueSize90P,1788581972907000000,1788582032906000000,0
NonBlockingReadAction.failedExecutionsCount,1788581972907000000,1788582032906000000,0
FlushQueue.queueSizeAvg,1788581972907000000,1788582032906000000,0.0
AWTEventQueue.dispatchTime90PNs,1788581972907000000,1788582032906000000,0
WriteAction.executionsCount,1788581972907000000,1788582032906000000,0
NonBlockingReadAction.failedExecutionTimeUs,1788581972907000000,1788582032906000000,0
AWTEventQueue.dispatchTimeTotalNS,1788581972907000000,1788582032906000000,10803039
FlushQueue.executionTimeMaxNs,1788581972907000000,1788582032906000000,0
FlushQueue.waitingTimeAvgNs,1788581972907000000,1788582032906000000,0.0
AWTEventQueue.dispatchTimeMaxNs,1788581972907000000,1788582032906000000,0
FlushQueue.waitingTimeMaxNs,1788581972907000000,1788582032906000000,0
FlushQueue.waitingTime90PNs,1788581972907000000,1788582032906000000,0
AWTEventQueue.dispatchTimeAvgNs,1788581972907000000,1788582032906000000,0.0
AWTEventQueue.eventsDispatched,1788581972907000000,1788582032906000000,0
NonBlockingReadAction.finalizedExecutionTimeUs,1788581972907000000,1788582032906000000,0
NonBlockingReadAction.finalizedExecutionsCount,1788581972907000000,1788582032906000000,0
FlushQueue.executionTimeAvgNs,1788581972907000000,1788582032906000000,0.0
FlushQueue.tasksExecuted,1788581972907000000,1788582032906000000,0
FlushQueue.executionTime90PNs,1788581972907000000,1788582032906000000,0
FlushQueue.queueSizeMax,1788581972907000000,1788582032906000000,0
FilePageCache.pageFastCacheHits,1788581972907000000,1788582032906000000,180
FilePageCache.WAL.entriesFlushedOnClose,1788581972907000000,1788582032906000000,0
FilePageCache.WAL.entriesFlushedOnForce,1788581972907000000,1788582032906000000,0
MappedFileStorage.totalPagesMapped,1788581972907000000,1788582032906000000,17
FilePageCache.totalBytesStored,1788581972907000000,1788582032906000000,960
StreamlinedBlobStorage.totalLiveRecordsCapacityBytes,1788581972907000000,1788582032906000000,0
FilePageCache.WAL.bytesCopiedByApplyUnfinished,1788581972907000000,1788582032906000000,0
FilePageCache.maxCacheSizeInBytes,1788581972907000000,1788582032906000000,629153792
StorageLockContext.competingThreads.max,1788581972907000000,1788582032906000000,0
StreamlinedBlobStorage.recordsRelocated,1788581972907000000,1788582032906000000,0
FilePageCache.WAL.entriesFlushed,1788581972907000000,1788582032906000000,0
FilePageCache.disposedBuffers,1788581972907000000,1788582032906000000,0
MappedFileStorage.storages,1788581972907000000,1788582032906000000,17
FilePageCache.totalPageLoadsUs,1788581972907000000,1788582032906000000,0
FilePageCache.pageLoadsAboveSizeThreshold,1788581972907000000,1788582032906000000,0
FileChannelInterruptsRetryer.totalRetriedAttempts,1788581972907000000,1788582032906000000,0
FilePageCache.WAL.bytesQueued,1788581972907000000,1788582032906000000,0
StreamlinedBlobStorage.recordsDeleted,1788581972907000000,1788582032906000000,0
FilePageCache.totalPageStoresUs,1788581972907000000,1788582032906000000,41842
FilePageCache.pageLoads,1788581972907000000,1788582032906000000,0
FilePageCache.WAL.entriesFlushedOnRead,1788581972907000000,1788582032906000000,0
FilePageCache.WAL.flushesForcedByOverflow,1788581972907000000,1788582032906000000,0
DirectByteBufferAllocator.totalSizeOfBuffersAllocatedInBytes,1788581972907000000,1788582032906000000,3153920
FilePageCache.WAL.entriesFlushedOnTruncate,1788581972907000000,1788582032906000000,0
StorageLockContext.competingThreads.avg,1788581972907000000,1788582032906000000,0.0
DirectByteBufferAllocator.totalSizeOfBuffersCachedInBytes,1788581972907000000,1788582032906000000,93470720
FilePageCache.capacityInBytes,1788581972907000000,1788582032906000000,629145600
FilePageCache.totalPageDisposalsUs,1788581972907000000,1788582032906000000,0
FilePageCache.maxRegisteredFiles,1788581972907000000,1788582032906000000,1796
FilePageCache.pageHits,1788581972907000000,1788582032906000000,0
StorageLockContext.competingThreads.90P,1788581972907000000,1788582032906000000,0
FilePageCache.uncachedFileAccess,1788581972907000000,1788582032906000000,60
StreamlinedBlobStorage.recordsAllocated,1788581972907000000,1788582032906000000,0
DirectByteBufferAllocator.disposed,1788581972907000000,1788582032906000000,0
DirectByteBufferAllocator.reclaimed,1788581972907000000,1788582032906000000,0
StreamlinedBlobStorage.totalLiveRecordsPayloadBytes,1788581972907000000,1788582032906000000,0
MappedFileStorage.totalTimeSpentOnMappingUs,1788581972907000000,1788582032906000000,72260
MappedFileStorage.totalBytesMapped,1788581972907000000,1788582032906000000,266600448
DirectByteBufferAllocator.hits,1788581972907000000,1788582032906000000,0
DirectByteBufferAllocator.misses,1788581972907000000,1788582032906000000,0
cacheStateStorage.get.counter,1788581972907000000,1788582032906000000,0
cacheStateStorage.set.duration,1788581972907000000,1788582032906000000,0
cacheStateStorage.set.counter,1788581972907000000,1788582032906000000,0
cacheStateStorage.get.duration,1788581972907000000,1788582032906000000,0
Indexing.writer_3.totalTimeSpentWritingMs,1788581972907000000,1788582032906000000,0
Indexing.totalTimeIndexersSleptMs,1788581972907000000,1788582032906000000,0
Indexes.allKeys.lookups,1788581972907000000,1788582032906000000,0
Indexing.writesQueuedMax,1788581972907000000,1788582032906000000,0
Indexes.entries.lookupDurationAvgMs,1788581972907000000,1788582032906000000,0.0
Indexing.writer_1.totalTimeSpentWritingMs,1788581972907000000,1788582032906000000,0
Indexes.allKeys.lookupDuration90PMs,1788581972907000000,1788582032906000000,0.0
Indexes.stubs.lookupDurationMaxMs,1788581972907000000,1788582032906000000,0.0
Indexes.entries.lookupDuration90PMs,1788581972907000000,1788582032906000000,0.0
Indexes.entries.lookupDurationMaxMs,1788581972907000000,1788582032906000000,0.0
Indexing.writer_2.totalTimeSpentWritingMs,1788581972907000000,1788582032906000000,0
Indexes.stubs.lookupDuration90PMs,1788581972907000000,1788582032906000000,0.0
Indexing.writesQueuedMin,1788581972907000000,1788582032906000000,9223372036854775807
Indexing.writer_0.totalTimeSpentWritingMs,1788581972907000000,1788582032906000000,0
Indexing.cache.totalCacheAccesses,1788581972907000000,1788582032906000000,0
Indexes.entries.lookups,1788581972907000000,1788582032906000000,0
Indexes.stubs.lookupDurationAvgMs,1788581972907000000,1788582032906000000,0.0
Indexes.allKeys.lookupDurationMaxMs,1788581972907000000,1788582032906000000,0.0
Indexes.stubs.lookups,1788581972907000000,1788582032906000000,0
Indexing.cache.totalCacheEvicted,1788581972907000000,1788582032906000000,0
Indexes.allKeys.lookupDurationAvgMs,1788581972907000000,1788582032906000000,0.0
Indexing.cache.totalCacheMisses,1788581972907000000,1788582032906000000,0
workspaceModel.check.recursive.update.ms,1788581972907000000,1788582032906000000,0
workspaceModel.cachedValueWithParameters.calculated.count,1788581972907000000,1788582032906000000,0
workspaceModel.loading.total.ms,1788581972907000000,1788582032906000000,0
workspaceModel.workspaceFileIndexData.visitFileSets.ms,1788581972907000000,1788582032906000000,0
workspaceModel.cachedValue.from.cache.count,1788581972907000000,1788582032906000000,0
workspaceModel.non.incremental.contributors.total.update.time.ms,1788581972907000000,1788582032906000000,0
workspaceModel.workspaceFileIndexData.markDirty.ms,1788581972907000000,1788582032906000000,0
workspaceModel.cachedValueWithParameters.clear.count,1788581972907000000,1788582032906000000,0
workspaceModel.cachedValue.total.get.count,1788581972907000000,1788582032906000000,0
workspaceModel.non.incremental.contributors.file.sets.computation.time.ms,1788581972907000000,1788582032906000000,0
workspaceModel.collect.changes.ms,1788581972907000000,1788582032906000000,0
workspaceModel.cachedValueWithParameters.total.get.count,1788581972907000000,1788582032906000000,0
workspaceModel.update.unloaded.entities.ms,1788581972907000000,1788582032906000000,0
workspaceModel.cachedValue.clear.count,1788581972907000000,1788582032906000000,0
workspaceModel.cachedValue.calculated.count,1788581972907000000,1788582032906000000,0
workspaceModel.loading.from.cache.ms,1788581972907000000,1788582032906000000,0
workspaceModel.updates.ms,1788581972907000000,1788582032906000000,0
workspaceModel.workspaceFileIndexData.getFileInfo.ms,1788581972907000000,1788582032906000000,0
workspaceModel.replace.project.model.ms,1788581972907000000,1788582032906000000,0
workspaceModel.updates.count,1788581972907000000,1788582032906000000,0
workspaceModel.on.changed.ms,1788581972907000000,1788582032906000000,0
workspaceModel.workspaceFileIndexData.getPackageName.ms,1788581972907000000,1788582032906000000,0
workspaceModel.workspaceFileIndexData.processFileSets.ms,1788581972907000000,1788582032906000000,0
workspaceModel.pre.handlers.ms,1788581972907000000,1788582032906000000,0
workspaceModel.to.snapshot.ms,1788581972907000000,1788582032906000000,0
workspaceModel.workspaceFileIndexData.getDirectoriesByPackageName.ms,1788581972907000000,1788582032906000000,0
workspaceModel.init.bridges.ms,1788581972907000000,1788582032906000000,0
workspaceModel.workspaceFileIndexData.init.ms,1788581972907000000,1788582032906000000,0
workspaceModel.entityStorageSnapshotImpl.instances.count,1788581972907000000,1788582032906000000,0
workspaceModel.updates.precise.ms,1788581972907000000,1788582032906000000,0
workspaceModel.initializing.ms,1788581972907000000,1788582032906000000,0
workspaceModel.cachedValueWithParameters.from.cache.count,1788581972907000000,1788582032906000000,0
workspaceModel.full.replace.project.model.ms,1788581972907000000,1788582032906000000,0
workspaceModel.workspaceFileIndexData.updateDirtyEntities.ms,1788581972907000000,1788582032906000000,0
workspaceModel.on.before.changed.ms,1788581972907000000,1788582032906000000,0
workspaceModel.workspaceFileIndexData.onEntitiesChanged.ms,1788581972907000000,1788582032906000000,0
workspaceModel.non.incremental.contributors.exclude.roots.computation.time.ms,1788581972907000000,1788582032906000000,0
workspaceModel.workspaceFileIndexContributor.registerFileSets.ms,1788581972907000000,1788582032906000000,0
workspaceModel.workspaceFileIndexData.instances.count,1788581972907000000,1788582032906000000,0
compiler.ArtifactVirtualFileListener.propertyChanged.ms,1788581972907000000,1788582032906000000,0
compiler.ArtifactVirtualFileListener.filePathChanged.ms,1788581972907000000,1788582032906000000,0
compiler.ArtifactManagerBridge.findArtifact.ms,1788581972907000000,1788582032906000000,0
compiler.ArtifactManagerBridge.getArtifacts.ms,1788581972907000000,1788582032906000000,0
compiler.ArtifactManagerBridge.dropMappings.ms,1788581972907000000,1788582032906000000,0
compiler.ArtifactManagerBridge.commit.ms,1788581972907000000,1788582032906000000,0
compiler.ArtifactManagerBridge.getArtifactsByType.ms,1788581972907000000,1788582032906000000,0
compiler.ArtifactManagerBridge.addArtifact.ms,1788581972907000000,1788582032906000000,0
compiler.ArtifactManagerBridge.initBridges.ms,1788581972907000000,1788582032906000000,0
JVM.GC.collectionTimesMs,1788581972907000000,1788582032906000000,0
MEM.ramMinusFileMappingsBytes,1788581972907000000,1788582032906000000,226000896
JVM.usedNativeBytes,1788581972907000000,1788582032906000000,657692648
JVM.totalCpuTimeMs,1788581972907000000,1788582032906000000,1571
JVM.maxThreadCount,1788581972907000000,1788582032906000000,172
JVM.threadCount,1788581972907000000,1788582032906000000,67
JVM.GC.collections,1788581972907000000,1788582032906000000,0
JVM.totalTimeToSafepointsMs,1788581972907000000,1788582032906000000,0
MEM.ramBytes,1788581972907000000,1788582032906000000,263733248
JVM.committedHeapBytes,1788581972907000000,1788582032906000000,1050673152
JVM.usedHeapBytes,1788581972907000000,1788582032906000000,661947392
JVM.totalDirectByteBuffersBytes,1788581972907000000,1788582032906000000,3414024
MEM.ramPlusSwapMinusFileMappingsBytes,1788581972907000000,1788582032906000000,2143762944
JVM.totalSafepointCount,1788581972907000000,1788582032906000000,0
JVM.totalBytesAllocated,1788581972907000000,1788582032906000000,14741280
OS.loadAverage,1788581972907000000,1788582032906000000,4.8603515625
MEM.fileMappingsRamBytes,1788581972907000000,1788582032906000000,37732352
JVM.newThreadsCount,1788581972907000000,1788582032906000000,0
JVM.maxHeapBytes,1788581972907000000,1788582032906000000,2147483648
JVM.totalTimeAtSafepointsMs,1788581972907000000,1788582032906000000,0
workspaceModel.mutableEntityStorage.changeLog.addReplaceEventForNewChild.ms,1788582032906000000,1788582092900000000,0
jps.facet.change.listener.init.bridge.ms,1788582032906000000,1788582092900000000,0
jps.global.get.library.ms,1788582032906000000,1788582092900000000,0
workspaceModel.moduleBridge.update.option.ms,1788582032906000000,1788582092900000000,0
workspaceModel.moduleBridgeLoader.loading.modules.ms,1788582032906000000,1788582092900000000,0
workspaceModel.global.apply.state.to.project.builder.ms,1788582032906000000,1788582092900000000,0
jps.library.entities.serializer.load.entities.ms,1788582032906000000,1788582092900000000,0
workspaceModel.moduleBridge.facet.initialization.ms,1788582032906000000,1788582092900000000,0
jps.global.handle.changed.events.ms,1788582032906000000,1788582092900000000,0
jps.modifiable.module.model.bridge.disposing.ms,1788582032906000000,1788582092900000000,0
workspaceModel.moduleManagerBridge.create.module.instance.ms,1788582032906000000,1788582092900000000,0
jps.reload.project.entities.ms,1788582032906000000,1788582092900000000,0
jps.app.storage.content.reader.load.component.ms,1788582032906000000,1788582092900000000,0
jps.modifiable.module.model.bridge.renaming.ms,1788582032906000000,1788582092900000000,0
workspaceModel.sync.entities.ms,1788582032906000000,1788582092900000000,0
jps.artifact.entities.serializer.save.entities.ms,1788582032906000000,1788582092900000000,0
workspaceModel.moduleManagerBridge.new.nonPersistent.module.ms,1788582032906000000,1788582092900000000,0
jps.app.storage.content.writer.save.component.ms,1788582032906000000,1788582092900000000,0
workspaceModel.mutableEntityStorage.add.entity.ms,1788582032906000000,1788582092900000000,0
workspaceModel.moduleBridge.before.changed.ms,1788582032906000000,1788582092900000000,0
jps.global.handle.before.change.events.ms,1788582032906000000,1788582092900000000,0
workspaceModel.mutableEntityStorage.mutable.ext.mapping.ms,1788582032906000000,1788582092900000000,0
jps.save.changed.project.entities.ms,1788582032906000000,1788582092900000000,0
jps.module.iml.entities.serializer.save.entities.ms,1788582032906000000,1788582092900000000,0
workspaceModel.moduleManagerBridge.set.unloadedModules.ms,1788582032906000000,1788582092900000000,0
workspaceModel.mutableEntityStorage.changeLog.addReplaceEventForRemovedChild.ms,1788582032906000000,1788582092900000000,0
workspaceModel.mutableEntityStorage.changeLog.addReplaceEventForRemovedParent.ms,1788582032906000000,1788582092900000000,0
jps.global.get.library.by.name.ms,1788582032906000000,1788582092900000000,0
workspaceModel.global.apply.state.to.project.ms,1788582032906000000,1788582092900000000,0
workspaceModel.moduleManagerBridge.load.module.ms,1788582032906000000,1788582092900000000,0
workspaceModel.mutableEntityStorage.mutable.vfurl.index.ms,1788582032906000000,1788582092900000000,0
workspaceModel.mutableEntityStorage.entities.ms,1788582032906000000,1788582092900000000,0
jps.global.initialize.library.bridges.after.loading.ms,1788582032906000000,1788582092900000000,0
workspaceModel.mutableEntityStorage.apply.changes.from.ms,1788582032906000000,1788582092900000000,0
workspaceModel.load.cache.metadata.from.file.ms,1788582032906000000,1788582092900000000,0
jps.save.global.entities.ms,1788582032906000000,1788582092900000000,0
workspaceModel.global.updates.ms,1788582032906000000,1788582092900000000,0
workspaceModel.mutableEntityStorage.changeLog.addReplaceEventForNewParent.ms,1788582032906000000,1788582092900000000,0
workspaceModel.mutableEntityStorage.has.same.entities.ms,1788582032906000000,1788582092900000000,0
workspaceModel.mutableEntityStorage.put.entity.ms,1788582032906000000,1788582092900000000,0
jps.load.project.to.empty.storage.ms,1788582032906000000,1788582092900000000,0
jps.project.serializers.load.ms,1788582032906000000,1788582092900000000,0
jps.load.initial.state.ms,1788582032906000000,1788582092900000000,0
workspaceModel.mutableEntityStorage.replace.by.source.ms,1788582032906000000,1788582092900000000,0
workspaceModel.save.cache.to.file.ms,1788582032906000000,1788582092900000000,0
workspaceModel.moduleManagerBridge.newModule.ms,1788582032906000000,1788582092900000000,0
jps.apply.loaded.storage.ms,1788582032906000000,1788582092900000000,0
jps.modifiable.module.model.bridge.new.module.ms,1788582032906000000,1788582092900000000,0
workspaceModel.mutableEntityStorage.entities.by.source.ms,1788582032906000000,1788582092900000000,0
workspaceModel.load.cache.from.file.ms,1788582032906000000,1788582092900000000,0
workspaceModel.mutableEntityStorage.hasReferrers.ms,1788582032906000000,1788582092900000000,0
jps.module.dependency.index.workspace.model.listener.on.changed.ms,1788582032906000000,1788582092900000000,0
jps.global.initialize.library.bridges.ms,1788582032906000000,1788582092900000000,0
workspaceModel.mutableEntityStorage.instances.count,1788582032906000000,1788582092900000000,0
jps.library.entities.serializer.save.entities.ms,1788582032906000000,1788582092900000000,0
workspaceModel.do.save.caches.ms,1788582032906000000,1788582092900000000,0
workspaceModel.moduleManagerBridge.build.module.graph.ms,1788582032906000000,1788582092900000000,0
jps.global.get.libraries.ms,1788582032906000000,1788582092900000000,0
workspaceModel.moduleManagerBridge.get.modules.ms,1788582032906000000,1788582092900000000,0
workspaceModel.mutableEntityStorage.referrers.ms,1788582032906000000,1788582092900000000,0
jps.storage.jps.conf.reader.load.component.ms,1788582032906000000,1788582092900000000,0
jps.modifiable.module.model.bridge.load.module.ms,1788582032906000000,1788582092900000000,0
workspaceModel.orphan.listener.update.ms,1788582032906000000,1788582092900000000,0
jps.module.iml.entities.serializer.load.entities.ms,1788582032906000000,1788582092900000000,0
workspaceModel.mutableEntityStorage.to.snapshot.ms,1788582032906000000,1788582092900000000,0
jps.facet.change.listener.process.change.events.ms,1788582032906000000,1788582092900000000,0
workspaceModel.mutableEntityStorage.collect.changes.ms,1788582032906000000,1788582092900000000,0
workspaceModel.moduleManagerBridge.load.all.modules.ms,1788582032906000000,1788582092900000000,0
workspaceModel.mutableEntityStorage.modify.entity.ms,1788582032906000000,1788582092900000000,0
workspaceModel.mutableEntityStorage.resolve.ms,1788582032906000000,1788582092900000000,0
workspaceModel.global.updates.count,1788582032906000000,1788582092900000000,0
jps.artifact.entities.serializer.load.entities.ms,1788582032906000000,1788582092900000000,0
workspaceModel.mutableEntityStorage.remove.entity.ms,1788582032906000000,1788582092900000000,0
jps.project.serializers.save.ms,1788582032906000000,1788582092900000000,0
jps.facet.change.listener.before.change.events.ms,1788582032906000000,1788582092900000000,0
DiskQueryRelay.taskExecutionTotalTimeUs,1788582032906000000,1788582092900000000,0
writeAction.max.wait.ms,1788582032906000000,1788582092900000000,70
writeAction.wait.ms,1788582032906000000,1788582092900000000,0
DiskQueryRelay.taskWaitingTotalTimeUs,1788582032906000000,1788582092900000000,0
writeAction.count,1788582032906000000,1788582092900000000,0
LowMemory.gcLoad,1788582032906000000,1788582092900000000,0.0011338534968222426
DiskQueryRelay.tasksExecuted,1788582032906000000,1788582092900000000,0
writeAction.median.wait.ms,1788582032906000000,1788582092900000000,100
DiskQueryRelay.tasksRequested,1788582032906000000,1788582092900000000,0
LowMemory.gcOverloaded,1788582032906000000,1788582092900000000,0
FileNameCache.queries,1788582032906000000,1788582092900000000,0
VFS.cache.directoriesCreated,1788582032906000000,1788582092900000000,0
VFS.cache.filesCreated,1788582032906000000,1788582092900000000,0
VFS.ContentWriter.totalTimeSpentOnAsyncOperationsUs,1788582032906000000,1788582092900000000,0
VFS.fileByIdCache.misses,1788582032906000000,1788582092900000000,0
VFS.contentStorage.recordsStoredCompressed,1788582032906000000,1788582092900000000,0
VFS.folderCaseSensitivityReads,1788582032906000000,1788582092900000000,0
VFS.contentStorage.recordsStored,1788582032906000000,1788582092900000000,0
VFS.contentStorage.recordsRead,1788582032906000000,1788582092900000000,0
VFS.contentStorage.recordsReadSize,1788582032906000000,1788582092900000000,0
VFS.invertedFileNameIndex.requests,1788582032906000000,1788582092900000000,0
VFS.cache.segmentsCreated,1788582032906000000,1788582092900000000,0
VFS.ContentWriter.totalTasksExecutedAsync,1788582032906000000,1788582092900000000,0
VFS.fileByIdCache.hits,1788582032906000000,1788582092900000000,0
VFS.contentStorage.recordsDeduplicated,1788582032906000000,1788582092900000000,0
VFS.cache.segments,1788582032906000000,1788582092900000000,240
VFS.contentStorage.recordsDecompressionTimeUs,1788582032906000000,1788582092900000000,0
VFS.ContentWriter.totalTimeSpentOnSyncOperationsUs,1788582032906000000,1788582092900000000,0
VFS.contentStorage.recordsUncompressedSize,1788582032906000000,1788582092900000000,0
VFS.fileChildByName,1788582032906000000,1788582092900000000,0
VFS.contentStorage.recordsReadDecompressed,1788582032906000000,1788582092900000000,0
VFS.ContentWriter.totalFlushes,1788582032906000000,1788582092900000000,0
VFS.rootsCount,1788582032906000000,1788582092900000000,298.0
VFS.ContentWriter.totalTasksExecutedSync,1788582032906000000,1788582092900000000,0
FileNameCache.totalMisses,1788582032906000000,1788582092900000000,0
VFS.contentStorage.recordsStoredSize,1788582032906000000,1788582092900000000,0
ReadAction.executionsCount,1788582032906000000,1788582092900000000,3
FlushQueue.queueSize90P,1788582032906000000,1788582092900000000,0
NonBlockingReadAction.failedExecutionsCount,1788582032906000000,1788582092900000000,0
FlushQueue.queueSizeAvg,1788582032906000000,1788582092900000000,0.0
AWTEventQueue.dispatchTime90PNs,1788582032906000000,1788582092900000000,0
WriteAction.executionsCount,1788582032906000000,1788582092900000000,0
NonBlockingReadAction.failedExecutionTimeUs,1788582032906000000,1788582092900000000,0
AWTEventQueue.dispatchTimeTotalNS,1788582032906000000,1788582092900000000,15525749
FlushQueue.executionTimeMaxNs,1788582032906000000,1788582092900000000,0
FlushQueue.waitingTimeAvgNs,1788582032906000000,1788582092900000000,0.0
AWTEventQueue.dispatchTimeMaxNs,1788582032906000000,1788582092900000000,0
FlushQueue.waitingTimeMaxNs,1788582032906000000,1788582092900000000,0
FlushQueue.waitingTime90PNs,1788582032906000000,1788582092900000000,0
AWTEventQueue.dispatchTimeAvgNs,1788582032906000000,1788582092900000000,0.0
AWTEventQueue.eventsDispatched,1788582032906000000,1788582092900000000,0
NonBlockingReadAction.finalizedExecutionTimeUs,1788582032906000000,1788582092900000000,0
NonBlockingReadAction.finalizedExecutionsCount,1788582032906000000,1788582092900000000,0
FlushQueue.executionTimeAvgNs,1788582032906000000,1788582092900000000,0.0
FlushQueue.tasksExecuted,1788582032906000000,1788582092900000000,0
FlushQueue.executionTime90PNs,1788582032906000000,1788582092900000000,0
FlushQueue.queueSizeMax,1788582032906000000,1788582092900000000,0
FilePageCache.pageFastCacheHits,1788582032906000000,1788582092900000000,177
FilePageCache.WAL.entriesFlushedOnClose,1788582032906000000,1788582092900000000,0
FilePageCache.WAL.entriesFlushedOnForce,1788582032906000000,1788582092900000000,0
MappedFileStorage.totalPagesMapped,1788582032906000000,1788582092900000000,17
FilePageCache.totalBytesStored,1788582032906000000,1788582092900000000,944
StreamlinedBlobStorage.totalLiveRecordsCapacityBytes,1788582032906000000,1788582092900000000,0
FilePageCache.WAL.bytesCopiedByApplyUnfinished,1788582032906000000,1788582092900000000,0
FilePageCache.maxCacheSizeInBytes,1788582032906000000,1788582092900000000,629153792
StorageLockContext.competingThreads.max,1788582032906000000,1788582092900000000,0
StreamlinedBlobStorage.recordsRelocated,1788582032906000000,1788582092900000000,0
FilePageCache.WAL.entriesFlushed,1788582032906000000,1788582092900000000,0
FilePageCache.disposedBuffers,1788582032906000000,1788582092900000000,0
MappedFileStorage.storages,1788582032906000000,1788582092900000000,17
FilePageCache.totalPageLoadsUs,1788582032906000000,1788582092900000000,0
FilePageCache.pageLoadsAboveSizeThreshold,1788582032906000000,1788582092900000000,0
FileChannelInterruptsRetryer.totalRetriedAttempts,1788582032906000000,1788582092900000000,0
FilePageCache.WAL.bytesQueued,1788582032906000000,1788582092900000000,0
StreamlinedBlobStorage.recordsDeleted,1788582032906000000,1788582092900000000,0
FilePageCache.totalPageStoresUs,1788582032906000000,1788582092900000000,58456
FilePageCache.pageLoads,1788582032906000000,1788582092900000000,0
FilePageCache.WAL.entriesFlushedOnRead,1788582032906000000,1788582092900000000,0
FilePageCache.WAL.flushesForcedByOverflow,1788582032906000000,1788582092900000000,0
DirectByteBufferAllocator.totalSizeOfBuffersAllocatedInBytes,1788582032906000000,1788582092900000000,3153920
FilePageCache.WAL.entriesFlushedOnTruncate,1788582032906000000,1788582092900000000,0
StorageLockContext.competingThreads.avg,1788582032906000000,1788582092900000000,0.0
DirectByteBufferAllocator.totalSizeOfBuffersCachedInBytes,1788582032906000000,1788582092900000000,93470720
FilePageCache.capacityInBytes,1788582032906000000,1788582092900000000,629145600
FilePageCache.totalPageDisposalsUs,1788582032906000000,1788582092900000000,0
FilePageCache.maxRegisteredFiles,1788582032906000000,1788582092900000000,1796
FilePageCache.pageHits,1788582032906000000,1788582092900000000,0
StorageLockContext.competingThreads.90P,1788582032906000000,1788582092900000000,0
FilePageCache.uncachedFileAccess,1788582032906000000,1788582092900000000,59
StreamlinedBlobStorage.recordsAllocated,1788582032906000000,1788582092900000000,0
DirectByteBufferAllocator.disposed,1788582032906000000,1788582092900000000,0
DirectByteBufferAllocator.reclaimed,1788582032906000000,1788582092900000000,0
StreamlinedBlobStorage.totalLiveRecordsPayloadBytes,1788582032906000000,1788582092900000000,0
MappedFileStorage.totalTimeSpentOnMappingUs,1788582032906000000,1788582092900000000,72260
MappedFileStorage.totalBytesMapped,1788582032906000000,1788582092900000000,266600448
DirectByteBufferAllocator.hits,1788582032906000000,1788582092900000000,0
DirectByteBufferAllocator.misses,1788582032906000000,1788582092900000000,0
cacheStateStorage.get.counter,1788582032906000000,1788582092900000000,0
cacheStateStorage.set.duration,1788582032906000000,1788582092900000000,0
cacheStateStorage.set.counter,1788582032906000000,1788582092900000000,0
cacheStateStorage.get.duration,1788582032906000000,1788582092900000000,0
Indexing.writer_3.totalTimeSpentWritingMs,1788582032906000000,1788582092900000000,0
Indexing.totalTimeIndexersSleptMs,1788582032906000000,1788582092900000000,0
Indexes.allKeys.lookups,1788582032906000000,1788582092900000000,0
Indexing.writesQueuedMax,1788582032906000000,1788582092900000000,0
Indexes.entries.lookupDurationAvgMs,1788582032906000000,1788582092900000000,0.0
Indexing.writer_1.totalTimeSpentWritingMs,1788582032906000000,1788582092900000000,0
Indexes.allKeys.lookupDuration90PMs,1788582032906000000,1788582092900000000,0.0
Indexes.stubs.lookupDurationMaxMs,1788582032906000000,1788582092900000000,0.0
Indexes.entries.lookupDuration90PMs,1788582032906000000,1788582092900000000,0.0
Indexes.entries.lookupDurationMaxMs,1788582032906000000,1788582092900000000,0.0
Indexing.writer_2.totalTimeSpentWritingMs,1788582032906000000,1788582092900000000,0
Indexes.stubs.lookupDuration90PMs,1788582032906000000,1788582092900000000,0.0
Indexing.writesQueuedMin,1788582032906000000,1788582092900000000,9223372036854775807
Indexing.writer_0.totalTimeSpentWritingMs,1788582032906000000,1788582092900000000,0
Indexing.cache.totalCacheAccesses,1788582032906000000,1788582092900000000,0
Indexes.entries.lookups,1788582032906000000,1788582092900000000,0
Indexes.stubs.lookupDurationAvgMs,1788582032906000000,1788582092900000000,0.0
Indexes.allKeys.lookupDurationMaxMs,1788582032906000000,1788582092900000000,0.0
Indexes.stubs.lookups,1788582032906000000,1788582092900000000,0
Indexing.cache.totalCacheEvicted,1788582032906000000,1788582092900000000,0
Indexes.allKeys.lookupDurationAvgMs,1788582032906000000,1788582092900000000,0.0
Indexing.cache.totalCacheMisses,1788582032906000000,1788582092900000000,0
workspaceModel.check.recursive.update.ms,1788582032906000000,1788582092900000000,0
workspaceModel.cachedValueWithParameters.calculated.count,1788582032906000000,1788582092900000000,0
workspaceModel.loading.total.ms,1788582032906000000,1788582092900000000,0
workspaceModel.workspaceFileIndexData.visitFileSets.ms,1788582032906000000,1788582092900000000,0
workspaceModel.cachedValue.from.cache.count,1788582032906000000,1788582092900000000,0
workspaceModel.non.incremental.contributors.total.update.time.ms,1788582032906000000,1788582092900000000,0
workspaceModel.workspaceFileIndexData.markDirty.ms,1788582032906000000,1788582092900000000,0
workspaceModel.cachedValueWithParameters.clear.count,1788582032906000000,1788582092900000000,0
workspaceModel.cachedValue.total.get.count,1788582032906000000,1788582092900000000,0
workspaceModel.non.incremental.contributors.file.sets.computation.time.ms,1788582032906000000,1788582092900000000,0
workspaceModel.collect.changes.ms,1788582032906000000,1788582092900000000,0
workspaceModel.cachedValueWithParameters.total.get.count,1788582032906000000,1788582092900000000,0
workspaceModel.update.unloaded.entities.ms,1788582032906000000,1788582092900000000,0
workspaceModel.cachedValue.clear.count,1788582032906000000,1788582092900000000,0
workspaceModel.cachedValue.calculated.count,1788582032906000000,1788582092900000000,0
workspaceModel.loading.from.cache.ms,1788582032906000000,1788582092900000000,0
workspaceModel.updates.ms,1788582032906000000,1788582092900000000,0
workspaceModel.workspaceFileIndexData.getFileInfo.ms,1788582032906000000,1788582092900000000,0
workspaceModel.replace.project.model.ms,1788582032906000000,1788582092900000000,0
workspaceModel.updates.count,1788582032906000000,1788582092900000000,0
workspaceModel.on.changed.ms,1788582032906000000,1788582092900000000,0
workspaceModel.workspaceFileIndexData.getPackageName.ms,1788582032906000000,1788582092900000000,0
workspaceModel.workspaceFileIndexData.processFileSets.ms,1788582032906000000,1788582092900000000,0
workspaceModel.pre.handlers.ms,1788582032906000000,1788582092900000000,0
workspaceModel.to.snapshot.ms,1788582032906000000,1788582092900000000,0
workspaceModel.workspaceFileIndexData.getDirectoriesByPackageName.ms,1788582032906000000,1788582092900000000,0
workspaceModel.init.bridges.ms,1788582032906000000,1788582092900000000,0
workspaceModel.workspaceFileIndexData.init.ms,1788582032906000000,1788582092900000000,0
workspaceModel.entityStorageSnapshotImpl.instances.count,1788582032906000000,1788582092900000000,0
workspaceModel.updates.precise.ms,1788582032906000000,1788582092900000000,0
workspaceModel.initializing.ms,1788582032906000000,1788582092900000000,0
workspaceModel.cachedValueWithParameters.from.cache.count,1788582032906000000,1788582092900000000,0
workspaceModel.full.replace.project.model.ms,1788582032906000000,1788582092900000000,0
workspaceModel.workspaceFileIndexData.updateDirtyEntities.ms,1788582032906000000,1788582092900000000,0
workspaceModel.on.before.changed.ms,1788582032906000000,1788582092900000000,0
workspaceModel.workspaceFileIndexData.onEntitiesChanged.ms,1788582032906000000,1788582092900000000,0
workspaceModel.non.incremental.contributors.exclude.roots.computation.time.ms,1788582032906000000,1788582092900000000,0
workspaceModel.workspaceFileIndexContributor.registerFileSets.ms,1788582032906000000,1788582092900000000,0
workspaceModel.workspaceFileIndexData.instances.count,1788582032906000000,1788582092900000000,0
compiler.ArtifactVirtualFileListener.propertyChanged.ms,1788582032906000000,1788582092900000000,0
compiler.ArtifactVirtualFileListener.filePathChanged.ms,1788582032906000000,1788582092900000000,0
compiler.ArtifactManagerBridge.findArtifact.ms,1788582032906000000,1788582092900000000,0
compiler.ArtifactManagerBridge.getArtifacts.ms,1788582032906000000,1788582092900000000,0
compiler.ArtifactManagerBridge.dropMappings.ms,1788582032906000000,1788582092900000000,0
compiler.ArtifactManagerBridge.commit.ms,1788582032906000000,1788582092900000000,0
compiler.ArtifactManagerBridge.getArtifactsByType.ms,1788582032906000000,1788582092900000000,0
compiler.ArtifactManagerBridge.addArtifact.ms,1788582032906000000,1788582092900000000,0
compiler.ArtifactManagerBridge.initBridges.ms,1788582032906000000,1788582092900000000,0
JVM.GC.collectionTimesMs,1788582032906000000,1788582092900000000,0
MEM.ramMinusFileMappingsBytes,1788582032906000000,1788582092900000000,280805376
JVM.usedNativeBytes,1788582032906000000,1788582092900000000,657854136
JVM.totalCpuTimeMs,1788582032906000000,1788582092900000000,1739
JVM.maxThreadCount,1788582032906000000,1788582092900000000,172
JVM.threadCount,1788582032906000000,1788582092900000000,67
JVM.GC.collections,1788582032906000000,1788582092900000000,0
JVM.totalTimeToSafepointsMs,1788582032906000000,1788582092900000000,0
MEM.ramBytes,1788582032906000000,1788582092900000000,314097664
JVM.committedHeapBytes,1788582032906000000,1788582092900000000,1050673152
JVM.usedHeapBytes,1788582032906000000,1788582092900000000,677676032
JVM.totalDirectByteBuffersBytes,1788582032906000000,1788582092900000000,3414024
MEM.ramPlusSwapMinusFileMappingsBytes,1788582032906000000,1788582092900000000,2143795712
JVM.totalSafepointCount,1788582032906000000,1788582092900000000,0
JVM.totalBytesAllocated,1788582032906000000,1788582092900000000,15237152
OS.loadAverage,1788582032906000000,1788582092900000000,2.6025390625
MEM.fileMappingsRamBytes,1788582032906000000,1788582092900000000,33292288
JVM.newThreadsCount,1788582032906000000,1788582092900000000,0
JVM.maxHeapBytes,1788582032906000000,1788582092900000000,2147483648
JVM.totalTimeAtSafepointsMs,1788582032906000000,1788582092900000000,0
workspaceModel.mutableEntityStorage.changeLog.addReplaceEventForNewChild.ms,1788582092900000000,1788582152897000000,0
jps.facet.change.listener.init.bridge.ms,1788582092900000000,1788582152897000000,0
jps.global.get.library.ms,1788582092900000000,1788582152897000000,0
workspaceModel.moduleBridge.update.option.ms,1788582092900000000,1788582152897000000,0
workspaceModel.moduleBridgeLoader.loading.modules.ms,1788582092900000000,1788582152897000000,0
workspaceModel.global.apply.state.to.project.builder.ms,1788582092900000000,1788582152897000000,0
jps.library.entities.serializer.load.entities.ms,1788582092900000000,1788582152897000000,0
workspaceModel.moduleBridge.facet.initialization.ms,1788582092900000000,1788582152897000000,0
jps.global.handle.changed.events.ms,1788582092900000000,1788582152897000000,0
jps.modifiable.module.model.bridge.disposing.ms,1788582092900000000,1788582152897000000,0
workspaceModel.moduleManagerBridge.create.module.instance.ms,1788582092900000000,1788582152897000000,0
jps.reload.project.entities.ms,1788582092900000000,1788582152897000000,0
jps.app.storage.content.reader.load.component.ms,1788582092900000000,1788582152897000000,0
jps.modifiable.module.model.bridge.renaming.ms,1788582092900000000,1788582152897000000,0
workspaceModel.sync.entities.ms,1788582092900000000,1788582152897000000,0
jps.artifact.entities.serializer.save.entities.ms,1788582092900000000,1788582152897000000,0
workspaceModel.moduleManagerBridge.new.nonPersistent.module.ms,1788582092900000000,1788582152897000000,0
jps.app.storage.content.writer.save.component.ms,1788582092900000000,1788582152897000000,0
workspaceModel.mutableEntityStorage.add.entity.ms,1788582092900000000,1788582152897000000,0
workspaceModel.moduleBridge.before.changed.ms,1788582092900000000,1788582152897000000,0
jps.global.handle.before.change.events.ms,1788582092900000000,1788582152897000000,0
workspaceModel.mutableEntityStorage.mutable.ext.mapping.ms,1788582092900000000,1788582152897000000,0
jps.save.changed.project.entities.ms,1788582092900000000,1788582152897000000,0
jps.module.iml.entities.serializer.save.entities.ms,1788582092900000000,1788582152897000000,0
workspaceModel.moduleManagerBridge.set.unloadedModules.ms,1788582092900000000,1788582152897000000,0
workspaceModel.mutableEntityStorage.changeLog.addReplaceEventForRemovedChild.ms,1788582092900000000,1788582152897000000,0
workspaceModel.mutableEntityStorage.changeLog.addReplaceEventForRemovedParent.ms,1788582092900000000,1788582152897000000,0
jps.global.get.library.by.name.ms,1788582092900000000,1788582152897000000,0
workspaceModel.global.apply.state.to.project.ms,1788582092900000000,1788582152897000000,0
workspaceModel.moduleManagerBridge.load.module.ms,1788582092900000000,1788582152897000000,0
workspaceModel.mutableEntityStorage.mutable.vfurl.index.ms,1788582092900000000,1788582152897000000,0
workspaceModel.mutableEntityStorage.entities.ms,1788582092900000000,1788582152897000000,0
jps.global.initialize.library.bridges.after.loading.ms,1788582092900000000,1788582152897000000,0
workspaceModel.mutableEntityStorage.apply.changes.from.ms,1788582092900000000,1788582152897000000,0
workspaceModel.load.cache.metadata.from.file.ms,1788582092900000000,1788582152897000000,0
jps.save.global.entities.ms,1788582092900000000,1788582152897000000,0
workspaceModel.global.updates.ms,1788582092900000000,1788582152897000000,0
workspaceModel.mutableEntityStorage.changeLog.addReplaceEventForNewParent.ms,1788582092900000000,1788582152897000000,0
workspaceModel.mutableEntityStorage.has.same.entities.ms,1788582092900000000,1788582152897000000,0
workspaceModel.mutableEntityStorage.put.entity.ms,1788582092900000000,1788582152897000000,0
jps.load.project.to.empty.storage.ms,1788582092900000000,1788582152897000000,0
jps.project.serializers.load.ms,1788582092900000000,1788582152897000000,0
jps.load.initial.state.ms,1788582092900000000,1788582152897000000,0
workspaceModel.mutableEntityStorage.replace.by.source.ms,1788582092900000000,1788582152897000000,0
workspaceModel.save.cache.to.file.ms,1788582092900000000,1788582152897000000,0
workspaceModel.moduleManagerBridge.newModule.ms,1788582092900000000,1788582152897000000,0
jps.apply.loaded.storage.ms,1788582092900000000,1788582152897000000,0
jps.modifiable.module.model.bridge.new.module.ms,1788582092900000000,1788582152897000000,0
workspaceModel.mutableEntityStorage.entities.by.source.ms,1788582092900000000,1788582152897000000,0
workspaceModel.load.cache.from.file.ms,1788582092900000000,1788582152897000000,0
workspaceModel.mutableEntityStorage.hasReferrers.ms,1788582092900000000,1788582152897000000,0
jps.module.dependency.index.workspace.model.listener.on.changed.ms,1788582092900000000,1788582152897000000,0
jps.global.initialize.library.bridges.ms,1788582092900000000,1788582152897000000,0
workspaceModel.mutableEntityStorage.instances.count,1788582092900000000,1788582152897000000,0
jps.library.entities.serializer.save.entities.ms,1788582092900000000,1788582152897000000,0
workspaceModel.do.save.caches.ms,1788582092900000000,1788582152897000000,0
workspaceModel.moduleManagerBridge.build.module.graph.ms,1788582092900000000,1788582152897000000,0
jps.global.get.libraries.ms,1788582092900000000,1788582152897000000,0
workspaceModel.moduleManagerBridge.get.modules.ms,1788582092900000000,1788582152897000000,0
workspaceModel.mutableEntityStorage.referrers.ms,1788582092900000000,1788582152897000000,0
jps.storage.jps.conf.reader.load.component.ms,1788582092900000000,1788582152897000000,0
jps.modifiable.module.model.bridge.load.module.ms,1788582092900000000,1788582152897000000,0
workspaceModel.orphan.listener.update.ms,1788582092900000000,1788582152897000000,0
jps.module.iml.entities.serializer.load.entities.ms,1788582092900000000,1788582152897000000,0
workspaceModel.mutableEntityStorage.to.snapshot.ms,1788582092900000000,1788582152897000000,0
jps.facet.change.listener.process.change.events.ms,1788582092900000000,1788582152897000000,0
workspaceModel.mutableEntityStorage.collect.changes.ms,1788582092900000000,1788582152897000000,0
workspaceModel.moduleManagerBridge.load.all.modules.ms,1788582092900000000,1788582152897000000,0
workspaceModel.mutableEntityStorage.modify.entity.ms,1788582092900000000,1788582152897000000,0
workspaceModel.mutableEntityStorage.resolve.ms,1788582092900000000,1788582152897000000,0
workspaceModel.global.updates.count,1788582092900000000,1788582152897000000,0
jps.artifact.entities.serializer.load.entities.ms,1788582092900000000,1788582152897000000,0
workspaceModel.mutableEntityStorage.remove.entity.ms,1788582092900000000,1788582152897000000,0
jps.project.serializers.save.ms,1788582092900000000,1788582152897000000,0
jps.facet.change.listener.before.change.events.ms,1788582092900000000,1788582152897000000,0
DiskQueryRelay.taskExecutionTotalTimeUs,1788582092900000000,1788582152897000000,0
writeAction.max.wait.ms,1788582092900000000,1788582152897000000,70
writeAction.wait.ms,1788582092900000000,1788582152897000000,0
DiskQueryRelay.taskWaitingTotalTimeUs,1788582092900000000,1788582152897000000,0
writeAction.count,1788582092900000000,1788582152897000000,0
LowMemory.gcLoad,1788582092900000000,1788582152897000000,5.820492477069759E-4
DiskQueryRelay.tasksExecuted,1788582092900000000,1788582152897000000,0
writeAction.median.wait.ms,1788582092900000000,1788582152897000000,100
DiskQueryRelay.tasksRequested,1788582092900000000,1788582152897000000,0
LowMemory.gcOverloaded,1788582092900000000,1788582152897000000,0
FileNameCache.queries,1788582092900000000,1788582152897000000,0
VFS.cache.directoriesCreated,1788582092900000000,1788582152897000000,0
VFS.cache.filesCreated,1788582092900000000,1788582152897000000,0
VFS.ContentWriter.totalTimeSpentOnAsyncOperationsUs,1788582092900000000,1788582152897000000,0
VFS.fileByIdCache.misses,1788582092900000000,1788582152897000000,0
VFS.contentStorage.recordsStoredCompressed,1788582092900000000,1788582152897000000,0
VFS.folderCaseSensitivityReads,1788582092900000000,1788582152897000000,0
VFS.contentStorage.recordsStored,1788582092900000000,1788582152897000000,0
VFS.contentStorage.recordsRead,1788582092900000000,1788582152897000000,0
VFS.contentStorage.recordsReadSize,1788582092900000000,1788582152897000000,0
VFS.invertedFileNameIndex.requests,1788582092900000000,1788582152897000000,0
VFS.cache.segmentsCreated,1788582092900000000,1788582152897000000,0
VFS.ContentWriter.totalTasksExecutedAsync,1788582092900000000,1788582152897000000,0
VFS.fileByIdCache.hits,1788582092900000000,1788582152897000000,0
VFS.contentStorage.recordsDeduplicated,1788582092900000000,1788582152897000000,0
VFS.cache.segments,1788582092900000000,1788582152897000000,240
VFS.contentStorage.recordsDecompressionTimeUs,1788582092900000000,1788582152897000000,0
VFS.ContentWriter.totalTimeSpentOnSyncOperationsUs,1788582092900000000,1788582152897000000,0
VFS.contentStorage.recordsUncompressedSize,1788582092900000000,1788582152897000000,0
VFS.fileChildByName,1788582092900000000,1788582152897000000,0
VFS.contentStorage.recordsReadDecompressed,1788582092900000000,1788582152897000000,0
VFS.ContentWriter.totalFlushes,1788582092900000000,1788582152897000000,0
VFS.rootsCount,1788582092900000000,1788582152897000000,298.0
VFS.ContentWriter.totalTasksExecutedSync,1788582092900000000,1788582152897000000,0
FileNameCache.totalMisses,1788582092900000000,1788582152897000000,0
VFS.contentStorage.recordsStoredSize,1788582092900000000,1788582152897000000,0
ReadAction.executionsCount,1788582092900000000,1788582152897000000,3
FlushQueue.queueSize90P,1788582092900000000,1788582152897000000,0
NonBlockingReadAction.failedExecutionsCount,1788582092900000000,1788582152897000000,0
FlushQueue.queueSizeAvg,1788582092900000000,1788582152897000000,0.0
AWTEventQueue.dispatchTime90PNs,1788582092900000000,1788582152897000000,0
WriteAction.executionsCount,1788582092900000000,1788582152897000000,0
NonBlockingReadAction.failedExecutionTimeUs,1788582092900000000,1788582152897000000,0
AWTEventQueue.dispatchTimeTotalNS,1788582092900000000,1788582152897000000,10507457
FlushQueue.executionTimeMaxNs,1788582092900000000,1788582152897000000,0
FlushQueue.waitingTimeAvgNs,1788582092900000000,1788582152897000000,0.0
AWTEventQueue.dispatchTimeMaxNs,1788582092900000000,1788582152897000000,0
FlushQueue.waitingTimeMaxNs,1788582092900000000,1788582152897000000,0
FlushQueue.waitingTime90PNs,1788582092900000000,1788582152897000000,0
AWTEventQueue.dispatchTimeAvgNs,1788582092900000000,1788582152897000000,0.0
AWTEventQueue.eventsDispatched,1788582092900000000,1788582152897000000,0
NonBlockingReadAction.finalizedExecutionTimeUs,1788582092900000000,1788582152897000000,0
NonBlockingReadAction.finalizedExecutionsCount,1788582092900000000,1788582152897000000,0
FlushQueue.executionTimeAvgNs,1788582092900000000,1788582152897000000,0.0
FlushQueue.tasksExecuted,1788582092900000000,1788582152897000000,0
FlushQueue.executionTime90PNs,1788582092900000000,1788582152897000000,0
FlushQueue.queueSizeMax,1788582092900000000,1788582152897000000,0
FilePageCache.pageFastCacheHits,1788582092900000000,1788582152897000000,180
FilePageCache.WAL.entriesFlushedOnClose,1788582092900000000,1788582152897000000,0
FilePageCache.WAL.entriesFlushedOnForce,1788582092900000000,1788582152897000000,0
MappedFileStorage.totalPagesMapped,1788582092900000000,1788582152897000000,17
FilePageCache.totalBytesStored,1788582092900000000,1788582152897000000,960
StreamlinedBlobStorage.totalLiveRecordsCapacityBytes,1788582092900000000,1788582152897000000,0
FilePageCache.WAL.bytesCopiedByApplyUnfinished,1788582092900000000,1788582152897000000,0
FilePageCache.maxCacheSizeInBytes,1788582092900000000,1788582152897000000,629153792
StorageLockContext.competingThreads.max,1788582092900000000,1788582152897000000,0
StreamlinedBlobStorage.recordsRelocated,1788582092900000000,1788582152897000000,0
FilePageCache.WAL.entriesFlushed,1788582092900000000,1788582152897000000,0
FilePageCache.disposedBuffers,1788582092900000000,1788582152897000000,0
MappedFileStorage.storages,1788582092900000000,1788582152897000000,17
FilePageCache.totalPageLoadsUs,1788582092900000000,1788582152897000000,0
FilePageCache.pageLoadsAboveSizeThreshold,1788582092900000000,1788582152897000000,0
FileChannelInterruptsRetryer.totalRetriedAttempts,1788582092900000000,1788582152897000000,0
FilePageCache.WAL.bytesQueued,1788582092900000000,1788582152897000000,0
StreamlinedBlobStorage.recordsDeleted,1788582092900000000,1788582152897000000,0
FilePageCache.totalPageStoresUs,1788582092900000000,1788582152897000000,40755
FilePageCache.pageLoads,1788582092900000000,1788582152897000000,0
FilePageCache.WAL.entriesFlushedOnRead,1788582092900000000,1788582152897000000,0
FilePageCache.WAL.flushesForcedByOverflow,1788582092900000000,1788582152897000000,0
DirectByteBufferAllocator.totalSizeOfBuffersAllocatedInBytes,1788582092900000000,1788582152897000000,3153920
FilePageCache.WAL.entriesFlushedOnTruncate,1788582092900000000,1788582152897000000,0
StorageLockContext.competingThreads.avg,1788582092900000000,1788582152897000000,0.0
DirectByteBufferAllocator.totalSizeOfBuffersCachedInBytes,1788582092900000000,1788582152897000000,93470720
FilePageCache.capacityInBytes,1788582092900000000,1788582152897000000,629145600
FilePageCache.totalPageDisposalsUs,1788582092900000000,1788582152897000000,0
FilePageCache.maxRegisteredFiles,1788582092900000000,1788582152897000000,1796
FilePageCache.pageHits,1788582092900000000,1788582152897000000,0
StorageLockContext.competingThreads.90P,1788582092900000000,1788582152897000000,0
FilePageCache.uncachedFileAccess,1788582092900000000,1788582152897000000,60
StreamlinedBlobStorage.recordsAllocated,1788582092900000000,1788582152897000000,0
DirectByteBufferAllocator.disposed,1788582092900000000,1788582152897000000,0
DirectByteBufferAllocator.reclaimed,1788582092900000000,1788582152897000000,0
StreamlinedBlobStorage.totalLiveRecordsPayloadBytes,1788582092900000000,1788582152897000000,0
MappedFileStorage.totalTimeSpentOnMappingUs,1788582092900000000,1788582152897000000,72260
MappedFileStorage.totalBytesMapped,1788582092900000000,1788582152897000000,266600448
DirectByteBufferAllocator.hits,1788582092900000000,1788582152897000000,0
DirectByteBufferAllocator.misses,1788582092900000000,1788582152897000000,0
cacheStateStorage.get.counter,1788582092900000000,1788582152897000000,0
cacheStateStorage.set.duration,1788582092900000000,1788582152897000000,0
cacheStateStorage.set.counter,1788582092900000000,1788582152897000000,0
cacheStateStorage.get.duration,1788582092900000000,1788582152897000000,0
Indexing.writer_3.totalTimeSpentWritingMs,1788582092900000000,1788582152897000000,0
Indexing.totalTimeIndexersSleptMs,1788582092900000000,1788582152897000000,0
Indexes.allKeys.lookups,1788582092900000000,1788582152897000000,0
Indexing.writesQueuedMax,1788582092900000000,1788582152897000000,0
Indexes.entries.lookupDurationAvgMs,1788582092900000000,1788582152897000000,0.0
Indexing.writer_1.totalTimeSpentWritingMs,1788582092900000000,1788582152897000000,0
Indexes.allKeys.lookupDuration90PMs,1788582092900000000,1788582152897000000,0.0
Indexes.stubs.lookupDurationMaxMs,1788582092900000000,1788582152897000000,0.0
Indexes.entries.lookupDuration90PMs,1788582092900000000,1788582152897000000,0.0
Indexes.entries.lookupDurationMaxMs,1788582092900000000,1788582152897000000,0.0
Indexing.writer_2.totalTimeSpentWritingMs,1788582092900000000,1788582152897000000,0
Indexes.stubs.lookupDuration90PMs,1788582092900000000,1788582152897000000,0.0
Indexing.writesQueuedMin,1788582092900000000,1788582152897000000,9223372036854775807
Indexing.writer_0.totalTimeSpentWritingMs,1788582092900000000,1788582152897000000,0
Indexing.cache.totalCacheAccesses,1788582092900000000,1788582152897000000,0
Indexes.entries.lookups,1788582092900000000,1788582152897000000,0
Indexes.stubs.lookupDurationAvgMs,1788582092900000000,1788582152897000000,0.0
Indexes.allKeys.lookupDurationMaxMs,1788582092900000000,1788582152897000000,0.0
Indexes.stubs.lookups,1788582092900000000,1788582152897000000,0
Indexing.cache.totalCacheEvicted,1788582092900000000,1788582152897000000,0
Indexes.allKeys.lookupDurationAvgMs,1788582092900000000,1788582152897000000,0.0
Indexing.cache.totalCacheMisses,1788582092900000000,1788582152897000000,0
workspaceModel.check.recursive.update.ms,1788582092900000000,1788582152897000000,0
workspaceModel.cachedValueWithParameters.calculated.count,1788582092900000000,1788582152897000000,0
workspaceModel.loading.total.ms,1788582092900000000,1788582152897000000,0
workspaceModel.workspaceFileIndexData.visitFileSets.ms,1788582092900000000,1788582152897000000,0
workspaceModel.cachedValue.from.cache.count,1788582092900000000,1788582152897000000,0
workspaceModel.non.incremental.contributors.total.update.time.ms,1788582092900000000,1788582152897000000,0
workspaceModel.workspaceFileIndexData.markDirty.ms,1788582092900000000,1788582152897000000,0
workspaceModel.cachedValueWithParameters.clear.count,1788582092900000000,1788582152897000000,0
workspaceModel.cachedValue.total.get.count,1788582092900000000,1788582152897000000,0
workspaceModel.non.incremental.contributors.file.sets.computation.time.ms,1788582092900000000,1788582152897000000,0
workspaceModel.collect.changes.ms,1788582092900000000,1788582152897000000,0
workspaceModel.cachedValueWithParameters.total.get.count,1788582092900000000,1788582152897000000,0
workspaceModel.update.unloaded.entities.ms,1788582092900000000,1788582152897000000,0
workspaceModel.cachedValue.clear.count,1788582092900000000,1788582152897000000,0
workspaceModel.cachedValue.calculated.count,1788582092900000000,1788582152897000000,0
workspaceModel.loading.from.cache.ms,1788582092900000000,1788582152897000000,0
workspaceModel.updates.ms,1788582092900000000,1788582152897000000,0
workspaceModel.workspaceFileIndexData.getFileInfo.ms,1788582092900000000,1788582152897000000,0
workspaceModel.replace.project.model.ms,1788582092900000000,1788582152897000000,0
workspaceModel.updates.count,1788582092900000000,1788582152897000000,0
workspaceModel.on.changed.ms,1788582092900000000,1788582152897000000,0
workspaceModel.workspaceFileIndexData.getPackageName.ms,1788582092900000000,1788582152897000000,0
workspaceModel.workspaceFileIndexData.processFileSets.ms,1788582092900000000,1788582152897000000,0
workspaceModel.pre.handlers.ms,1788582092900000000,1788582152897000000,0
workspaceModel.to.snapshot.ms,1788582092900000000,1788582152897000000,0
workspaceModel.workspaceFileIndexData.getDirectoriesByPackageName.ms,1788582092900000000,1788582152897000000,0
workspaceModel.init.bridges.ms,1788582092900000000,1788582152897000000,0
workspaceModel.workspaceFileIndexData.init.ms,1788582092900000000,1788582152897000000,0
workspaceModel.entityStorageSnapshotImpl.instances.count,1788582092900000000,1788582152897000000,0
workspaceModel.updates.precise.ms,1788582092900000000,1788582152897000000,0
workspaceModel.initializing.ms,1788582092900000000,1788582152897000000,0
workspaceModel.cachedValueWithParameters.from.cache.count,1788582092900000000,1788582152897000000,0
workspaceModel.full.replace.project.model.ms,1788582092900000000,1788582152897000000,0
workspaceModel.workspaceFileIndexData.updateDirtyEntities.ms,1788582092900000000,1788582152897000000,0
workspaceModel.on.before.changed.ms,1788582092900000000,1788582152897000000,0
workspaceModel.workspaceFileIndexData.onEntitiesChanged.ms,1788582092900000000,1788582152897000000,0
workspaceModel.non.incremental.contributors.exclude.roots.computation.time.ms,1788582092900000000,1788582152897000000,0
workspaceModel.workspaceFileIndexContributor.registerFileSets.ms,1788582092900000000,1788582152897000000,0
workspaceModel.workspaceFileIndexData.instances.count,1788582092900000000,1788582152897000000,0
compiler.ArtifactVirtualFileListener.propertyChanged.ms,1788582092900000000,1788582152897000000,0
compiler.ArtifactVirtualFileListener.filePathChanged.ms,1788582092900000000,1788582152897000000,0
compiler.ArtifactManagerBridge.findArtifact.ms,1788582092900000000,1788582152897000000,0
compiler.ArtifactManagerBridge.getArtifacts.ms,1788582092900000000,1788582152897000000,0
compiler.ArtifactManagerBridge.dropMappings.ms,1788582092900000000,1788582152897000000,0
compiler.ArtifactManagerBridge.commit.ms,1788582092900000000,1788582152897000000,0
compiler.ArtifactManagerBridge.getArtifactsByType.ms,1788582092900000000,1788582152897000000,0
compiler.ArtifactManagerBridge.addArtifact.ms,1788582092900000000,1788582152897000000,0
compiler.ArtifactManagerBridge.initBridges.ms,1788582092900000000,1788582152897000000,0
JVM.GC.collectionTimesMs,1788582092900000000,1788582152897000000,0
MEM.ramMinusFileMappingsBytes,1788582092900000000,1788582152897000000,262356992
JVM.usedNativeBytes,1788582092900000000,1788582152897000000,658142448
JVM.totalCpuTimeMs,1788582092900000000,1788582152897000000,1579
JVM.maxThreadCount,1788582092900000000,1788582152897000000,172
JVM.threadCount,1788582092900000000,1788582152897000000,67
JVM.GC.collections,1788582092900000000,1788582152897000000,0
JVM.totalTimeToSafepointsMs,1788582092900000000,1788582152897000000,0
MEM.ramBytes,1788582092900000000,1788582152897000000,295649280
JVM.committedHeapBytes,1788582092900000000,1788582152897000000,1050673152
JVM.usedHeapBytes,1788582092900000000,1788582152897000000,693404672
JVM.totalDirectByteBuffersBytes,1788582092900000000,1788582152897000000,3414024
MEM.ramPlusSwapMinusFileMappingsBytes,1788582092900000000,1788582152897000000,2143779328
JVM.totalSafepointCount,1788582092900000000,1788582152897000000,0
JVM.totalBytesAllocated,1788582092900000000,1788582152897000000,14791264
OS.loadAverage,1788582092900000000,1788582152897000000,2.03173828125
MEM.fileMappingsRamBytes,1788582092900000000,1788582152897000000,33292288
JVM.newThreadsCount,1788582092900000000,1788582152897000000,1
JVM.maxHeapBytes,1788582092900000000,1788582152897000000,2147483648
JVM.totalTimeAtSafepointsMs,1788582092900000000,1788582152897000000,0
workspaceModel.mutableEntityStorage.changeLog.addReplaceEventForNewChild.ms,1788582152897000000,1788582212881000000,0
jps.facet.change.listener.init.bridge.ms,1788582152897000000,1788582212881000000,0
jps.global.get.library.ms,1788582152897000000,1788582212881000000,0
workspaceModel.moduleBridge.update.option.ms,1788582152897000000,1788582212881000000,0
workspaceModel.moduleBridgeLoader.loading.modules.ms,1788582152897000000,1788582212881000000,0
workspaceModel.global.apply.state.to.project.builder.ms,1788582152897000000,1788582212881000000,0
jps.library.entities.serializer.load.entities.ms,1788582152897000000,1788582212881000000,0
workspaceModel.moduleBridge.facet.initialization.ms,1788582152897000000,1788582212881000000,0
jps.global.handle.changed.events.ms,1788582152897000000,1788582212881000000,0
jps.modifiable.module.model.bridge.disposing.ms,1788582152897000000,1788582212881000000,0
workspaceModel.moduleManagerBridge.create.module.instance.ms,1788582152897000000,1788582212881000000,0
jps.reload.project.entities.ms,1788582152897000000,1788582212881000000,0
jps.app.storage.content.reader.load.component.ms,1788582152897000000,1788582212881000000,0
jps.modifiable.module.model.bridge.renaming.ms,1788582152897000000,1788582212881000000,0
workspaceModel.sync.entities.ms,1788582152897000000,1788582212881000000,0
jps.artifact.entities.serializer.save.entities.ms,1788582152897000000,1788582212881000000,0
workspaceModel.moduleManagerBridge.new.nonPersistent.module.ms,1788582152897000000,1788582212881000000,0
jps.app.storage.content.writer.save.component.ms,1788582152897000000,1788582212881000000,0
workspaceModel.mutableEntityStorage.add.entity.ms,1788582152897000000,1788582212881000000,0
workspaceModel.moduleBridge.before.changed.ms,1788582152897000000,1788582212881000000,0
jps.global.handle.before.change.events.ms,1788582152897000000,1788582212881000000,0
workspaceModel.mutableEntityStorage.mutable.ext.mapping.ms,1788582152897000000,1788582212881000000,0
jps.save.changed.project.entities.ms,1788582152897000000,1788582212881000000,0
jps.module.iml.entities.serializer.save.entities.ms,1788582152897000000,1788582212881000000,0
workspaceModel.moduleManagerBridge.set.unloadedModules.ms,1788582152897000000,1788582212881000000,0
workspaceModel.mutableEntityStorage.changeLog.addReplaceEventForRemovedChild.ms,1788582152897000000,1788582212881000000,0
workspaceModel.mutableEntityStorage.changeLog.addReplaceEventForRemovedParent.ms,1788582152897000000,1788582212881000000,0
jps.global.get.library.by.name.ms,1788582152897000000,1788582212881000000,0
workspaceModel.global.apply.state.to.project.ms,1788582152897000000,1788582212881000000,0
workspaceModel.moduleManagerBridge.load.module.ms,1788582152897000000,1788582212881000000,0
workspaceModel.mutableEntityStorage.mutable.vfurl.index.ms,1788582152897000000,1788582212881000000,0
workspaceModel.mutableEntityStorage.entities.ms,1788582152897000000,1788582212881000000,0
jps.global.initialize.library.bridges.after.loading.ms,1788582152897000000,1788582212881000000,0
workspaceModel.mutableEntityStorage.apply.changes.from.ms,1788582152897000000,1788582212881000000,0
workspaceModel.load.cache.metadata.from.file.ms,1788582152897000000,1788582212881000000,0
jps.save.global.entities.ms,1788582152897000000,1788582212881000000,0
workspaceModel.global.updates.ms,1788582152897000000,1788582212881000000,0
workspaceModel.mutableEntityStorage.changeLog.addReplaceEventForNewParent.ms,1788582152897000000,1788582212881000000,0
workspaceModel.mutableEntityStorage.has.same.entities.ms,1788582152897000000,1788582212881000000,0
workspaceModel.mutableEntityStorage.put.entity.ms,1788582152897000000,1788582212881000000,0
jps.load.project.to.empty.storage.ms,1788582152897000000,1788582212881000000,0
jps.project.serializers.load.ms,1788582152897000000,1788582212881000000,0
jps.load.initial.state.ms,1788582152897000000,1788582212881000000,0
workspaceModel.mutableEntityStorage.replace.by.source.ms,1788582152897000000,1788582212881000000,0
workspaceModel.save.cache.to.file.ms,1788582152897000000,1788582212881000000,0
workspaceModel.moduleManagerBridge.newModule.ms,1788582152897000000,1788582212881000000,0
jps.apply.loaded.storage.ms,1788582152897000000,1788582212881000000,0
jps.modifiable.module.model.bridge.new.module.ms,1788582152897000000,1788582212881000000,0
workspaceModel.mutableEntityStorage.entities.by.source.ms,1788582152897000000,1788582212881000000,0
workspaceModel.load.cache.from.file.ms,1788582152897000000,1788582212881000000,0
workspaceModel.mutableEntityStorage.hasReferrers.ms,1788582152897000000,1788582212881000000,0
jps.module.dependency.index.workspace.model.listener.on.changed.ms,1788582152897000000,1788582212881000000,0
jps.global.initialize.library.bridges.ms,1788582152897000000,1788582212881000000,0
workspaceModel.mutableEntityStorage.instances.count,1788582152897000000,1788582212881000000,0
jps.library.entities.serializer.save.entities.ms,1788582152897000000,1788582212881000000,0
workspaceModel.do.save.caches.ms,1788582152897000000,1788582212881000000,0
workspaceModel.moduleManagerBridge.build.module.graph.ms,1788582152897000000,1788582212881000000,0
jps.global.get.libraries.ms,1788582152897000000,1788582212881000000,0
workspaceModel.moduleManagerBridge.get.modules.ms,1788582152897000000,1788582212881000000,0
workspaceModel.mutableEntityStorage.referrers.ms,1788582152897000000,1788582212881000000,0
jps.storage.jps.conf.reader.load.component.ms,1788582152897000000,1788582212881000000,0
jps.modifiable.module.model.bridge.load.module.ms,1788582152897000000,1788582212881000000,0
workspaceModel.orphan.listener.update.ms,1788582152897000000,1788582212881000000,0
jps.module.iml.entities.serializer.load.entities.ms,1788582152897000000,1788582212881000000,0
workspaceModel.mutableEntityStorage.to.snapshot.ms,1788582152897000000,1788582212881000000,0
jps.facet.change.listener.process.change.events.ms,1788582152897000000,1788582212881000000,0
workspaceModel.mutableEntityStorage.collect.changes.ms,1788582152897000000,1788582212881000000,0
workspaceModel.moduleManagerBridge.load.all.modules.ms,1788582152897000000,1788582212881000000,0
workspaceModel.mutableEntityStorage.modify.entity.ms,1788582152897000000,1788582212881000000,0
workspaceModel.mutableEntityStorage.resolve.ms,1788582152897000000,1788582212881000000,0
workspaceModel.global.updates.count,1788582152897000000,1788582212881000000,0
jps.artifact.entities.serializer.load.entities.ms,1788582152897000000,1788582212881000000,0
workspaceModel.mutableEntityStorage.remove.entity.ms,1788582152897000000,1788582212881000000,0
jps.project.serializers.save.ms,1788582152897000000,1788582212881000000,0
jps.facet.change.listener.before.change.events.ms,1788582152897000000,1788582212881000000,0
DiskQueryRelay.taskExecutionTotalTimeUs,1788582152897000000,1788582212881000000,0
writeAction.max.wait.ms,1788582152897000000,1788582212881000000,70
writeAction.wait.ms,1788582152897000000,1788582212881000000,0
DiskQueryRelay.taskWaitingTotalTimeUs,1788582152897000000,1788582212881000000,0
writeAction.count,1788582152897000000,1788582212881000000,0
LowMemory.gcLoad,1788582152897000000,1788582212881000000,2.987643280825889E-4
DiskQueryRelay.tasksExecuted,1788582152897000000,1788582212881000000,0
writeAction.median.wait.ms,1788582152897000000,1788582212881000000,100
DiskQueryRelay.tasksRequested,1788582152897000000,1788582212881000000,0
LowMemory.gcOverloaded,1788582152897000000,1788582212881000000,0
FileNameCache.queries,1788582152897000000,1788582212881000000,0
VFS.cache.directoriesCreated,1788582152897000000,1788582212881000000,0
VFS.cache.filesCreated,1788582152897000000,1788582212881000000,0
VFS.ContentWriter.totalTimeSpentOnAsyncOperationsUs,1788582152897000000,1788582212881000000,0
VFS.fileByIdCache.misses,1788582152897000000,1788582212881000000,0
VFS.contentStorage.recordsStoredCompressed,1788582152897000000,1788582212881000000,0
VFS.folderCaseSensitivityReads,1788582152897000000,1788582212881000000,0
VFS.contentStorage.recordsStored,1788582152897000000,1788582212881000000,0
VFS.contentStorage.recordsRead,1788582152897000000,1788582212881000000,0
VFS.contentStorage.recordsReadSize,1788582152897000000,1788582212881000000,0
VFS.invertedFileNameIndex.requests,1788582152897000000,1788582212881000000,0
VFS.cache.segmentsCreated,1788582152897000000,1788582212881000000,0
VFS.ContentWriter.totalTasksExecutedAsync,1788582152897000000,1788582212881000000,0
VFS.fileByIdCache.hits,1788582152897000000,1788582212881000000,0
VFS.contentStorage.recordsDeduplicated,1788582152897000000,1788582212881000000,0
VFS.cache.segments,1788582152897000000,1788582212881000000,240
VFS.contentStorage.recordsDecompressionTimeUs,1788582152897000000,1788582212881000000,0
VFS.ContentWriter.totalTimeSpentOnSyncOperationsUs,1788582152897000000,1788582212881000000,0
VFS.contentStorage.recordsUncompressedSize,1788582152897000000,1788582212881000000,0
VFS.fileChildByName,1788582152897000000,1788582212881000000,0
VFS.contentStorage.recordsReadDecompressed,1788582152897000000,1788582212881000000,0
VFS.ContentWriter.totalFlushes,1788582152897000000,1788582212881000000,0
VFS.rootsCount,1788582152897000000,1788582212881000000,298.0
VFS.ContentWriter.totalTasksExecutedSync,1788582152897000000,1788582212881000000,0
FileNameCache.totalMisses,1788582152897000000,1788582212881000000,0
VFS.contentStorage.recordsStoredSize,1788582152897000000,1788582212881000000,0
ReadAction.executionsCount,1788582152897000000,1788582212881000000,3
FlushQueue.queueSize90P,1788582152897000000,1788582212881000000,0
NonBlockingReadAction.failedExecutionsCount,1788582152897000000,1788582212881000000,0
FlushQueue.queueSizeAvg,1788582152897000000,1788582212881000000,0.0
AWTEventQueue.dispatchTime90PNs,1788582152897000000,1788582212881000000,0
WriteAction.executionsCount,1788582152897000000,1788582212881000000,0
NonBlockingReadAction.failedExecutionTimeUs,1788582152897000000,1788582212881000000,0
AWTEventQueue.dispatchTimeTotalNS,1788582152897000000,1788582212881000000,10917582
FlushQueue.executionTimeMaxNs,1788582152897000000,1788582212881000000,0
FlushQueue.waitingTimeAvgNs,1788582152897000000,1788582212881000000,0.0
AWTEventQueue.dispatchTimeMaxNs,1788582152897000000,1788582212881000000,0
FlushQueue.waitingTimeMaxNs,1788582152897000000,1788582212881000000,0
FlushQueue.waitingTime90PNs,1788582152897000000,1788582212881000000,0
AWTEventQueue.dispatchTimeAvgNs,1788582152897000000,1788582212881000000,0.0
AWTEventQueue.eventsDispatched,1788582152897000000,1788582212881000000,0
NonBlockingReadAction.finalizedExecutionTimeUs,1788582152897000000,1788582212881000000,0
NonBlockingReadAction.finalizedExecutionsCount,1788582152897000000,1788582212881000000,0
FlushQueue.executionTimeAvgNs,1788582152897000000,1788582212881000000,0.0
FlushQueue.tasksExecuted,1788582152897000000,1788582212881000000,0
FlushQueue.executionTime90PNs,1788582152897000000,1788582212881000000,0
FlushQueue.queueSizeMax,1788582152897000000,1788582212881000000,0
FilePageCache.pageFastCacheHits,1788582152897000000,1788582212881000000,180
FilePageCache.WAL.entriesFlushedOnClose,1788582152897000000,1788582212881000000,0
FilePageCache.WAL.entriesFlushedOnForce,1788582152897000000,1788582212881000000,0
MappedFileStorage.totalPagesMapped,1788582152897000000,1788582212881000000,17
FilePageCache.totalBytesStored,1788582152897000000,1788582212881000000,960
StreamlinedBlobStorage.totalLiveRecordsCapacityBytes,1788582152897000000,1788582212881000000,0
FilePageCache.WAL.bytesCopiedByApplyUnfinished,1788582152897000000,1788582212881000000,0
FilePageCache.maxCacheSizeInBytes,1788582152897000000,1788582212881000000,629153792
StorageLockContext.competingThreads.max,1788582152897000000,1788582212881000000,0
StreamlinedBlobStorage.recordsRelocated,1788582152897000000,1788582212881000000,0
FilePageCache.WAL.entriesFlushed,1788582152897000000,1788582212881000000,0
FilePageCache.disposedBuffers,1788582152897000000,1788582212881000000,0
MappedFileStorage.storages,1788582152897000000,1788582212881000000,17
FilePageCache.totalPageLoadsUs,1788582152897000000,1788582212881000000,0
FilePageCache.pageLoadsAboveSizeThreshold,1788582152897000000,1788582212881000000,0
FileChannelInterruptsRetryer.totalRetriedAttempts,1788582152897000000,1788582212881000000,0
FilePageCache.WAL.bytesQueued,1788582152897000000,1788582212881000000,0
StreamlinedBlobStorage.recordsDeleted,1788582152897000000,1788582212881000000,0
FilePageCache.totalPageStoresUs,1788582152897000000,1788582212881000000,58225
FilePageCache.pageLoads,1788582152897000000,1788582212881000000,0
FilePageCache.WAL.entriesFlushedOnRead,1788582152897000000,1788582212881000000,0
FilePageCache.WAL.flushesForcedByOverflow,1788582152897000000,1788582212881000000,0
DirectByteBufferAllocator.totalSizeOfBuffersAllocatedInBytes,1788582152897000000,1788582212881000000,3153920
FilePageCache.WAL.entriesFlushedOnTruncate,1788582152897000000,1788582212881000000,0
StorageLockContext.competingThreads.avg,1788582152897000000,1788582212881000000,0.0
DirectByteBufferAllocator.totalSizeOfBuffersCachedInBytes,1788582152897000000,1788582212881000000,93470720
FilePageCache.capacityInBytes,1788582152897000000,1788582212881000000,629145600
FilePageCache.totalPageDisposalsUs,1788582152897000000,1788582212881000000,0
FilePageCache.maxRegisteredFiles,1788582152897000000,1788582212881000000,1796
FilePageCache.pageHits,1788582152897000000,1788582212881000000,0
StorageLockContext.competingThreads.90P,1788582152897000000,1788582212881000000,0
FilePageCache.uncachedFileAccess,1788582152897000000,1788582212881000000,60
StreamlinedBlobStorage.recordsAllocated,1788582152897000000,1788582212881000000,0
DirectByteBufferAllocator.disposed,1788582152897000000,1788582212881000000,0
DirectByteBufferAllocator.reclaimed,1788582152897000000,1788582212881000000,0
StreamlinedBlobStorage.totalLiveRecordsPayloadBytes,1788582152897000000,1788582212881000000,0
MappedFileStorage.totalTimeSpentOnMappingUs,1788582152897000000,1788582212881000000,72260
MappedFileStorage.totalBytesMapped,1788582152897000000,1788582212881000000,266600448
DirectByteBufferAllocator.hits,1788582152897000000,1788582212881000000,0
DirectByteBufferAllocator.misses,1788582152897000000,1788582212881000000,0
cacheStateStorage.get.counter,1788582152897000000,1788582212881000000,0
cacheStateStorage.set.duration,1788582152897000000,1788582212881000000,0
cacheStateStorage.set.counter,1788582152897000000,1788582212881000000,0
cacheStateStorage.get.duration,1788582152897000000,1788582212881000000,0
Indexing.writer_3.totalTimeSpentWritingMs,1788582152897000000,1788582212881000000,0
Indexing.totalTimeIndexersSleptMs,1788582152897000000,1788582212881000000,0
Indexes.allKeys.lookups,1788582152897000000,1788582212881000000,0
Indexing.writesQueuedMax,1788582152897000000,1788582212881000000,0
Indexes.entries.lookupDurationAvgMs,1788582152897000000,1788582212881000000,0.0
Indexing.writer_1.totalTimeSpentWritingMs,1788582152897000000,1788582212881000000,0
Indexes.allKeys.lookupDuration90PMs,1788582152897000000,1788582212881000000,0.0
Indexes.stubs.lookupDurationMaxMs,1788582152897000000,1788582212881000000,0.0
Indexes.entries.lookupDuration90PMs,1788582152897000000,1788582212881000000,0.0
Indexes.entries.lookupDurationMaxMs,1788582152897000000,1788582212881000000,0.0
Indexing.writer_2.totalTimeSpentWritingMs,1788582152897000000,1788582212881000000,0
Indexes.stubs.lookupDuration90PMs,1788582152897000000,1788582212881000000,0.0
Indexing.writesQueuedMin,1788582152897000000,1788582212881000000,9223372036854775807
Indexing.writer_0.totalTimeSpentWritingMs,1788582152897000000,1788582212881000000,0
Indexing.cache.totalCacheAccesses,1788582152897000000,1788582212881000000,0
Indexes.entries.lookups,1788582152897000000,1788582212881000000,0
Indexes.stubs.lookupDurationAvgMs,1788582152897000000,1788582212881000000,0.0
Indexes.allKeys.lookupDurationMaxMs,1788582152897000000,1788582212881000000,0.0
Indexes.stubs.lookups,1788582152897000000,1788582212881000000,0
Indexing.cache.totalCacheEvicted,1788582152897000000,1788582212881000000,0
Indexes.allKeys.lookupDurationAvgMs,1788582152897000000,1788582212881000000,0.0
Indexing.cache.totalCacheMisses,1788582152897000000,1788582212881000000,0
workspaceModel.check.recursive.update.ms,1788582152897000000,1788582212881000000,0
workspaceModel.cachedValueWithParameters.calculated.count,1788582152897000000,1788582212881000000,0
workspaceModel.loading.total.ms,1788582152897000000,1788582212881000000,0
workspaceModel.workspaceFileIndexData.visitFileSets.ms,1788582152897000000,1788582212881000000,0
workspaceModel.cachedValue.from.cache.count,1788582152897000000,1788582212881000000,0
workspaceModel.non.incremental.contributors.total.update.time.ms,1788582152897000000,1788582212881000000,0
workspaceModel.workspaceFileIndexData.markDirty.ms,1788582152897000000,1788582212881000000,0
workspaceModel.cachedValueWithParameters.clear.count,1788582152897000000,1788582212881000000,0
workspaceModel.cachedValue.total.get.count,1788582152897000000,1788582212881000000,0
workspaceModel.non.incremental.contributors.file.sets.computation.time.ms,1788582152897000000,1788582212881000000,0
workspaceModel.collect.changes.ms,1788582152897000000,1788582212881000000,0
workspaceModel.cachedValueWithParameters.total.get.count,1788582152897000000,1788582212881000000,0
workspaceModel.update.unloaded.entities.ms,1788582152897000000,1788582212881000000,0
workspaceModel.cachedValue.clear.count,1788582152897000000,1788582212881000000,0
workspaceModel.cachedValue.calculated.count,1788582152897000000,1788582212881000000,0
workspaceModel.loading.from.cache.ms,1788582152897000000,1788582212881000000,0
workspaceModel.updates.ms,1788582152897000000,1788582212881000000,0
workspaceModel.workspaceFileIndexData.getFileInfo.ms,1788582152897000000,1788582212881000000,0
workspaceModel.replace.project.model.ms,1788582152897000000,1788582212881000000,0
workspaceModel.updates.count,1788582152897000000,1788582212881000000,0
workspaceModel.on.changed.ms,1788582152897000000,1788582212881000000,0
workspaceModel.workspaceFileIndexData.getPackageName.ms,1788582152897000000,1788582212881000000,0
workspaceModel.workspaceFileIndexData.processFileSets.ms,1788582152897000000,1788582212881000000,0
workspaceModel.pre.handlers.ms,1788582152897000000,1788582212881000000,0
workspaceModel.to.snapshot.ms,1788582152897000000,1788582212881000000,0
workspaceModel.workspaceFileIndexData.getDirectoriesByPackageName.ms,1788582152897000000,1788582212881000000,0
workspaceModel.init.bridges.ms,1788582152897000000,1788582212881000000,0
workspaceModel.workspaceFileIndexData.init.ms,1788582152897000000,1788582212881000000,0
workspaceModel.entityStorageSnapshotImpl.instances.count,1788582152897000000,1788582212881000000,0
workspaceModel.updates.precise.ms,1788582152897000000,1788582212881000000,0
workspaceModel.initializing.ms,1788582152897000000,1788582212881000000,0
workspaceModel.cachedValueWithParameters.from.cache.count,1788582152897000000,1788582212881000000,0
workspaceModel.full.replace.project.model.ms,1788582152897000000,1788582212881000000,0
workspaceModel.workspaceFileIndexData.updateDirtyEntities.ms,1788582152897000000,1788582212881000000,0
workspaceModel.on.before.changed.ms,1788582152897000000,1788582212881000000,0
workspaceModel.workspaceFileIndexData.onEntitiesChanged.ms,1788582152897000000,1788582212881000000,0
workspaceModel.non.incremental.contributors.exclude.roots.computation.time.ms,1788582152897000000,1788582212881000000,0
workspaceModel.workspaceFileIndexContributor.registerFileSets.ms,1788582152897000000,1788582212881000000,0
workspaceModel.workspaceFileIndexData.instances.count,1788582152897000000,1788582212881000000,0
compiler.ArtifactVirtualFileListener.propertyChanged.ms,1788582152897000000,1788582212881000000,0
compiler.ArtifactVirtualFileListener.filePathChanged.ms,1788582152897000000,1788582212881000000,0
compiler.ArtifactManagerBridge.findArtifact.ms,1788582152897000000,1788582212881000000,0
compiler.ArtifactManagerBridge.getArtifacts.ms,1788582152897000000,1788582212881000000,0
compiler.ArtifactManagerBridge.dropMappings.ms,1788582152897000000,1788582212881000000,0
compiler.ArtifactManagerBridge.commit.ms,1788582152897000000,1788582212881000000,0
compiler.ArtifactManagerBridge.getArtifactsByType.ms,1788582152897000000,1788582212881000000,0
compiler.ArtifactManagerBridge.addArtifact.ms,1788582152897000000,1788582212881000000,0
compiler.ArtifactManagerBridge.initBridges.ms,1788582152897000000,1788582212881000000,0
JVM.GC.collectionTimesMs,1788582152897000000,1788582212881000000,0
MEM.ramMinusFileMappingsBytes,1788582152897000000,1788582212881000000,205209600
JVM.usedNativeBytes,1788582152897000000,1788582212881000000,658578336
JVM.totalCpuTimeMs,1788582152897000000,1788582212881000000,1874
JVM.maxThreadCount,1788582152897000000,1788582212881000000,172
JVM.threadCount,1788582152897000000,1788582212881000000,67
JVM.GC.collections,1788582152897000000,1788582212881000000,0
JVM.totalTimeToSafepointsMs,1788582152897000000,1788582212881000000,0
MEM.ramBytes,1788582152897000000,1788582212881000000,238338048
JVM.committedHeapBytes,1788582152897000000,1788582212881000000,1050673152
JVM.usedHeapBytes,1788582152897000000,1788582212881000000,709133312
JVM.totalDirectByteBuffersBytes,1788582152897000000,1788582212881000000,3414024
MEM.ramPlusSwapMinusFileMappingsBytes,1788582152897000000,1788582212881000000,2143828480
JVM.totalSafepointCount,1788582152897000000,1788582212881000000,0
JVM.totalBytesAllocated,1788582152897000000,1788582212881000000,14907520
OS.loadAverage,1788582152897000000,1788582212881000000,1.75341796875
MEM.fileMappingsRamBytes,1788582152897000000,1788582212881000000,33128448
JVM.newThreadsCount,1788582152897000000,1788582212881000000,0
JVM.maxHeapBytes,1788582152897000000,1788582212881000000,2147483648
JVM.totalTimeAtSafepointsMs,1788582152897000000,1788582212881000000,0
workspaceModel.mutableEntityStorage.changeLog.addReplaceEventForNewChild.ms,1788582212881000000,1788582272899000000,0
jps.facet.change.listener.init.bridge.ms,1788582212881000000,1788582272899000000,0
jps.global.get.library.ms,1788582212881000000,1788582272899000000,0
workspaceModel.moduleBridge.update.option.ms,1788582212881000000,1788582272899000000,0
workspaceModel.moduleBridgeLoader.loading.modules.ms,1788582212881000000,1788582272899000000,0
workspaceModel.global.apply.state.to.project.builder.ms,1788582212881000000,1788582272899000000,0
jps.library.entities.serializer.load.entities.ms,1788582212881000000,1788582272899000000,0
workspaceModel.moduleBridge.facet.initialization.ms,1788582212881000000,1788582272899000000,0
jps.global.handle.changed.events.ms,1788582212881000000,1788582272899000000,0
jps.modifiable.module.model.bridge.disposing.ms,1788582212881000000,1788582272899000000,0
workspaceModel.moduleManagerBridge.create.module.instance.ms,1788582212881000000,1788582272899000000,0
jps.reload.project.entities.ms,1788582212881000000,1788582272899000000,0
jps.app.storage.content.reader.load.component.ms,1788582212881000000,1788582272899000000,0
jps.modifiable.module.model.bridge.renaming.ms,1788582212881000000,1788582272899000000,0
workspaceModel.sync.entities.ms,1788582212881000000,1788582272899000000,0
jps.artifact.entities.serializer.save.entities.ms,1788582212881000000,1788582272899000000,0
workspaceModel.moduleManagerBridge.new.nonPersistent.module.ms,1788582212881000000,1788582272899000000,0
jps.app.storage.content.writer.save.component.ms,1788582212881000000,1788582272899000000,0
workspaceModel.mutableEntityStorage.add.entity.ms,1788582212881000000,1788582272899000000,0
workspaceModel.moduleBridge.before.changed.ms,1788582212881000000,1788582272899000000,0
jps.global.handle.before.change.events.ms,1788582212881000000,1788582272899000000,0
workspaceModel.mutableEntityStorage.mutable.ext.mapping.ms,1788582212881000000,1788582272899000000,0
jps.save.changed.project.entities.ms,1788582212881000000,1788582272899000000,0
jps.module.iml.entities.serializer.save.entities.ms,1788582212881000000,1788582272899000000,0
workspaceModel.moduleManagerBridge.set.unloadedModules.ms,1788582212881000000,1788582272899000000,0
workspaceModel.mutableEntityStorage.changeLog.addReplaceEventForRemovedChild.ms,1788582212881000000,1788582272899000000,0
workspaceModel.mutableEntityStorage.changeLog.addReplaceEventForRemovedParent.ms,1788582212881000000,1788582272899000000,0
jps.global.get.library.by.name.ms,1788582212881000000,1788582272899000000,0
workspaceModel.global.apply.state.to.project.ms,1788582212881000000,1788582272899000000,0
workspaceModel.moduleManagerBridge.load.module.ms,1788582212881000000,1788582272899000000,0
workspaceModel.mutableEntityStorage.mutable.vfurl.index.ms,1788582212881000000,1788582272899000000,0
workspaceModel.mutableEntityStorage.entities.ms,1788582212881000000,1788582272899000000,0
jps.global.initialize.library.bridges.after.loading.ms,1788582212881000000,1788582272899000000,0
workspaceModel.mutableEntityStorage.apply.changes.from.ms,1788582212881000000,1788582272899000000,0
workspaceModel.load.cache.metadata.from.file.ms,1788582212881000000,1788582272899000000,0
jps.save.global.entities.ms,1788582212881000000,1788582272899000000,0
workspaceModel.global.updates.ms,1788582212881000000,1788582272899000000,0
workspaceModel.mutableEntityStorage.changeLog.addReplaceEventForNewParent.ms,1788582212881000000,1788582272899000000,0
workspaceModel.mutableEntityStorage.has.same.entities.ms,1788582212881000000,1788582272899000000,0
workspaceModel.mutableEntityStorage.put.entity.ms,1788582212881000000,1788582272899000000,0
jps.load.project.to.empty.storage.ms,1788582212881000000,1788582272899000000,0
jps.project.serializers.load.ms,1788582212881000000,1788582272899000000,0
jps.load.initial.state.ms,1788582212881000000,1788582272899000000,0
workspaceModel.mutableEntityStorage.replace.by.source.ms,1788582212881000000,1788582272899000000,0
workspaceModel.save.cache.to.file.ms,1788582212881000000,1788582272899000000,0
workspaceModel.moduleManagerBridge.newModule.ms,1788582212881000000,1788582272899000000,0
jps.apply.loaded.storage.ms,1788582212881000000,1788582272899000000,0
jps.modifiable.module.model.bridge.new.module.ms,1788582212881000000,1788582272899000000,0
workspaceModel.mutableEntityStorage.entities.by.source.ms,1788582212881000000,1788582272899000000,0
workspaceModel.load.cache.from.file.ms,1788582212881000000,1788582272899000000,0
workspaceModel.mutableEntityStorage.hasReferrers.ms,1788582212881000000,1788582272899000000,0
jps.module.dependency.index.workspace.model.listener.on.changed.ms,1788582212881000000,1788582272899000000,0
jps.global.initialize.library.bridges.ms,1788582212881000000,1788582272899000000,0
workspaceModel.mutableEntityStorage.instances.count,1788582212881000000,1788582272899000000,0
jps.library.entities.serializer.save.entities.ms,1788582212881000000,1788582272899000000,0
workspaceModel.do.save.caches.ms,1788582212881000000,1788582272899000000,0
workspaceModel.moduleManagerBridge.build.module.graph.ms,1788582212881000000,1788582272899000000,0
jps.global.get.libraries.ms,1788582212881000000,1788582272899000000,0
workspaceModel.moduleManagerBridge.get.modules.ms,1788582212881000000,1788582272899000000,0
workspaceModel.mutableEntityStorage.referrers.ms,1788582212881000000,1788582272899000000,0
jps.storage.jps.conf.reader.load.component.ms,1788582212881000000,1788582272899000000,0
jps.modifiable.module.model.bridge.load.module.ms,1788582212881000000,1788582272899000000,0
workspaceModel.orphan.listener.update.ms,1788582212881000000,1788582272899000000,0
jps.module.iml.entities.serializer.load.entities.ms,1788582212881000000,1788582272899000000,0
workspaceModel.mutableEntityStorage.to.snapshot.ms,1788582212881000000,1788582272899000000,0
jps.facet.change.listener.process.change.events.ms,1788582212881000000,1788582272899000000,0
workspaceModel.mutableEntityStorage.collect.changes.ms,1788582212881000000,1788582272899000000,0
workspaceModel.moduleManagerBridge.load.all.modules.ms,1788582212881000000,1788582272899000000,0
workspaceModel.mutableEntityStorage.modify.entity.ms,1788582212881000000,1788582272899000000,0
workspaceModel.mutableEntityStorage.resolve.ms,1788582212881000000,1788582272899000000,0
workspaceModel.global.updates.count,1788582212881000000,1788582272899000000,0
jps.artifact.entities.serializer.load.entities.ms,1788582212881000000,1788582272899000000,0
workspaceModel.mutableEntityStorage.remove.entity.ms,1788582212881000000,1788582272899000000,0
jps.project.serializers.save.ms,1788582212881000000,1788582272899000000,0
jps.facet.change.listener.before.change.events.ms,1788582212881000000,1788582272899000000,0
DiskQueryRelay.taskExecutionTotalTimeUs,1788582212881000000,1788582272899000000,0
writeAction.max.wait.ms,1788582212881000000,1788582272899000000,70
writeAction.wait.ms,1788582212881000000,1788582272899000000,0
DiskQueryRelay.taskWaitingTotalTimeUs,1788582212881000000,1788582272899000000,0
writeAction.count,1788582212881000000,1788582272899000000,0
LowMemory.gcLoad,1788582212881000000,1788582272899000000,1.533651576040803E-4
DiskQueryRelay.tasksExecuted,1788582212881000000,1788582272899000000,0
writeAction.median.wait.ms,1788582212881000000,1788582272899000000,100
DiskQueryRelay.tasksRequested,1788582212881000000,1788582272899000000,0
LowMemory.gcOverloaded,1788582212881000000,1788582272899000000,0
FileNameCache.queries,1788582212881000000,1788582272899000000,0
VFS.cache.directoriesCreated,1788582212881000000,1788582272899000000,0
VFS.cache.filesCreated,1788582212881000000,1788582272899000000,0
VFS.ContentWriter.totalTimeSpentOnAsyncOperationsUs,1788582212881000000,1788582272899000000,0
VFS.fileByIdCache.misses,1788582212881000000,1788582272899000000,0
VFS.contentStorage.recordsStoredCompressed,1788582212881000000,1788582272899000000,0
VFS.folderCaseSensitivityReads,1788582212881000000,1788582272899000000,0
VFS.contentStorage.recordsStored,1788582212881000000,1788582272899000000,0
VFS.contentStorage.recordsRead,1788582212881000000,1788582272899000000,0
VFS.contentStorage.recordsReadSize,1788582212881000000,1788582272899000000,0
VFS.invertedFileNameIndex.requests,1788582212881000000,1788582272899000000,0
VFS.cache.segmentsCreated,1788582212881000000,1788582272899000000,0
VFS.ContentWriter.totalTasksExecutedAsync,1788582212881000000,1788582272899000000,0
VFS.fileByIdCache.hits,1788582212881000000,1788582272899000000,0
VFS.contentStorage.recordsDeduplicated,1788582212881000000,1788582272899000000,0
VFS.cache.segments,1788582212881000000,1788582272899000000,240
VFS.contentStorage.recordsDecompressionTimeUs,1788582212881000000,1788582272899000000,0
VFS.ContentWriter.totalTimeSpentOnSyncOperationsUs,1788582212881000000,1788582272899000000,0
VFS.contentStorage.recordsUncompressedSize,1788582212881000000,1788582272899000000,0
VFS.fileChildByName,1788582212881000000,1788582272899000000,0
VFS.contentStorage.recordsReadDecompressed,1788582212881000000,1788582272899000000,0
VFS.ContentWriter.totalFlushes,1788582212881000000,1788582272899000000,0
VFS.rootsCount,1788582212881000000,1788582272899000000,298.0
VFS.ContentWriter.totalTasksExecutedSync,1788582212881000000,1788582272899000000,0
FileNameCache.totalMisses,1788582212881000000,1788582272899000000,0
VFS.contentStorage.recordsStoredSize,1788582212881000000,1788582272899000000,0
ReadAction.executionsCount,1788582212881000000,1788582272899000000,3
FlushQueue.queueSize90P,1788582212881000000,1788582272899000000,0
NonBlockingReadAction.failedExecutionsCount,1788582212881000000,1788582272899000000,0
FlushQueue.queueSizeAvg,1788582212881000000,1788582272899000000,0.0
AWTEventQueue.dispatchTime90PNs,1788582212881000000,1788582272899000000,251903
WriteAction.executionsCount,1788582212881000000,1788582272899000000,0
NonBlockingReadAction.failedExecutionTimeUs,1788582212881000000,1788582272899000000,0
AWTEventQueue.dispatchTimeTotalNS,1788582212881000000,1788582272899000000,15437878
FlushQueue.executionTimeMaxNs,1788582212881000000,1788582272899000000,0
FlushQueue.waitingTimeAvgNs,1788582212881000000,1788582272899000000,0.0
AWTEventQueue.dispatchTimeMaxNs,1788582212881000000,1788582272899000000,251903
FlushQueue.waitingTimeMaxNs,1788582212881000000,1788582272899000000,0
FlushQueue.waitingTime90PNs,1788582212881000000,1788582272899000000,0
AWTEventQueue.dispatchTimeAvgNs,1788582212881000000,1788582272899000000,251392.0
AWTEventQueue.eventsDispatched,1788582212881000000,1788582272899000000,1
NonBlockingReadAction.finalizedExecutionTimeUs,1788582212881000000,1788582272899000000,0
NonBlockingReadAction.finalizedExecutionsCount,1788582212881000000,1788582272899000000,0
FlushQueue.executionTimeAvgNs,1788582212881000000,1788582272899000000,0.0
FlushQueue.tasksExecuted,1788582212881000000,1788582272899000000,0
FlushQueue.executionTime90PNs,1788582212881000000,1788582272899000000,0
FlushQueue.queueSizeMax,1788582212881000000,1788582272899000000,0
FilePageCache.pageFastCacheHits,1788582212881000000,1788582272899000000,180
FilePageCache.WAL.entriesFlushedOnClose,1788582212881000000,1788582272899000000,0
FilePageCache.WAL.entriesFlushedOnForce,1788582212881000000,1788582272899000000,0
MappedFileStorage.totalPagesMapped,1788582212881000000,1788582272899000000,17
FilePageCache.totalBytesStored,1788582212881000000,1788582272899000000,960
StreamlinedBlobStorage.totalLiveRecordsCapacityBytes,1788582212881000000,1788582272899000000,0
FilePageCache.WAL.bytesCopiedByApplyUnfinished,1788582212881000000,1788582272899000000,0
FilePageCache.maxCacheSizeInBytes,1788582212881000000,1788582272899000000,629153792
StorageLockContext.competingThreads.max,1788582212881000000,1788582272899000000,0
StreamlinedBlobStorage.recordsRelocated,1788582212881000000,1788582272899000000,0
FilePageCache.WAL.entriesFlushed,1788582212881000000,1788582272899000000,0
FilePageCache.disposedBuffers,1788582212881000000,1788582272899000000,0
MappedFileStorage.storages,1788582212881000000,1788582272899000000,17
FilePageCache.totalPageLoadsUs,1788582212881000000,1788582272899000000,0
FilePageCache.pageLoadsAboveSizeThreshold,1788582212881000000,1788582272899000000,0
FileChannelInterruptsRetryer.totalRetriedAttempts,1788582212881000000,1788582272899000000,0
FilePageCache.WAL.bytesQueued,1788582212881000000,1788582272899000000,0
StreamlinedBlobStorage.recordsDeleted,1788582212881000000,1788582272899000000,0
FilePageCache.totalPageStoresUs,1788582212881000000,1788582272899000000,70973
FilePageCache.pageLoads,1788582212881000000,1788582272899000000,0
FilePageCache.WAL.entriesFlushedOnRead,1788582212881000000,1788582272899000000,0
FilePageCache.WAL.flushesForcedByOverflow,1788582212881000000,1788582272899000000,0
DirectByteBufferAllocator.totalSizeOfBuffersAllocatedInBytes,1788582212881000000,1788582272899000000,3153920
FilePageCache.WAL.entriesFlushedOnTruncate,1788582212881000000,1788582272899000000,0
StorageLockContext.competingThreads.avg,1788582212881000000,1788582272899000000,0.0
DirectByteBufferAllocator.totalSizeOfBuffersCachedInBytes,1788582212881000000,1788582272899000000,93470720
FilePageCache.capacityInBytes,1788582212881000000,1788582272899000000,629145600
FilePageCache.totalPageDisposalsUs,1788582212881000000,1788582272899000000,0
FilePageCache.maxRegisteredFiles,1788582212881000000,1788582272899000000,1796
FilePageCache.pageHits,1788582212881000000,1788582272899000000,0
StorageLockContext.competingThreads.90P,1788582212881000000,1788582272899000000,0
FilePageCache.uncachedFileAccess,1788582212881000000,1788582272899000000,60
StreamlinedBlobStorage.recordsAllocated,1788582212881000000,1788582272899000000,0
DirectByteBufferAllocator.disposed,1788582212881000000,1788582272899000000,0
DirectByteBufferAllocator.reclaimed,1788582212881000000,1788582272899000000,0
StreamlinedBlobStorage.totalLiveRecordsPayloadBytes,1788582212881000000,1788582272899000000,0
MappedFileStorage.totalTimeSpentOnMappingUs,1788582212881000000,1788582272899000000,72260
MappedFileStorage.totalBytesMapped,1788582212881000000,1788582272899000000,266600448
DirectByteBufferAllocator.hits,1788582212881000000,1788582272899000000,0
DirectByteBufferAllocator.misses,1788582212881000000,1788582272899000000,0
cacheStateStorage.get.counter,1788582212881000000,1788582272899000000,0
cacheStateStorage.set.duration,1788582212881000000,1788582272899000000,0
cacheStateStorage.set.counter,1788582212881000000,1788582272899000000,0
cacheStateStorage.get.duration,1788582212881000000,1788582272899000000,0
Indexing.writer_3.totalTimeSpentWritingMs,1788582212881000000,1788582272899000000,0
Indexing.totalTimeIndexersSleptMs,1788582212881000000,1788582272899000000,0
Indexes.allKeys.lookups,1788582212881000000,1788582272899000000,0
Indexing.writesQueuedMax,1788582212881000000,1788582272899000000,0
Indexes.entries.lookupDurationAvgMs,1788582212881000000,1788582272899000000,0.0
Indexing.writer_1.totalTimeSpentWritingMs,1788582212881000000,1788582272899000000,0
Indexes.allKeys.lookupDuration90PMs,1788582212881000000,1788582272899000000,0.0
Indexes.stubs.lookupDurationMaxMs,1788582212881000000,1788582272899000000,0.0
Indexes.entries.lookupDuration90PMs,1788582212881000000,1788582272899000000,0.0
Indexes.entries.lookupDurationMaxMs,1788582212881000000,1788582272899000000,0.0
Indexing.writer_2.totalTimeSpentWritingMs,1788582212881000000,1788582272899000000,0
Indexes.stubs.lookupDuration90PMs,1788582212881000000,1788582272899000000,0.0
Indexing.writesQueuedMin,1788582212881000000,1788582272899000000,9223372036854775807
Indexing.writer_0.totalTimeSpentWritingMs,1788582212881000000,1788582272899000000,0
Indexing.cache.totalCacheAccesses,1788582212881000000,1788582272899000000,0
Indexes.entries.lookups,1788582212881000000,1788582272899000000,0
Indexes.stubs.lookupDurationAvgMs,1788582212881000000,1788582272899000000,0.0
Indexes.allKeys.lookupDurationMaxMs,1788582212881000000,1788582272899000000,0.0
Indexes.stubs.lookups,1788582212881000000,1788582272899000000,0
Indexing.cache.totalCacheEvicted,1788582212881000000,1788582272899000000,0
Indexes.allKeys.lookupDurationAvgMs,1788582212881000000,1788582272899000000,0.0
Indexing.cache.totalCacheMisses,1788582212881000000,1788582272899000000,0
workspaceModel.check.recursive.update.ms,1788582212881000000,1788582272899000000,0
workspaceModel.cachedValueWithParameters.calculated.count,1788582212881000000,1788582272899000000,0
workspaceModel.loading.total.ms,1788582212881000000,1788582272899000000,0
workspaceModel.workspaceFileIndexData.visitFileSets.ms,1788582212881000000,1788582272899000000,0
workspaceModel.cachedValue.from.cache.count,1788582212881000000,1788582272899000000,0
workspaceModel.non.incremental.contributors.total.update.time.ms,1788582212881000000,1788582272899000000,0
workspaceModel.workspaceFileIndexData.markDirty.ms,1788582212881000000,1788582272899000000,0
workspaceModel.cachedValueWithParameters.clear.count,1788582212881000000,1788582272899000000,0
workspaceModel.cachedValue.total.get.count,1788582212881000000,1788582272899000000,0
workspaceModel.non.incremental.contributors.file.sets.computation.time.ms,1788582212881000000,1788582272899000000,0
workspaceModel.collect.changes.ms,1788582212881000000,1788582272899000000,0
workspaceModel.cachedValueWithParameters.total.get.count,1788582212881000000,1788582272899000000,0
workspaceModel.update.unloaded.entities.ms,1788582212881000000,1788582272899000000,0
workspaceModel.cachedValue.clear.count,1788582212881000000,1788582272899000000,0
workspaceModel.cachedValue.calculated.count,1788582212881000000,1788582272899000000,0
workspaceModel.loading.from.cache.ms,1788582212881000000,1788582272899000000,0
workspaceModel.updates.ms,1788582212881000000,1788582272899000000,0
workspaceModel.workspaceFileIndexData.getFileInfo.ms,1788582212881000000,1788582272899000000,0
workspaceModel.replace.project.model.ms,1788582212881000000,1788582272899000000,0
workspaceModel.updates.count,1788582212881000000,1788582272899000000,0
workspaceModel.on.changed.ms,1788582212881000000,1788582272899000000,0
workspaceModel.workspaceFileIndexData.getPackageName.ms,1788582212881000000,1788582272899000000,0
workspaceModel.workspaceFileIndexData.processFileSets.ms,1788582212881000000,1788582272899000000,0
workspaceModel.pre.handlers.ms,1788582212881000000,1788582272899000000,0
workspaceModel.to.snapshot.ms,1788582212881000000,1788582272899000000,0
workspaceModel.workspaceFileIndexData.getDirectoriesByPackageName.ms,1788582212881000000,1788582272899000000,0
workspaceModel.init.bridges.ms,1788582212881000000,1788582272899000000,0
workspaceModel.workspaceFileIndexData.init.ms,1788582212881000000,1788582272899000000,0
workspaceModel.entityStorageSnapshotImpl.instances.count,1788582212881000000,1788582272899000000,0
workspaceModel.updates.precise.ms,1788582212881000000,1788582272899000000,0
workspaceModel.initializing.ms,1788582212881000000,1788582272899000000,0
workspaceModel.cachedValueWithParameters.from.cache.count,1788582212881000000,1788582272899000000,0
workspaceModel.full.replace.project.model.ms,1788582212881000000,1788582272899000000,0
workspaceModel.workspaceFileIndexData.updateDirtyEntities.ms,1788582212881000000,1788582272899000000,0
workspaceModel.on.before.changed.ms,1788582212881000000,1788582272899000000,0
workspaceModel.workspaceFileIndexData.onEntitiesChanged.ms,1788582212881000000,1788582272899000000,0
workspaceModel.non.incremental.contributors.exclude.roots.computation.time.ms,1788582212881000000,1788582272899000000,0
workspaceModel.workspaceFileIndexContributor.registerFileSets.ms,1788582212881000000,1788582272899000000,0
workspaceModel.workspaceFileIndexData.instances.count,1788582212881000000,1788582272899000000,0
compiler.ArtifactVirtualFileListener.propertyChanged.ms,1788582212881000000,1788582272899000000,0
compiler.ArtifactVirtualFileListener.filePathChanged.ms,1788582212881000000,1788582272899000000,0
compiler.ArtifactManagerBridge.findArtifact.ms,1788582212881000000,1788582272899000000,0
compiler.ArtifactManagerBridge.getArtifacts.ms,1788582212881000000,1788582272899000000,0
compiler.ArtifactManagerBridge.dropMappings.ms,1788582212881000000,1788582272899000000,0
compiler.ArtifactManagerBridge.commit.ms,1788582212881000000,1788582272899000000,0
compiler.ArtifactManagerBridge.getArtifactsByType.ms,1788582212881000000,1788582272899000000,0
compiler.ArtifactManagerBridge.addArtifact.ms,1788582212881000000,1788582272899000000,0
compiler.ArtifactManagerBridge.initBridges.ms,1788582212881000000,1788582272899000000,0
JVM.GC.collectionTimesMs,1788582212881000000,1788582272899000000,0
MEM.ramMinusFileMappingsBytes,1788582212881000000,1788582272899000000,213123072
JVM.usedNativeBytes,1788582212881000000,1788582272899000000,658800288
JVM.totalCpuTimeMs,1788582212881000000,1788582272899000000,1941
JVM.maxThreadCount,1788582212881000000,1788582272899000000,172
JVM.threadCount,1788582212881000000,1788582272899000000,66
JVM.GC.collections,1788582212881000000,1788582272899000000,0
JVM.totalTimeToSafepointsMs,1788582212881000000,1788582272899000000,0
MEM.ramBytes,1788582212881000000,1788582272899000000,243679232
JVM.committedHeapBytes,1788582212881000000,1788582272899000000,1050673152
JVM.usedHeapBytes,1788582212881000000,1788582272899000000,724861952
JVM.totalDirectByteBuffersBytes,1788582212881000000,1788582272899000000,3414024
MEM.ramPlusSwapMinusFileMappingsBytes,1788582212881000000,1788582272899000000,2146056640
JVM.totalSafepointCount,1788582212881000000,1788582272899000000,0
JVM.totalBytesAllocated,1788582212881000000,1788582272899000000,15654672
OS.loadAverage,1788582212881000000,1788582272899000000,3.21728515625
MEM.fileMappingsRamBytes,1788582212881000000,1788582272899000000,30556160
JVM.newThreadsCount,1788582212881000000,1788582272899000000,0
JVM.maxHeapBytes,1788582212881000000,1788582272899000000,2147483648
JVM.totalTimeAtSafepointsMs,1788582212881000000,1788582272899000000,0
workspaceModel.mutableEntityStorage.changeLog.addReplaceEventForNewChild.ms,1788582272899000000,1788582332897000000,0
jps.facet.change.listener.init.bridge.ms,1788582272899000000,1788582332897000000,0
jps.global.get.library.ms,1788582272899000000,1788582332897000000,0
workspaceModel.moduleBridge.update.option.ms,1788582272899000000,1788582332897000000,0
workspaceModel.moduleBridgeLoader.loading.modules.ms,1788582272899000000,1788582332897000000,0
workspaceModel.global.apply.state.to.project.builder.ms,1788582272899000000,1788582332897000000,0
jps.library.entities.serializer.load.entities.ms,1788582272899000000,1788582332897000000,0
workspaceModel.moduleBridge.facet.initialization.ms,1788582272899000000,1788582332897000000,0
jps.global.handle.changed.events.ms,1788582272899000000,1788582332897000000,0
jps.modifiable.module.model.bridge.disposing.ms,1788582272899000000,1788582332897000000,0
workspaceModel.moduleManagerBridge.create.module.instance.ms,1788582272899000000,1788582332897000000,0
jps.reload.project.entities.ms,1788582272899000000,1788582332897000000,0
jps.app.storage.content.reader.load.component.ms,1788582272899000000,1788582332897000000,0
jps.modifiable.module.model.bridge.renaming.ms,1788582272899000000,1788582332897000000,0
workspaceModel.sync.entities.ms,1788582272899000000,1788582332897000000,0
jps.artifact.entities.serializer.save.entities.ms,1788582272899000000,1788582332897000000,0
workspaceModel.moduleManagerBridge.new.nonPersistent.module.ms,1788582272899000000,1788582332897000000,0
jps.app.storage.content.writer.save.component.ms,1788582272899000000,1788582332897000000,0
workspaceModel.mutableEntityStorage.add.entity.ms,1788582272899000000,1788582332897000000,0
workspaceModel.moduleBridge.before.changed.ms,1788582272899000000,1788582332897000000,0
jps.global.handle.before.change.events.ms,1788582272899000000,1788582332897000000,0
workspaceModel.mutableEntityStorage.mutable.ext.mapping.ms,1788582272899000000,1788582332897000000,0
jps.save.changed.project.entities.ms,1788582272899000000,1788582332897000000,0
jps.module.iml.entities.serializer.save.entities.ms,1788582272899000000,1788582332897000000,0
workspaceModel.moduleManagerBridge.set.unloadedModules.ms,1788582272899000000,1788582332897000000,0
workspaceModel.mutableEntityStorage.changeLog.addReplaceEventForRemovedChild.ms,1788582272899000000,1788582332897000000,0
workspaceModel.mutableEntityStorage.changeLog.addReplaceEventForRemovedParent.ms,1788582272899000000,1788582332897000000,0
jps.global.get.library.by.name.ms,1788582272899000000,1788582332897000000,0
workspaceModel.global.apply.state.to.project.ms,1788582272899000000,1788582332897000000,0
workspaceModel.moduleManagerBridge.load.module.ms,1788582272899000000,1788582332897000000,0
workspaceModel.mutableEntityStorage.mutable.vfurl.index.ms,1788582272899000000,1788582332897000000,0
workspaceModel.mutableEntityStorage.entities.ms,1788582272899000000,1788582332897000000,0
jps.global.initialize.library.bridges.after.loading.ms,1788582272899000000,1788582332897000000,0
workspaceModel.mutableEntityStorage.apply.changes.from.ms,1788582272899000000,1788582332897000000,0
workspaceModel.load.cache.metadata.from.file.ms,1788582272899000000,1788582332897000000,0
jps.save.global.entities.ms,1788582272899000000,1788582332897000000,0
workspaceModel.global.updates.ms,1788582272899000000,1788582332897000000,0
workspaceModel.mutableEntityStorage.changeLog.addReplaceEventForNewParent.ms,1788582272899000000,1788582332897000000,0
workspaceModel.mutableEntityStorage.has.same.entities.ms,1788582272899000000,1788582332897000000,0
workspaceModel.mutableEntityStorage.put.entity.ms,1788582272899000000,1788582332897000000,0
jps.load.project.to.empty.storage.ms,1788582272899000000,1788582332897000000,0
jps.project.serializers.load.ms,1788582272899000000,1788582332897000000,0
jps.load.initial.state.ms,1788582272899000000,1788582332897000000,0
workspaceModel.mutableEntityStorage.replace.by.source.ms,1788582272899000000,1788582332897000000,0
workspaceModel.save.cache.to.file.ms,1788582272899000000,1788582332897000000,0
workspaceModel.moduleManagerBridge.newModule.ms,1788582272899000000,1788582332897000000,0
jps.apply.loaded.storage.ms,1788582272899000000,1788582332897000000,0
jps.modifiable.module.model.bridge.new.module.ms,1788582272899000000,1788582332897000000,0
workspaceModel.mutableEntityStorage.entities.by.source.ms,1788582272899000000,1788582332897000000,0
workspaceModel.load.cache.from.file.ms,1788582272899000000,1788582332897000000,0
workspaceModel.mutableEntityStorage.hasReferrers.ms,1788582272899000000,1788582332897000000,0
jps.module.dependency.index.workspace.model.listener.on.changed.ms,1788582272899000000,1788582332897000000,0
jps.global.initialize.library.bridges.ms,1788582272899000000,1788582332897000000,0
workspaceModel.mutableEntityStorage.instances.count,1788582272899000000,1788582332897000000,0
jps.library.entities.serializer.save.entities.ms,1788582272899000000,1788582332897000000,0
workspaceModel.do.save.caches.ms,1788582272899000000,1788582332897000000,0
workspaceModel.moduleManagerBridge.build.module.graph.ms,1788582272899000000,1788582332897000000,0
jps.global.get.libraries.ms,1788582272899000000,1788582332897000000,0
workspaceModel.moduleManagerBridge.get.modules.ms,1788582272899000000,1788582332897000000,0
workspaceModel.mutableEntityStorage.referrers.ms,1788582272899000000,1788582332897000000,0
jps.storage.jps.conf.reader.load.component.ms,1788582272899000000,1788582332897000000,0
jps.modifiable.module.model.bridge.load.module.ms,1788582272899000000,1788582332897000000,0
workspaceModel.orphan.listener.update.ms,1788582272899000000,1788582332897000000,0
jps.module.iml.entities.serializer.load.entities.ms,1788582272899000000,1788582332897000000,0
workspaceModel.mutableEntityStorage.to.snapshot.ms,1788582272899000000,1788582332897000000,0
jps.facet.change.listener.process.change.events.ms,1788582272899000000,1788582332897000000,0
workspaceModel.mutableEntityStorage.collect.changes.ms,1788582272899000000,1788582332897000000,0
workspaceModel.moduleManagerBridge.load.all.modules.ms,1788582272899000000,1788582332897000000,0
workspaceModel.mutableEntityStorage.modify.entity.ms,1788582272899000000,1788582332897000000,0
workspaceModel.mutableEntityStorage.resolve.ms,1788582272899000000,1788582332897000000,0
workspaceModel.global.updates.count,1788582272899000000,1788582332897000000,0
jps.artifact.entities.serializer.load.entities.ms,1788582272899000000,1788582332897000000,0
workspaceModel.mutableEntityStorage.remove.entity.ms,1788582272899000000,1788582332897000000,0
jps.project.serializers.save.ms,1788582272899000000,1788582332897000000,0
jps.facet.change.listener.before.change.events.ms,1788582272899000000,1788582332897000000,0
DiskQueryRelay.taskExecutionTotalTimeUs,1788582272899000000,1788582332897000000,0
writeAction.max.wait.ms,1788582272899000000,1788582332897000000,70
writeAction.wait.ms,1788582272899000000,1788582332897000000,0
DiskQueryRelay.taskWaitingTotalTimeUs,1788582272899000000,1788582332897000000,0
writeAction.count,1788582272899000000,1788582332897000000,0
LowMemory.gcLoad,1788582272899000000,1788582332897000000,7.873329855058526E-5
DiskQueryRelay.tasksExecuted,1788582272899000000,1788582332897000000,0
writeAction.median.wait.ms,1788582272899000000,1788582332897000000,100
DiskQueryRelay.tasksRequested,1788582272899000000,1788582332897000000,0
LowMemory.gcOverloaded,1788582272899000000,1788582332897000000,0
FileNameCache.queries,1788582272899000000,1788582332897000000,0
VFS.cache.directoriesCreated,1788582272899000000,1788582332897000000,0
VFS.cache.filesCreated,1788582272899000000,1788582332897000000,0
VFS.ContentWriter.totalTimeSpentOnAsyncOperationsUs,1788582272899000000,1788582332897000000,0
VFS.fileByIdCache.misses,1788582272899000000,1788582332897000000,0
VFS.contentStorage.recordsStoredCompressed,1788582272899000000,1788582332897000000,0
VFS.folderCaseSensitivityReads,1788582272899000000,1788582332897000000,0
VFS.contentStorage.recordsStored,1788582272899000000,1788582332897000000,0
VFS.contentStorage.recordsRead,1788582272899000000,1788582332897000000,0
VFS.contentStorage.recordsReadSize,1788582272899000000,1788582332897000000,0
VFS.invertedFileNameIndex.requests,1788582272899000000,1788582332897000000,0
VFS.cache.segmentsCreated,1788582272899000000,1788582332897000000,0
VFS.ContentWriter.totalTasksExecutedAsync,1788582272899000000,1788582332897000000,0
VFS.fileByIdCache.hits,1788582272899000000,1788582332897000000,0
VFS.contentStorage.recordsDeduplicated,1788582272899000000,1788582332897000000,0
VFS.cache.segments,1788582272899000000,1788582332897000000,240
VFS.contentStorage.recordsDecompressionTimeUs,1788582272899000000,1788582332897000000,0
VFS.ContentWriter.totalTimeSpentOnSyncOperationsUs,1788582272899000000,1788582332897000000,0
VFS.contentStorage.recordsUncompressedSize,1788582272899000000,1788582332897000000,0
VFS.fileChildByName,1788582272899000000,1788582332897000000,0
VFS.contentStorage.recordsReadDecompressed,1788582272899000000,1788582332897000000,0
VFS.ContentWriter.totalFlushes,1788582272899000000,1788582332897000000,0
VFS.rootsCount,1788582272899000000,1788582332897000000,298.0
VFS.ContentWriter.totalTasksExecutedSync,1788582272899000000,1788582332897000000,0
FileNameCache.totalMisses,1788582272899000000,1788582332897000000,0
VFS.contentStorage.recordsStoredSize,1788582272899000000,1788582332897000000,0
ReadAction.executionsCount,1788582272899000000,1788582332897000000,3
FlushQueue.queueSize90P,1788582272899000000,1788582332897000000,0
NonBlockingReadAction.failedExecutionsCount,1788582272899000000,1788582332897000000,0
FlushQueue.queueSizeAvg,1788582272899000000,1788582332897000000,0.0
AWTEventQueue.dispatchTime90PNs,1788582272899000000,1788582332897000000,0
WriteAction.executionsCount,1788582272899000000,1788582332897000000,0
NonBlockingReadAction.failedExecutionTimeUs,1788582272899000000,1788582332897000000,0
AWTEventQueue.dispatchTimeTotalNS,1788582272899000000,1788582332897000000,13118920
FlushQueue.executionTimeMaxNs,1788582272899000000,1788582332897000000,0
FlushQueue.waitingTimeAvgNs,1788582272899000000,1788582332897000000,0.0
AWTEventQueue.dispatchTimeMaxNs,1788582272899000000,1788582332897000000,0
FlushQueue.waitingTimeMaxNs,1788582272899000000,1788582332897000000,0
FlushQueue.waitingTime90PNs,1788582272899000000,1788582332897000000,0
AWTEventQueue.dispatchTimeAvgNs,1788582272899000000,1788582332897000000,0.0
AWTEventQueue.eventsDispatched,1788582272899000000,1788582332897000000,0
NonBlockingReadAction.finalizedExecutionTimeUs,1788582272899000000,1788582332897000000,0
NonBlockingReadAction.finalizedExecutionsCount,1788582272899000000,1788582332897000000,0
FlushQueue.executionTimeAvgNs,1788582272899000000,1788582332897000000,0.0
FlushQueue.tasksExecuted,1788582272899000000,1788582332897000000,0
FlushQueue.executionTime90PNs,1788582272899000000,1788582332897000000,0
FlushQueue.queueSizeMax,1788582272899000000,1788582332897000000,0
FilePageCache.pageFastCacheHits,1788582272899000000,1788582332897000000,177
FilePageCache.WAL.entriesFlushedOnClose,1788582272899000000,1788582332897000000,0
FilePageCache.WAL.entriesFlushedOnForce,1788582272899000000,1788582332897000000,0
MappedFileStorage.totalPagesMapped,1788582272899000000,1788582332897000000,17
FilePageCache.totalBytesStored,1788582272899000000,1788582332897000000,944
StreamlinedBlobStorage.totalLiveRecordsCapacityBytes,1788582272899000000,1788582332897000000,0
FilePageCache.WAL.bytesCopiedByApplyUnfinished,1788582272899000000,1788582332897000000,0
FilePageCache.maxCacheSizeInBytes,1788582272899000000,1788582332897000000,629153792
StorageLockContext.competingThreads.max,1788582272899000000,1788582332897000000,0
StreamlinedBlobStorage.recordsRelocated,1788582272899000000,1788582332897000000,0
FilePageCache.WAL.entriesFlushed,1788582272899000000,1788582332897000000,0
FilePageCache.disposedBuffers,1788582272899000000,1788582332897000000,0
MappedFileStorage.storages,1788582272899000000,1788582332897000000,17
FilePageCache.totalPageLoadsUs,1788582272899000000,1788582332897000000,0
FilePageCache.pageLoadsAboveSizeThreshold,1788582272899000000,1788582332897000000,0
FileChannelInterruptsRetryer.totalRetriedAttempts,1788582272899000000,1788582332897000000,0
FilePageCache.WAL.bytesQueued,1788582272899000000,1788582332897000000,0
StreamlinedBlobStorage.recordsDeleted,1788582272899000000,1788582332897000000,0
FilePageCache.totalPageStoresUs,1788582272899000000,1788582332897000000,60220
FilePageCache.pageLoads,1788582272899000000,1788582332897000000,0
FilePageCache.WAL.entriesFlushedOnRead,1788582272899000000,1788582332897000000,0
FilePageCache.WAL.flushesForcedByOverflow,1788582272899000000,1788582332897000000,0
DirectByteBufferAllocator.totalSizeOfBuffersAllocatedInBytes,1788582272899000000,1788582332897000000,3153920
FilePageCache.WAL.entriesFlushedOnTruncate,1788582272899000000,1788582332897000000,0
StorageLockContext.competingThreads.avg,1788582272899000000,1788582332897000000,0.0
DirectByteBufferAllocator.totalSizeOfBuffersCachedInBytes,1788582272899000000,1788582332897000000,93470720
FilePageCache.capacityInBytes,1788582272899000000,1788582332897000000,629145600
FilePageCache.totalPageDisposalsUs,1788582272899000000,1788582332897000000,0
FilePageCache.maxRegisteredFiles,1788582272899000000,1788582332897000000,1796
FilePageCache.pageHits,1788582272899000000,1788582332897000000,0
StorageLockContext.competingThreads.90P,1788582272899000000,1788582332897000000,0
FilePageCache.uncachedFileAccess,1788582272899000000,1788582332897000000,59
StreamlinedBlobStorage.recordsAllocated,1788582272899000000,1788582332897000000,0
DirectByteBufferAllocator.disposed,1788582272899000000,1788582332897000000,0
DirectByteBufferAllocator.reclaimed,1788582272899000000,1788582332897000000,0
StreamlinedBlobStorage.totalLiveRecordsPayloadBytes,1788582272899000000,1788582332897000000,0
MappedFileStorage.totalTimeSpentOnMappingUs,1788582272899000000,1788582332897000000,72260
MappedFileStorage.totalBytesMapped,1788582272899000000,1788582332897000000,266600448
DirectByteBufferAllocator.hits,1788582272899000000,1788582332897000000,0
DirectByteBufferAllocator.misses,1788582272899000000,1788582332897000000,0
cacheStateStorage.get.counter,1788582272899000000,1788582332897000000,0
cacheStateStorage.set.duration,1788582272899000000,1788582332897000000,0
cacheStateStorage.set.counter,1788582272899000000,1788582332897000000,0
cacheStateStorage.get.duration,1788582272899000000,1788582332897000000,0
Indexing.writer_3.totalTimeSpentWritingMs,1788582272899000000,1788582332897000000,0
Indexing.totalTimeIndexersSleptMs,1788582272899000000,1788582332897000000,0
Indexes.allKeys.lookups,1788582272899000000,1788582332897000000,0
Indexing.writesQueuedMax,1788582272899000000,1788582332897000000,0
Indexes.entries.lookupDurationAvgMs,1788582272899000000,1788582332897000000,0.0
Indexing.writer_1.totalTimeSpentWritingMs,1788582272899000000,1788582332897000000,0
Indexes.allKeys.lookupDuration90PMs,1788582272899000000,1788582332897000000,0.0
Indexes.stubs.lookupDurationMaxMs,1788582272899000000,1788582332897000000,0.0
Indexes.entries.lookupDuration90PMs,1788582272899000000,1788582332897000000,0.0
Indexes.entries.lookupDurationMaxMs,1788582272899000000,1788582332897000000,0.0
Indexing.writer_2.totalTimeSpentWritingMs,1788582272899000000,1788582332897000000,0
Indexes.stubs.lookupDuration90PMs,1788582272899000000,1788582332897000000,0.0
Indexing.writesQueuedMin,1788582272899000000,1788582332897000000,9223372036854775807
Indexing.writer_0.totalTimeSpentWritingMs,1788582272899000000,1788582332897000000,0
Indexing.cache.totalCacheAccesses,1788582272899000000,1788582332897000000,0
Indexes.entries.lookups,1788582272899000000,1788582332897000000,0
Indexes.stubs.lookupDurationAvgMs,1788582272899000000,1788582332897000000,0.0
Indexes.allKeys.lookupDurationMaxMs,1788582272899000000,1788582332897000000,0.0
Indexes.stubs.lookups,1788582272899000000,1788582332897000000,0
Indexing.cache.totalCacheEvicted,1788582272899000000,1788582332897000000,0
Indexes.allKeys.lookupDurationAvgMs,1788582272899000000,1788582332897000000,0.0
Indexing.cache.totalCacheMisses,1788582272899000000,1788582332897000000,0
workspaceModel.check.recursive.update.ms,1788582272899000000,1788582332897000000,0
workspaceModel.cachedValueWithParameters.calculated.count,1788582272899000000,1788582332897000000,0
workspaceModel.loading.total.ms,1788582272899000000,1788582332897000000,0
workspaceModel.workspaceFileIndexData.visitFileSets.ms,1788582272899000000,1788582332897000000,0
workspaceModel.cachedValue.from.cache.count,1788582272899000000,1788582332897000000,0
workspaceModel.non.incremental.contributors.total.update.time.ms,1788582272899000000,1788582332897000000,0
workspaceModel.workspaceFileIndexData.markDirty.ms,1788582272899000000,1788582332897000000,0
workspaceModel.cachedValueWithParameters.clear.count,1788582272899000000,1788582332897000000,0
workspaceModel.cachedValue.total.get.count,1788582272899000000,1788582332897000000,0
workspaceModel.non.incremental.contributors.file.sets.computation.time.ms,1788582272899000000,1788582332897000000,0
workspaceModel.collect.changes.ms,1788582272899000000,1788582332897000000,0
workspaceModel.cachedValueWithParameters.total.get.count,1788582272899000000,1788582332897000000,0
workspaceModel.update.unloaded.entities.ms,1788582272899000000,1788582332897000000,0
workspaceModel.cachedValue.clear.count,1788582272899000000,1788582332897000000,0
workspaceModel.cachedValue.calculated.count,1788582272899000000,1788582332897000000,0
workspaceModel.loading.from.cache.ms,1788582272899000000,1788582332897000000,0
workspaceModel.updates.ms,1788582272899000000,1788582332897000000,0
workspaceModel.workspaceFileIndexData.getFileInfo.ms,1788582272899000000,1788582332897000000,0
workspaceModel.replace.project.model.ms,1788582272899000000,1788582332897000000,0
workspaceModel.updates.count,1788582272899000000,1788582332897000000,0
workspaceModel.on.changed.ms,1788582272899000000,1788582332897000000,0
workspaceModel.workspaceFileIndexData.getPackageName.ms,1788582272899000000,1788582332897000000,0
workspaceModel.workspaceFileIndexData.processFileSets.ms,1788582272899000000,1788582332897000000,0
workspaceModel.pre.handlers.ms,1788582272899000000,1788582332897000000,0
workspaceModel.to.snapshot.ms,1788582272899000000,1788582332897000000,0
workspaceModel.workspaceFileIndexData.getDirectoriesByPackageName.ms,1788582272899000000,1788582332897000000,0
workspaceModel.init.bridges.ms,1788582272899000000,1788582332897000000,0
workspaceModel.workspaceFileIndexData.init.ms,1788582272899000000,1788582332897000000,0
workspaceModel.entityStorageSnapshotImpl.instances.count,1788582272899000000,1788582332897000000,0
workspaceModel.updates.precise.ms,1788582272899000000,1788582332897000000,0
workspaceModel.initializing.ms,1788582272899000000,1788582332897000000,0
workspaceModel.cachedValueWithParameters.from.cache.count,1788582272899000000,1788582332897000000,0
workspaceModel.full.replace.project.model.ms,1788582272899000000,1788582332897000000,0
workspaceModel.workspaceFileIndexData.updateDirtyEntities.ms,1788582272899000000,1788582332897000000,0
workspaceModel.on.before.changed.ms,1788582272899000000,1788582332897000000,0
workspaceModel.workspaceFileIndexData.onEntitiesChanged.ms,1788582272899000000,1788582332897000000,0
workspaceModel.non.incremental.contributors.exclude.roots.computation.time.ms,1788582272899000000,1788582332897000000,0
workspaceModel.workspaceFileIndexContributor.registerFileSets.ms,1788582272899000000,1788582332897000000,0
workspaceModel.workspaceFileIndexData.instances.count,1788582272899000000,1788582332897000000,0
compiler.ArtifactVirtualFileListener.propertyChanged.ms,1788582272899000000,1788582332897000000,0
compiler.ArtifactVirtualFileListener.filePathChanged.ms,1788582272899000000,1788582332897000000,0
compiler.ArtifactManagerBridge.findArtifact.ms,1788582272899000000,1788582332897000000,0
compiler.ArtifactManagerBridge.getArtifacts.ms,1788582272899000000,1788582332897000000,0
compiler.ArtifactManagerBridge.dropMappings.ms,1788582272899000000,1788582332897000000,0
compiler.ArtifactManagerBridge.commit.ms,1788582272899000000,1788582332897000000,0
compiler.ArtifactManagerBridge.getArtifactsByType.ms,1788582272899000000,1788582332897000000,0
compiler.ArtifactManagerBridge.addArtifact.ms,1788582272899000000,1788582332897000000,0
compiler.ArtifactManagerBridge.initBridges.ms,1788582272899000000,1788582332897000000,0
JVM.GC.collectionTimesMs,1788582272899000000,1788582332897000000,0
MEM.ramMinusFileMappingsBytes,1788582272899000000,1788582332897000000,243384320
JVM.usedNativeBytes,1788582272899000000,1788582332897000000,659084480
JVM.totalCpuTimeMs,1788582272899000000,1788582332897000000,1819
JVM.maxThreadCount,1788582272899000000,1788582332897000000,172
JVM.threadCount,1788582272899000000,1788582332897000000,66
JVM.GC.collections,1788582272899000000,1788582332897000000,0
JVM.totalTimeToSafepointsMs,1788582272899000000,1788582332897000000,0
MEM.ramBytes,1788582272899000000,1788582332897000000,272662528
JVM.committedHeapBytes,1788582272899000000,1788582332897000000,1050673152
JVM.usedHeapBytes,1788582272899000000,1788582332897000000,741639168
JVM.totalDirectByteBuffersBytes,1788582272899000000,1788582332897000000,3414024
MEM.ramPlusSwapMinusFileMappingsBytes,1788582272899000000,1788582332897000000,2146073024
JVM.totalSafepointCount,1788582272899000000,1788582332897000000,0
JVM.totalBytesAllocated,1788582272899000000,1788582332897000000,16214952
OS.loadAverage,1788582272899000000,1788582332897000000,3.10595703125
MEM.fileMappingsRamBytes,1788582272899000000,1788582332897000000,29278208
JVM.newThreadsCount,1788582272899000000,1788582332897000000,0
JVM.maxHeapBytes,1788582272899000000,1788582332897000000,2147483648
JVM.totalTimeAtSafepointsMs,1788582272899000000,1788582332897000000,0
workspaceModel.mutableEntityStorage.changeLog.addReplaceEventForNewChild.ms,1788582332897000000,1788582392906000000,0
jps.facet.change.listener.init.bridge.ms,1788582332897000000,1788582392906000000,0
jps.global.get.library.ms,1788582332897000000,1788582392906000000,0
workspaceModel.moduleBridge.update.option.ms,1788582332897000000,1788582392906000000,0
workspaceModel.moduleBridgeLoader.loading.modules.ms,1788582332897000000,1788582392906000000,0
workspaceModel.global.apply.state.to.project.builder.ms,1788582332897000000,1788582392906000000,0
jps.library.entities.serializer.load.entities.ms,1788582332897000000,1788582392906000000,0
workspaceModel.moduleBridge.facet.initialization.ms,1788582332897000000,1788582392906000000,0
jps.global.handle.changed.events.ms,1788582332897000000,1788582392906000000,0
jps.modifiable.module.model.bridge.disposing.ms,1788582332897000000,1788582392906000000,0
workspaceModel.moduleManagerBridge.create.module.instance.ms,1788582332897000000,1788582392906000000,0
jps.reload.project.entities.ms,1788582332897000000,1788582392906000000,0
jps.app.storage.content.reader.load.component.ms,1788582332897000000,1788582392906000000,0
jps.modifiable.module.model.bridge.renaming.ms,1788582332897000000,1788582392906000000,0
workspaceModel.sync.entities.ms,1788582332897000000,1788582392906000000,0
jps.artifact.entities.serializer.save.entities.ms,1788582332897000000,1788582392906000000,0
workspaceModel.moduleManagerBridge.new.nonPersistent.module.ms,1788582332897000000,1788582392906000000,0
jps.app.storage.content.writer.save.component.ms,1788582332897000000,1788582392906000000,13
workspaceModel.mutableEntityStorage.add.entity.ms,1788582332897000000,1788582392906000000,0
workspaceModel.moduleBridge.before.changed.ms,1788582332897000000,1788582392906000000,0
jps.global.handle.before.change.events.ms,1788582332897000000,1788582392906000000,0
workspaceModel.mutableEntityStorage.mutable.ext.mapping.ms,1788582332897000000,1788582392906000000,0
jps.save.changed.project.entities.ms,1788582332897000000,1788582392906000000,7
jps.module.iml.entities.serializer.save.entities.ms,1788582332897000000,1788582392906000000,0
workspaceModel.moduleManagerBridge.set.unloadedModules.ms,1788582332897000000,1788582392906000000,0
workspaceModel.mutableEntityStorage.changeLog.addReplaceEventForRemovedChild.ms,1788582332897000000,1788582392906000000,0
workspaceModel.mutableEntityStorage.changeLog.addReplaceEventForRemovedParent.ms,1788582332897000000,1788582392906000000,0
jps.global.get.library.by.name.ms,1788582332897000000,1788582392906000000,0
workspaceModel.global.apply.state.to.project.ms,1788582332897000000,1788582392906000000,0
workspaceModel.moduleManagerBridge.load.module.ms,1788582332897000000,1788582392906000000,0
workspaceModel.mutableEntityStorage.mutable.vfurl.index.ms,1788582332897000000,1788582392906000000,0
workspaceModel.mutableEntityStorage.entities.ms,1788582332897000000,1788582392906000000,0
jps.global.initialize.library.bridges.after.loading.ms,1788582332897000000,1788582392906000000,0
workspaceModel.mutableEntityStorage.apply.changes.from.ms,1788582332897000000,1788582392906000000,0
workspaceModel.load.cache.metadata.from.file.ms,1788582332897000000,1788582392906000000,0
jps.save.global.entities.ms,1788582332897000000,1788582392906000000,45
workspaceModel.global.updates.ms,1788582332897000000,1788582392906000000,0
workspaceModel.mutableEntityStorage.changeLog.addReplaceEventForNewParent.ms,1788582332897000000,1788582392906000000,0
workspaceModel.mutableEntityStorage.has.same.entities.ms,1788582332897000000,1788582392906000000,0
workspaceModel.mutableEntityStorage.put.entity.ms,1788582332897000000,1788582392906000000,0
jps.load.project.to.empty.storage.ms,1788582332897000000,1788582392906000000,0
jps.project.serializers.load.ms,1788582332897000000,1788582392906000000,0
jps.load.initial.state.ms,1788582332897000000,1788582392906000000,0
workspaceModel.mutableEntityStorage.replace.by.source.ms,1788582332897000000,1788582392906000000,0
workspaceModel.save.cache.to.file.ms,1788582332897000000,1788582392906000000,0
workspaceModel.moduleManagerBridge.newModule.ms,1788582332897000000,1788582392906000000,0
jps.apply.loaded.storage.ms,1788582332897000000,1788582392906000000,0
jps.modifiable.module.model.bridge.new.module.ms,1788582332897000000,1788582392906000000,0
workspaceModel.mutableEntityStorage.entities.by.source.ms,1788582332897000000,1788582392906000000,0
workspaceModel.load.cache.from.file.ms,1788582332897000000,1788582392906000000,0
workspaceModel.mutableEntityStorage.hasReferrers.ms,1788582332897000000,1788582392906000000,0
jps.module.dependency.index.workspace.model.listener.on.changed.ms,1788582332897000000,1788582392906000000,0
jps.global.initialize.library.bridges.ms,1788582332897000000,1788582392906000000,0
workspaceModel.mutableEntityStorage.instances.count,1788582332897000000,1788582392906000000,0
jps.library.entities.serializer.save.entities.ms,1788582332897000000,1788582392906000000,0
workspaceModel.do.save.caches.ms,1788582332897000000,1788582392906000000,0
workspaceModel.moduleManagerBridge.build.module.graph.ms,1788582332897000000,1788582392906000000,0
jps.global.get.libraries.ms,1788582332897000000,1788582392906000000,0
workspaceModel.moduleManagerBridge.get.modules.ms,1788582332897000000,1788582392906000000,0
workspaceModel.mutableEntityStorage.referrers.ms,1788582332897000000,1788582392906000000,0
jps.storage.jps.conf.reader.load.component.ms,1788582332897000000,1788582392906000000,0
jps.modifiable.module.model.bridge.load.module.ms,1788582332897000000,1788582392906000000,0
workspaceModel.orphan.listener.update.ms,1788582332897000000,1788582392906000000,0
jps.module.iml.entities.serializer.load.entities.ms,1788582332897000000,1788582392906000000,0
workspaceModel.mutableEntityStorage.to.snapshot.ms,1788582332897000000,1788582392906000000,0
jps.facet.change.listener.process.change.events.ms,1788582332897000000,1788582392906000000,0
workspaceModel.mutableEntityStorage.collect.changes.ms,1788582332897000000,1788582392906000000,0
workspaceModel.moduleManagerBridge.load.all.modules.ms,1788582332897000000,1788582392906000000,0
workspaceModel.mutableEntityStorage.modify.entity.ms,1788582332897000000,1788582392906000000,0
workspaceModel.mutableEntityStorage.resolve.ms,1788582332897000000,1788582392906000000,0
workspaceModel.global.updates.count,1788582332897000000,1788582392906000000,0
jps.artifact.entities.serializer.load.entities.ms,1788582332897000000,1788582392906000000,0
workspaceModel.mutableEntityStorage.remove.entity.ms,1788582332897000000,1788582392906000000,0
jps.project.serializers.save.ms,1788582332897000000,1788582392906000000,5
jps.facet.change.listener.before.change.events.ms,1788582332897000000,1788582392906000000,0
DiskQueryRelay.taskExecutionTotalTimeUs,1788582332897000000,1788582392906000000,186889
writeAction.max.wait.ms,1788582332897000000,1788582392906000000,70
writeAction.wait.ms,1788582332897000000,1788582392906000000,0
DiskQueryRelay.taskWaitingTotalTimeUs,1788582332897000000,1788582392906000000,196337
writeAction.count,1788582332897000000,1788582392906000000,0
LowMemory.gcLoad,1788582332897000000,1788582392906000000,0.00595920562165767
DiskQueryRelay.tasksExecuted,1788582332897000000,1788582392906000000,355
writeAction.median.wait.ms,1788582332897000000,1788582392906000000,100
DiskQueryRelay.tasksRequested,1788582332897000000,1788582392906000000,355
LowMemory.gcOverloaded,1788582332897000000,1788582392906000000,0
FileNameCache.queries,1788582332897000000,1788582392906000000,2368
VFS.cache.directoriesCreated,1788582332897000000,1788582392906000000,0
VFS.cache.filesCreated,1788582332897000000,1788582392906000000,851
VFS.ContentWriter.totalTimeSpentOnAsyncOperationsUs,1788582332897000000,1788582392906000000,0
VFS.fileByIdCache.misses,1788582332897000000,1788582392906000000,2
VFS.contentStorage.recordsStoredCompressed,1788582332897000000,1788582392906000000,0
VFS.folderCaseSensitivityReads,1788582332897000000,1788582392906000000,0
VFS.contentStorage.recordsStored,1788582332897000000,1788582392906000000,0
VFS.contentStorage.recordsRead,1788582332897000000,1788582392906000000,0
VFS.contentStorage.recordsReadSize,1788582332897000000,1788582392906000000,0
VFS.invertedFileNameIndex.requests,1788582332897000000,1788582392906000000,0
VFS.cache.segmentsCreated,1788582332897000000,1788582392906000000,0
VFS.ContentWriter.totalTasksExecutedAsync,1788582332897000000,1788582392906000000,0
VFS.fileByIdCache.hits,1788582332897000000,1788582392906000000,0
VFS.contentStorage.recordsDeduplicated,1788582332897000000,1788582392906000000,0
VFS.cache.segments,1788582332897000000,1788582392906000000,216
VFS.contentStorage.recordsDecompressionTimeUs,1788582332897000000,1788582392906000000,0
VFS.ContentWriter.totalTimeSpentOnSyncOperationsUs,1788582332897000000,1788582392906000000,0
VFS.contentStorage.recordsUncompressedSize,1788582332897000000,1788582392906000000,0
VFS.fileChildByName,1788582332897000000,1788582392906000000,165
VFS.contentStorage.recordsReadDecompressed,1788582332897000000,1788582392906000000,0
VFS.ContentWriter.totalFlushes,1788582332897000000,1788582392906000000,0
VFS.rootsCount,1788582332897000000,1788582392906000000,298.0
VFS.ContentWriter.totalTasksExecutedSync,1788582332897000000,1788582392906000000,0
FileNameCache.totalMisses,1788582332897000000,1788582392906000000,0
VFS.contentStorage.recordsStoredSize,1788582332897000000,1788582392906000000,0
ReadAction.executionsCount,1788582332897000000,1788582392906000000,1945
FlushQueue.queueSize90P,1788582332897000000,1788582392906000000,0
NonBlockingReadAction.failedExecutionsCount,1788582332897000000,1788582392906000000,0
FlushQueue.queueSizeAvg,1788582332897000000,1788582392906000000,0.0
AWTEventQueue.dispatchTime90PNs,1788582332897000000,1788582392906000000,0
WriteAction.executionsCount,1788582332897000000,1788582392906000000,0
NonBlockingReadAction.failedExecutionTimeUs,1788582332897000000,1788582392906000000,0
AWTEventQueue.dispatchTimeTotalNS,1788582332897000000,1788582392906000000,4518502462
FlushQueue.executionTimeMaxNs,1788582332897000000,1788582392906000000,0
FlushQueue.waitingTimeAvgNs,1788582332897000000,1788582392906000000,0.0
AWTEventQueue.dispatchTimeMaxNs,1788582332897000000,1788582392906000000,0
FlushQueue.waitingTimeMaxNs,1788582332897000000,1788582392906000000,0
FlushQueue.waitingTime90PNs,1788582332897000000,1788582392906000000,0
AWTEventQueue.dispatchTimeAvgNs,1788582332897000000,1788582392906000000,0.0
AWTEventQueue.eventsDispatched,1788582332897000000,1788582392906000000,0
NonBlockingReadAction.finalizedExecutionTimeUs,1788582332897000000,1788582392906000000,380695
NonBlockingReadAction.finalizedExecutionsCount,1788582332897000000,1788582392906000000,16
FlushQueue.executionTimeAvgNs,1788582332897000000,1788582392906000000,0.0
FlushQueue.tasksExecuted,1788582332897000000,1788582392906000000,0
FlushQueue.executionTime90PNs,1788582332897000000,1788582392906000000,0
FlushQueue.queueSizeMax,1788582332897000000,1788582392906000000,0
FilePageCache.pageFastCacheHits,1788582332897000000,1788582392906000000,183
FilePageCache.WAL.entriesFlushedOnClose,1788582332897000000,1788582392906000000,0
FilePageCache.WAL.entriesFlushedOnForce,1788582332897000000,1788582392906000000,0
MappedFileStorage.totalPagesMapped,1788582332897000000,1788582392906000000,17
FilePageCache.totalBytesStored,1788582332897000000,1788582392906000000,960
StreamlinedBlobStorage.totalLiveRecordsCapacityBytes,1788582332897000000,1788582392906000000,0
FilePageCache.WAL.bytesCopiedByApplyUnfinished,1788582332897000000,1788582392906000000,0
FilePageCache.maxCacheSizeInBytes,1788582332897000000,1788582392906000000,629153792
StorageLockContext.competingThreads.max,1788582332897000000,1788582392906000000,0
StreamlinedBlobStorage.recordsRelocated,1788582332897000000,1788582392906000000,0
FilePageCache.WAL.entriesFlushed,1788582332897000000,1788582392906000000,0
FilePageCache.disposedBuffers,1788582332897000000,1788582392906000000,4
MappedFileStorage.storages,1788582332897000000,1788582392906000000,17
FilePageCache.totalPageLoadsUs,1788582332897000000,1788582392906000000,4437
FilePageCache.pageLoadsAboveSizeThreshold,1788582332897000000,1788582392906000000,0
FileChannelInterruptsRetryer.totalRetriedAttempts,1788582332897000000,1788582392906000000,0
FilePageCache.WAL.bytesQueued,1788582332897000000,1788582392906000000,0
StreamlinedBlobStorage.recordsDeleted,1788582332897000000,1788582392906000000,0
FilePageCache.totalPageStoresUs,1788582332897000000,1788582392906000000,43009
FilePageCache.pageLoads,1788582332897000000,1788582392906000000,4
FilePageCache.WAL.entriesFlushedOnRead,1788582332897000000,1788582392906000000,0
FilePageCache.WAL.flushesForcedByOverflow,1788582332897000000,1788582392906000000,0
DirectByteBufferAllocator.totalSizeOfBuffersAllocatedInBytes,1788582332897000000,1788582392906000000,3153920
FilePageCache.WAL.entriesFlushedOnTruncate,1788582332897000000,1788582392906000000,0
StorageLockContext.competingThreads.avg,1788582332897000000,1788582392906000000,0.0
DirectByteBufferAllocator.totalSizeOfBuffersCachedInBytes,1788582332897000000,1788582392906000000,96624640
FilePageCache.capacityInBytes,1788582332897000000,1788582392906000000,629145600
FilePageCache.totalPageDisposalsUs,1788582332897000000,1788582392906000000,14
FilePageCache.maxRegisteredFiles,1788582332897000000,1788582392906000000,1796
FilePageCache.pageHits,1788582332897000000,1788582392906000000,0
StorageLockContext.competingThreads.90P,1788582332897000000,1788582392906000000,0
FilePageCache.uncachedFileAccess,1788582332897000000,1788582392906000000,64
StreamlinedBlobStorage.recordsAllocated,1788582332897000000,1788582392906000000,0
DirectByteBufferAllocator.disposed,1788582332897000000,1788582392906000000,4
DirectByteBufferAllocator.reclaimed,1788582332897000000,1788582392906000000,4
StreamlinedBlobStorage.totalLiveRecordsPayloadBytes,1788582332897000000,1788582392906000000,0
MappedFileStorage.totalTimeSpentOnMappingUs,1788582332897000000,1788582392906000000,72260
MappedFileStorage.totalBytesMapped,1788582332897000000,1788582392906000000,266600448
DirectByteBufferAllocator.hits,1788582332897000000,1788582392906000000,0
DirectByteBufferAllocator.misses,1788582332897000000,1788582392906000000,4
cacheStateStorage.get.counter,1788582332897000000,1788582392906000000,0
cacheStateStorage.set.duration,1788582332897000000,1788582392906000000,4
cacheStateStorage.set.counter,1788582332897000000,1788582392906000000,10
cacheStateStorage.get.duration,1788582332897000000,1788582392906000000,0
Indexing.writer_3.totalTimeSpentWritingMs,1788582332897000000,1788582392906000000,0
Indexing.totalTimeIndexersSleptMs,1788582332897000000,1788582392906000000,0
Indexes.allKeys.lookups,1788582332897000000,1788582392906000000,0
Indexing.writesQueuedMax,1788582332897000000,1788582392906000000,0
Indexes.entries.lookupDurationAvgMs,1788582332897000000,1788582392906000000,0.0
Indexing.writer_1.totalTimeSpentWritingMs,1788582332897000000,1788582392906000000,0
Indexes.allKeys.lookupDuration90PMs,1788582332897000000,1788582392906000000,0.0
Indexes.stubs.lookupDurationMaxMs,1788582332897000000,1788582392906000000,0.0
Indexes.entries.lookupDuration90PMs,1788582332897000000,1788582392906000000,0.0
Indexes.entries.lookupDurationMaxMs,1788582332897000000,1788582392906000000,0.0
Indexing.writer_2.totalTimeSpentWritingMs,1788582332897000000,1788582392906000000,0
Indexes.stubs.lookupDuration90PMs,1788582332897000000,1788582392906000000,0.0
Indexing.writesQueuedMin,1788582332897000000,1788582392906000000,9223372036854775807
Indexing.writer_0.totalTimeSpentWritingMs,1788582332897000000,1788582392906000000,0
Indexing.cache.totalCacheAccesses,1788582332897000000,1788582392906000000,28
Indexes.entries.lookups,1788582332897000000,1788582392906000000,0
Indexes.stubs.lookupDurationAvgMs,1788582332897000000,1788582392906000000,0.0
Indexes.allKeys.lookupDurationMaxMs,1788582332897000000,1788582392906000000,0.0
Indexes.stubs.lookups,1788582332897000000,1788582392906000000,14
Indexing.cache.totalCacheEvicted,1788582332897000000,1788582392906000000,10
Indexes.allKeys.lookupDurationAvgMs,1788582332897000000,1788582392906000000,0.0
Indexing.cache.totalCacheMisses,1788582332897000000,1788582392906000000,10
workspaceModel.check.recursive.update.ms,1788582332897000000,1788582392906000000,0
workspaceModel.cachedValueWithParameters.calculated.count,1788582332897000000,1788582392906000000,0
workspaceModel.loading.total.ms,1788582332897000000,1788582392906000000,0
workspaceModel.workspaceFileIndexData.visitFileSets.ms,1788582332897000000,1788582392906000000,0
workspaceModel.cachedValue.from.cache.count,1788582332897000000,1788582392906000000,8
workspaceModel.non.incremental.contributors.total.update.time.ms,1788582332897000000,1788582392906000000,0
workspaceModel.workspaceFileIndexData.markDirty.ms,1788582332897000000,1788582392906000000,0
workspaceModel.cachedValueWithParameters.clear.count,1788582332897000000,1788582392906000000,0
workspaceModel.cachedValue.total.get.count,1788582332897000000,1788582392906000000,8
workspaceModel.non.incremental.contributors.file.sets.computation.time.ms,1788582332897000000,1788582392906000000,0
workspaceModel.collect.changes.ms,1788582332897000000,1788582392906000000,0
workspaceModel.cachedValueWithParameters.total.get.count,1788582332897000000,1788582392906000000,0
workspaceModel.update.unloaded.entities.ms,1788582332897000000,1788582392906000000,0
workspaceModel.cachedValue.clear.count,1788582332897000000,1788582392906000000,0
workspaceModel.cachedValue.calculated.count,1788582332897000000,1788582392906000000,0
workspaceModel.loading.from.cache.ms,1788582332897000000,1788582392906000000,0
workspaceModel.updates.ms,1788582332897000000,1788582392906000000,0
workspaceModel.workspaceFileIndexData.getFileInfo.ms,1788582332897000000,1788582392906000000,1
workspaceModel.replace.project.model.ms,1788582332897000000,1788582392906000000,0
workspaceModel.updates.count,1788582332897000000,1788582392906000000,0
workspaceModel.on.changed.ms,1788582332897000000,1788582392906000000,0
workspaceModel.workspaceFileIndexData.getPackageName.ms,1788582332897000000,1788582392906000000,0
workspaceModel.workspaceFileIndexData.processFileSets.ms,1788582332897000000,1788582392906000000,0
workspaceModel.pre.handlers.ms,1788582332897000000,1788582392906000000,0
workspaceModel.to.snapshot.ms,1788582332897000000,1788582392906000000,0
workspaceModel.workspaceFileIndexData.getDirectoriesByPackageName.ms,1788582332897000000,1788582392906000000,0
workspaceModel.init.bridges.ms,1788582332897000000,1788582392906000000,0
workspaceModel.workspaceFileIndexData.init.ms,1788582332897000000,1788582392906000000,0
workspaceModel.entityStorageSnapshotImpl.instances.count,1788582332897000000,1788582392906000000,0
workspaceModel.updates.precise.ms,1788582332897000000,1788582392906000000,0
workspaceModel.initializing.ms,1788582332897000000,1788582392906000000,0
workspaceModel.cachedValueWithParameters.from.cache.count,1788582332897000000,1788582392906000000,0
workspaceModel.full.replace.project.model.ms,1788582332897000000,1788582392906000000,0
workspaceModel.workspaceFileIndexData.updateDirtyEntities.ms,1788582332897000000,1788582392906000000,0
workspaceModel.on.before.changed.ms,1788582332897000000,1788582392906000000,0
workspaceModel.workspaceFileIndexData.onEntitiesChanged.ms,1788582332897000000,1788582392906000000,0
workspaceModel.non.incremental.contributors.exclude.roots.computation.time.ms,1788582332897000000,1788582392906000000,0
workspaceModel.workspaceFileIndexContributor.registerFileSets.ms,1788582332897000000,1788582392906000000,0
workspaceModel.workspaceFileIndexData.instances.count,1788582332897000000,1788582392906000000,0
compiler.ArtifactVirtualFileListener.propertyChanged.ms,1788582332897000000,1788582392906000000,0
compiler.ArtifactVirtualFileListener.filePathChanged.ms,1788582332897000000,1788582392906000000,0
compiler.ArtifactManagerBridge.findArtifact.ms,1788582332897000000,1788582392906000000,0
compiler.ArtifactManagerBridge.getArtifacts.ms,1788582332897000000,1788582392906000000,0
compiler.ArtifactManagerBridge.dropMappings.ms,1788582332897000000,1788582392906000000,0
compiler.ArtifactManagerBridge.commit.ms,1788582332897000000,1788582392906000000,0
compiler.ArtifactManagerBridge.getArtifactsByType.ms,1788582332897000000,1788582392906000000,0
compiler.ArtifactManagerBridge.addArtifact.ms,1788582332897000000,1788582392906000000,0
compiler.ArtifactManagerBridge.initBridges.ms,1788582332897000000,1788582392906000000,0
JVM.GC.collectionTimesMs,1788582332897000000,1788582392906000000,1453
MEM.ramMinusFileMappingsBytes,1788582332897000000,1788582392906000000,232079360
JVM.usedNativeBytes,1788582332897000000,1788582392906000000,658407656
JVM.totalCpuTimeMs,1788582332897000000,1788582392906000000,10607
JVM.maxThreadCount,1788582332897000000,1788582392906000000,172
JVM.threadCount,1788582332897000000,1788582392906000000,74
JVM.GC.collections,1788582332897000000,1788582392906000000,4
JVM.totalTimeToSafepointsMs,1788582332897000000,1788582392906000000,2
MEM.ramBytes,1788582332897000000,1788582392906000000,264028160
JVM.committedHeapBytes,1788582332897000000,1788582392906000000,775946240
JVM.usedHeapBytes,1788582332897000000,1788582392906000000,467214832
JVM.totalDirectByteBuffersBytes,1788582332897000000,1788582392906000000,3414024
MEM.ramPlusSwapMinusFileMappingsBytes,1788582332897000000,1788582392906000000,1887205248
JVM.totalSafepointCount,1788582332897000000,1788582392906000000,4
JVM.totalBytesAllocated,1788582332897000000,1788582392906000000,98023312
OS.loadAverage,1788582332897000000,1788582392906000000,2.28515625
MEM.fileMappingsRamBytes,1788582332897000000,1788582392906000000,31948800
JVM.newThreadsCount,1788582332897000000,1788582392906000000,8
JVM.maxHeapBytes,1788582332897000000,1788582392906000000,2147483648
JVM.totalTimeAtSafepointsMs,1788582332897000000,1788582392906000000,1452
workspaceModel.mutableEntityStorage.changeLog.addReplaceEventForNewChild.ms,1788582392906000000,1788582452847000000,0
jps.facet.change.listener.init.bridge.ms,1788582392906000000,1788582452847000000,0
jps.global.get.library.ms,1788582392906000000,1788582452847000000,0
workspaceModel.moduleBridge.update.option.ms,1788582392906000000,1788582452847000000,0
workspaceModel.moduleBridgeLoader.loading.modules.ms,1788582392906000000,1788582452847000000,0
workspaceModel.global.apply.state.to.project.builder.ms,1788582392906000000,1788582452847000000,0
jps.library.entities.serializer.load.entities.ms,1788582392906000000,1788582452847000000,0
workspaceModel.moduleBridge.facet.initialization.ms,1788582392906000000,1788582452847000000,0
jps.global.handle.changed.events.ms,1788582392906000000,1788582452847000000,0
jps.modifiable.module.model.bridge.disposing.ms,1788582392906000000,1788582452847000000,0
workspaceModel.moduleManagerBridge.create.module.instance.ms,1788582392906000000,1788582452847000000,0
jps.reload.project.entities.ms,1788582392906000000,1788582452847000000,0
jps.app.storage.content.reader.load.component.ms,1788582392906000000,1788582452847000000,0
jps.modifiable.module.model.bridge.renaming.ms,1788582392906000000,1788582452847000000,0
workspaceModel.sync.entities.ms,1788582392906000000,1788582452847000000,0
jps.artifact.entities.serializer.save.entities.ms,1788582392906000000,1788582452847000000,0
workspaceModel.moduleManagerBridge.new.nonPersistent.module.ms,1788582392906000000,1788582452847000000,0
jps.app.storage.content.writer.save.component.ms,1788582392906000000,1788582452847000000,1
workspaceModel.mutableEntityStorage.add.entity.ms,1788582392906000000,1788582452847000000,0
workspaceModel.moduleBridge.before.changed.ms,1788582392906000000,1788582452847000000,0
jps.global.handle.before.change.events.ms,1788582392906000000,1788582452847000000,0
workspaceModel.mutableEntityStorage.mutable.ext.mapping.ms,1788582392906000000,1788582452847000000,0
jps.save.changed.project.entities.ms,1788582392906000000,1788582452847000000,1
jps.module.iml.entities.serializer.save.entities.ms,1788582392906000000,1788582452847000000,0
workspaceModel.moduleManagerBridge.set.unloadedModules.ms,1788582392906000000,1788582452847000000,0
workspaceModel.mutableEntityStorage.changeLog.addReplaceEventForRemovedChild.ms,1788582392906000000,1788582452847000000,0
workspaceModel.mutableEntityStorage.changeLog.addReplaceEventForRemovedParent.ms,1788582392906000000,1788582452847000000,0
jps.global.get.library.by.name.ms,1788582392906000000,1788582452847000000,0
workspaceModel.global.apply.state.to.project.ms,1788582392906000000,1788582452847000000,0
workspaceModel.moduleManagerBridge.load.module.ms,1788582392906000000,1788582452847000000,0
workspaceModel.mutableEntityStorage.mutable.vfurl.index.ms,1788582392906000000,1788582452847000000,0
workspaceModel.mutableEntityStorage.entities.ms,1788582392906000000,1788582452847000000,0
jps.global.initialize.library.bridges.after.loading.ms,1788582392906000000,1788582452847000000,0
workspaceModel.mutableEntityStorage.apply.changes.from.ms,1788582392906000000,1788582452847000000,0
workspaceModel.load.cache.metadata.from.file.ms,1788582392906000000,1788582452847000000,0
jps.save.global.entities.ms,1788582392906000000,1788582452847000000,4
workspaceModel.global.updates.ms,1788582392906000000,1788582452847000000,0
workspaceModel.mutableEntityStorage.changeLog.addReplaceEventForNewParent.ms,1788582392906000000,1788582452847000000,0
workspaceModel.mutableEntityStorage.has.same.entities.ms,1788582392906000000,1788582452847000000,0
workspaceModel.mutableEntityStorage.put.entity.ms,1788582392906000000,1788582452847000000,0
jps.load.project.to.empty.storage.ms,1788582392906000000,1788582452847000000,0
jps.project.serializers.load.ms,1788582392906000000,1788582452847000000,0
jps.load.initial.state.ms,1788582392906000000,1788582452847000000,0
workspaceModel.mutableEntityStorage.replace.by.source.ms,1788582392906000000,1788582452847000000,0
workspaceModel.save.cache.to.file.ms,1788582392906000000,1788582452847000000,0
workspaceModel.moduleManagerBridge.newModule.ms,1788582392906000000,1788582452847000000,0
jps.apply.loaded.storage.ms,1788582392906000000,1788582452847000000,0
jps.modifiable.module.model.bridge.new.module.ms,1788582392906000000,1788582452847000000,0
workspaceModel.mutableEntityStorage.entities.by.source.ms,1788582392906000000,1788582452847000000,0
workspaceModel.load.cache.from.file.ms,1788582392906000000,1788582452847000000,0
workspaceModel.mutableEntityStorage.hasReferrers.ms,1788582392906000000,1788582452847000000,0
jps.module.dependency.index.workspace.model.listener.on.changed.ms,1788582392906000000,1788582452847000000,0
jps.global.initialize.library.bridges.ms,1788582392906000000,1788582452847000000,0
workspaceModel.mutableEntityStorage.instances.count,1788582392906000000,1788582452847000000,0
jps.library.entities.serializer.save.entities.ms,1788582392906000000,1788582452847000000,0
workspaceModel.do.save.caches.ms,1788582392906000000,1788582452847000000,0
workspaceModel.moduleManagerBridge.build.module.graph.ms,1788582392906000000,1788582452847000000,0
jps.global.get.libraries.ms,1788582392906000000,1788582452847000000,0
workspaceModel.moduleManagerBridge.get.modules.ms,1788582392906000000,1788582452847000000,0
workspaceModel.mutableEntityStorage.referrers.ms,1788582392906000000,1788582452847000000,0
jps.storage.jps.conf.reader.load.component.ms,1788582392906000000,1788582452847000000,0
jps.modifiable.module.model.bridge.load.module.ms,1788582392906000000,1788582452847000000,0
workspaceModel.orphan.listener.update.ms,1788582392906000000,1788582452847000000,0
jps.module.iml.entities.serializer.load.entities.ms,1788582392906000000,1788582452847000000,0
workspaceModel.mutableEntityStorage.to.snapshot.ms,1788582392906000000,1788582452847000000,0
jps.facet.change.listener.process.change.events.ms,1788582392906000000,1788582452847000000,0
workspaceModel.mutableEntityStorage.collect.changes.ms,1788582392906000000,1788582452847000000,0
workspaceModel.moduleManagerBridge.load.all.modules.ms,1788582392906000000,1788582452847000000,0
workspaceModel.mutableEntityStorage.modify.entity.ms,1788582392906000000,1788582452847000000,0
workspaceModel.mutableEntityStorage.resolve.ms,1788582392906000000,1788582452847000000,0
workspaceModel.global.updates.count,1788582392906000000,1788582452847000000,0
jps.artifact.entities.serializer.load.entities.ms,1788582392906000000,1788582452847000000,0
workspaceModel.mutableEntityStorage.remove.entity.ms,1788582392906000000,1788582452847000000,0
jps.project.serializers.save.ms,1788582392906000000,1788582452847000000,0
jps.facet.change.listener.before.change.events.ms,1788582392906000000,1788582452847000000,0
DiskQueryRelay.taskExecutionTotalTimeUs,1788582392906000000,1788582452847000000,86843
parser.XML.time.ns,1788582392906000000,1788582452847000000,22
writeAction.max.wait.ms,1788582392906000000,1788582452847000000,70
lexer.XML.size.bytes,1788582392906000000,1788582452847000000,326021
writeAction.wait.ms,1788582392906000000,1788582452847000000,0
DiskQueryRelay.taskWaitingTotalTimeUs,1788582392906000000,1788582452847000000,88620
writeAction.count,1788582392906000000,1788582452847000000,4
lexer.XML.time.ns,1788582392906000000,1788582452847000000,11596540
LowMemory.gcLoad,1788582392906000000,1788582452847000000,0.0030590822877365107
DiskQueryRelay.tasksExecuted,1788582392906000000,1788582452847000000,155
writeAction.median.wait.ms,1788582392906000000,1788582452847000000,100
DiskQueryRelay.tasksRequested,1788582392906000000,1788582452847000000,155
parser.XML.size.bytes,1788582392906000000,1788582452847000000,326021
LowMemory.gcOverloaded,1788582392906000000,1788582452847000000,0
FileNameCache.queries,1788582392906000000,1788582452847000000,15040
VFS.cache.directoriesCreated,1788582392906000000,1788582452847000000,0
VFS.cache.filesCreated,1788582392906000000,1788582452847000000,1603
VFS.ContentWriter.totalTimeSpentOnAsyncOperationsUs,1788582392906000000,1788582452847000000,0
VFS.fileByIdCache.misses,1788582392906000000,1788582452847000000,7
VFS.contentStorage.recordsStoredCompressed,1788582392906000000,1788582452847000000,0
VFS.folderCaseSensitivityReads,1788582392906000000,1788582452847000000,0
VFS.contentStorage.recordsStored,1788582392906000000,1788582452847000000,0
VFS.contentStorage.recordsRead,1788582392906000000,1788582452847000000,42
VFS.contentStorage.recordsReadSize,1788582392906000000,1788582452847000000,330974
VFS.invertedFileNameIndex.requests,1788582392906000000,1788582452847000000,2
VFS.cache.segmentsCreated,1788582392906000000,1788582452847000000,0
VFS.ContentWriter.totalTasksExecutedAsync,1788582392906000000,1788582452847000000,0
VFS.fileByIdCache.hits,1788582392906000000,1788582452847000000,0
VFS.contentStorage.recordsDeduplicated,1788582392906000000,1788582452847000000,0
VFS.cache.segments,1788582392906000000,1788582452847000000,216
VFS.contentStorage.recordsDecompressionTimeUs,1788582392906000000,1788582452847000000,1318
VFS.ContentWriter.totalTimeSpentOnSyncOperationsUs,1788582392906000000,1788582452847000000,0
VFS.contentStorage.recordsUncompressedSize,1788582392906000000,1788582452847000000,0
VFS.fileChildByName,1788582392906000000,1788582452847000000,8398
VFS.contentStorage.recordsReadDecompressed,1788582392906000000,1788582452847000000,15
VFS.ContentWriter.totalFlushes,1788582392906000000,1788582452847000000,0
VFS.rootsCount,1788582392906000000,1788582452847000000,298.0
VFS.ContentWriter.totalTasksExecutedSync,1788582392906000000,1788582452847000000,0
FileNameCache.totalMisses,1788582392906000000,1788582452847000000,64
VFS.contentStorage.recordsStoredSize,1788582392906000000,1788582452847000000,0
ReadAction.executionsCount,1788582392906000000,1788582452847000000,1279
FlushQueue.queueSize90P,1788582392906000000,1788582452847000000,0
NonBlockingReadAction.failedExecutionsCount,1788582392906000000,1788582452847000000,0
FlushQueue.queueSizeAvg,1788582392906000000,1788582452847000000,0.0
AWTEventQueue.dispatchTime90PNs,1788582392906000000,1788582452847000000,0
WriteAction.executionsCount,1788582392906000000,1788582452847000000,4
NonBlockingReadAction.failedExecutionTimeUs,1788582392906000000,1788582452847000000,0
AWTEventQueue.dispatchTimeTotalNS,1788582392906000000,1788582452847000000,2193104760
FlushQueue.executionTimeMaxNs,1788582392906000000,1788582452847000000,0
FlushQueue.waitingTimeAvgNs,1788582392906000000,1788582452847000000,0.0
AWTEventQueue.dispatchTimeMaxNs,1788582392906000000,1788582452847000000,0
FlushQueue.waitingTimeMaxNs,1788582392906000000,1788582452847000000,0
FlushQueue.waitingTime90PNs,1788582392906000000,1788582452847000000,0
AWTEventQueue.dispatchTimeAvgNs,1788582392906000000,1788582452847000000,0.0
AWTEventQueue.eventsDispatched,1788582392906000000,1788582452847000000,0
NonBlockingReadAction.finalizedExecutionTimeUs,1788582392906000000,1788582452847000000,220129
NonBlockingReadAction.finalizedExecutionsCount,1788582392906000000,1788582452847000000,29
FlushQueue.executionTimeAvgNs,1788582392906000000,1788582452847000000,0.0
FlushQueue.tasksExecuted,1788582392906000000,1788582452847000000,0
FlushQueue.executionTime90PNs,1788582392906000000,1788582452847000000,0
FlushQueue.queueSizeMax,1788582392906000000,1788582452847000000,0
FilePageCache.pageFastCacheHits,1788582392906000000,1788582452847000000,729
FilePageCache.WAL.entriesFlushedOnClose,1788582392906000000,1788582452847000000,0
FilePageCache.WAL.entriesFlushedOnForce,1788582392906000000,1788582452847000000,0
MappedFileStorage.totalPagesMapped,1788582392906000000,1788582452847000000,17
FilePageCache.totalBytesStored,1788582392906000000,1788582452847000000,944
StreamlinedBlobStorage.totalLiveRecordsCapacityBytes,1788582392906000000,1788582452847000000,0
FilePageCache.WAL.bytesCopiedByApplyUnfinished,1788582392906000000,1788582452847000000,0
FilePageCache.maxCacheSizeInBytes,1788582392906000000,1788582452847000000,629153792
StorageLockContext.competingThreads.max,1788582392906000000,1788582452847000000,0
StreamlinedBlobStorage.recordsRelocated,1788582392906000000,1788582452847000000,0
FilePageCache.WAL.entriesFlushed,1788582392906000000,1788582452847000000,0
FilePageCache.disposedBuffers,1788582392906000000,1788582452847000000,0
MappedFileStorage.storages,1788582392906000000,1788582452847000000,17
FilePageCache.totalPageLoadsUs,1788582392906000000,1788582452847000000,137334
FilePageCache.pageLoadsAboveSizeThreshold,1788582392906000000,1788582452847000000,0
FileChannelInterruptsRetryer.totalRetriedAttempts,1788582392906000000,1788582452847000000,0
FilePageCache.WAL.bytesQueued,1788582392906000000,1788582452847000000,0
StreamlinedBlobStorage.recordsDeleted,1788582392906000000,1788582452847000000,0
FilePageCache.totalPageStoresUs,1788582392906000000,1788582452847000000,49730
FilePageCache.pageLoads,1788582392906000000,1788582452847000000,13
FilePageCache.WAL.entriesFlushedOnRead,1788582392906000000,1788582452847000000,0
FilePageCache.WAL.flushesForcedByOverflow,1788582392906000000,1788582452847000000,0
DirectByteBufferAllocator.totalSizeOfBuffersAllocatedInBytes,1788582392906000000,1788582452847000000,16785408
FilePageCache.WAL.entriesFlushedOnTruncate,1788582392906000000,1788582452847000000,0
StorageLockContext.competingThreads.avg,1788582392906000000,1788582452847000000,0.0
DirectByteBufferAllocator.totalSizeOfBuffersCachedInBytes,1788582392906000000,1788582452847000000,96624640
FilePageCache.capacityInBytes,1788582392906000000,1788582452847000000,629145600
FilePageCache.totalPageDisposalsUs,1788582392906000000,1788582452847000000,47
FilePageCache.maxRegisteredFiles,1788582392906000000,1788582452847000000,1796
FilePageCache.pageHits,1788582392906000000,1788582452847000000,0
StorageLockContext.competingThreads.90P,1788582392906000000,1788582452847000000,0
FilePageCache.uncachedFileAccess,1788582392906000000,1788582452847000000,65
StreamlinedBlobStorage.recordsAllocated,1788582392906000000,1788582452847000000,0
DirectByteBufferAllocator.disposed,1788582392906000000,1788582452847000000,0
DirectByteBufferAllocator.reclaimed,1788582392906000000,1788582452847000000,0
StreamlinedBlobStorage.totalLiveRecordsPayloadBytes,1788582392906000000,1788582452847000000,0
MappedFileStorage.totalTimeSpentOnMappingUs,1788582392906000000,1788582452847000000,72260
MappedFileStorage.totalBytesMapped,1788582392906000000,1788582452847000000,266600448
DirectByteBufferAllocator.hits,1788582392906000000,1788582452847000000,0
DirectByteBufferAllocator.misses,1788582392906000000,1788582452847000000,13
cacheStateStorage.get.counter,1788582392906000000,1788582452847000000,2
cacheStateStorage.set.duration,1788582392906000000,1788582452847000000,0
cacheStateStorage.set.counter,1788582392906000000,1788582452847000000,0
cacheStateStorage.get.duration,1788582392906000000,1788582452847000000,26
Indexing.writer_3.totalTimeSpentWritingMs,1788582392906000000,1788582452847000000,157
Indexing.totalTimeIndexersSleptMs,1788582392906000000,1788582452847000000,0
Indexes.allKeys.lookups,1788582392906000000,1788582452847000000,0
Indexing.writesQueuedMax,1788582392906000000,1788582452847000000,0
Indexes.entries.lookupDurationAvgMs,1788582392906000000,1788582452847000000,0.0
Indexing.writer_1.totalTimeSpentWritingMs,1788582392906000000,1788582452847000000,50
Indexes.allKeys.lookupDuration90PMs,1788582392906000000,1788582452847000000,0.0
Indexes.stubs.lookupDurationMaxMs,1788582392906000000,1788582452847000000,0.0
Indexes.entries.lookupDuration90PMs,1788582392906000000,1788582452847000000,0.0
Indexes.entries.lookupDurationMaxMs,1788582392906000000,1788582452847000000,0.0
Indexing.writer_2.totalTimeSpentWritingMs,1788582392906000000,1788582452847000000,25
Indexes.stubs.lookupDuration90PMs,1788582392906000000,1788582452847000000,0.0
Indexing.writesQueuedMin,1788582392906000000,1788582452847000000,9223372036854775807
Indexing.writer_0.totalTimeSpentWritingMs,1788582392906000000,1788582452847000000,53
Indexing.cache.totalCacheAccesses,1788582392906000000,1788582452847000000,229
Indexes.entries.lookups,1788582392906000000,1788582452847000000,2
Indexes.stubs.lookupDurationAvgMs,1788582392906000000,1788582452847000000,0.0
Indexes.allKeys.lookupDurationMaxMs,1788582392906000000,1788582452847000000,0.0
Indexes.stubs.lookups,1788582392906000000,1788582452847000000,66
Indexing.cache.totalCacheEvicted,1788582392906000000,1788582452847000000,138
Indexes.allKeys.lookupDurationAvgMs,1788582392906000000,1788582452847000000,0.0
Indexing.cache.totalCacheMisses,1788582392906000000,1788582452847000000,138
workspaceModel.check.recursive.update.ms,1788582392906000000,1788582452847000000,0
workspaceModel.cachedValueWithParameters.calculated.count,1788582392906000000,1788582452847000000,0
workspaceModel.loading.total.ms,1788582392906000000,1788582452847000000,0
workspaceModel.workspaceFileIndexData.visitFileSets.ms,1788582392906000000,1788582452847000000,0
workspaceModel.cachedValue.from.cache.count,1788582392906000000,1788582452847000000,242
workspaceModel.non.incremental.contributors.total.update.time.ms,1788582392906000000,1788582452847000000,0
workspaceModel.workspaceFileIndexData.markDirty.ms,1788582392906000000,1788582452847000000,0
workspaceModel.cachedValueWithParameters.clear.count,1788582392906000000,1788582452847000000,0
workspaceModel.cachedValue.total.get.count,1788582392906000000,1788582452847000000,242
workspaceModel.non.incremental.contributors.file.sets.computation.time.ms,1788582392906000000,1788582452847000000,0
workspaceModel.collect.changes.ms,1788582392906000000,1788582452847000000,0
workspaceModel.cachedValueWithParameters.total.get.count,1788582392906000000,1788582452847000000,2
workspaceModel.update.unloaded.entities.ms,1788582392906000000,1788582452847000000,0
workspaceModel.cachedValue.clear.count,1788582392906000000,1788582452847000000,0
workspaceModel.cachedValue.calculated.count,1788582392906000000,1788582452847000000,0
workspaceModel.loading.from.cache.ms,1788582392906000000,1788582452847000000,0
workspaceModel.updates.ms,1788582392906000000,1788582452847000000,0
workspaceModel.workspaceFileIndexData.getFileInfo.ms,1788582392906000000,1788582452847000000,12
workspaceModel.replace.project.model.ms,1788582392906000000,1788582452847000000,0
workspaceModel.updates.count,1788582392906000000,1788582452847000000,0
workspaceModel.on.changed.ms,1788582392906000000,1788582452847000000,0
workspaceModel.workspaceFileIndexData.getPackageName.ms,1788582392906000000,1788582452847000000,0
workspaceModel.workspaceFileIndexData.processFileSets.ms,1788582392906000000,1788582452847000000,0
workspaceModel.pre.handlers.ms,1788582392906000000,1788582452847000000,0
workspaceModel.to.snapshot.ms,1788582392906000000,1788582452847000000,0
workspaceModel.workspaceFileIndexData.getDirectoriesByPackageName.ms,1788582392906000000,1788582452847000000,0
workspaceModel.init.bridges.ms,1788582392906000000,1788582452847000000,0
workspaceModel.workspaceFileIndexData.init.ms,1788582392906000000,1788582452847000000,0
workspaceModel.entityStorageSnapshotImpl.instances.count,1788582392906000000,1788582452847000000,0
workspaceModel.updates.precise.ms,1788582392906000000,1788582452847000000,0
workspaceModel.initializing.ms,1788582392906000000,1788582452847000000,0
workspaceModel.cachedValueWithParameters.from.cache.count,1788582392906000000,1788582452847000000,2
workspaceModel.full.replace.project.model.ms,1788582392906000000,1788582452847000000,0
workspaceModel.workspaceFileIndexData.updateDirtyEntities.ms,1788582392906000000,1788582452847000000,0
workspaceModel.on.before.changed.ms,1788582392906000000,1788582452847000000,0
workspaceModel.workspaceFileIndexData.onEntitiesChanged.ms,1788582392906000000,1788582452847000000,0
workspaceModel.non.incremental.contributors.exclude.roots.computation.time.ms,1788582392906000000,1788582452847000000,0
workspaceModel.workspaceFileIndexContributor.registerFileSets.ms,1788582392906000000,1788582452847000000,0
workspaceModel.workspaceFileIndexData.instances.count,1788582392906000000,1788582452847000000,0
compiler.ArtifactVirtualFileListener.propertyChanged.ms,1788582392906000000,1788582452847000000,0
compiler.ArtifactVirtualFileListener.filePathChanged.ms,1788582392906000000,1788582452847000000,0
compiler.ArtifactManagerBridge.findArtifact.ms,1788582392906000000,1788582452847000000,0
compiler.ArtifactManagerBridge.getArtifacts.ms,1788582392906000000,1788582452847000000,0
compiler.ArtifactManagerBridge.dropMappings.ms,1788582392906000000,1788582452847000000,0
compiler.ArtifactManagerBridge.commit.ms,1788582392906000000,1788582452847000000,0
compiler.ArtifactManagerBridge.getArtifactsByType.ms,1788582392906000000,1788582452847000000,0
compiler.ArtifactManagerBridge.addArtifact.ms,1788582392906000000,1788582452847000000,0
compiler.ArtifactManagerBridge.initBridges.ms,1788582392906000000,1788582452847000000,0
JVM.GC.collectionTimesMs,1788582392906000000,1788582452847000000,75
MEM.ramMinusFileMappingsBytes,1788582392906000000,1788582452847000000,451166208
JVM.usedNativeBytes,1788582392906000000,1788582452847000000,663749616
JVM.totalCpuTimeMs,1788582392906000000,1788582452847000000,9277
JVM.maxThreadCount,1788582392906000000,1788582452847000000,172
JVM.threadCount,1788582392906000000,1788582452847000000,80
JVM.GC.collections,1788582392906000000,1788582452847000000,4
JVM.totalTimeToSafepointsMs,1788582392906000000,1788582452847000000,2
MEM.ramBytes,1788582392906000000,1788582452847000000,485130240
JVM.committedHeapBytes,1788582392906000000,1788582452847000000,788529152
JVM.usedHeapBytes,1788582392906000000,1788582452847000000,621046768
JVM.totalDirectByteBuffersBytes,1788582392906000000,1788582452847000000,17045512
MEM.ramPlusSwapMinusFileMappingsBytes,1788582392906000000,1788582452847000000,1888171904
JVM.totalSafepointCount,1788582392906000000,1788582452847000000,4
JVM.totalBytesAllocated,1788582392906000000,1788582452847000000,395668520
OS.loadAverage,1788582392906000000,1788582452847000000,2.31640625
MEM.fileMappingsRamBytes,1788582392906000000,1788582452847000000,33947648
JVM.newThreadsCount,1788582392906000000,1788582452847000000,11
JVM.maxHeapBytes,1788582392906000000,1788582452847000000,2147483648
JVM.totalTimeAtSafepointsMs,1788582392906000000,1788582452847000000,76
workspaceModel.mutableEntityStorage.changeLog.addReplaceEventForNewChild.ms,1788582452847000000,1788582493610000000,0
jps.facet.change.listener.init.bridge.ms,1788582452847000000,1788582493610000000,0
jps.global.get.library.ms,1788582452847000000,1788582493610000000,0
workspaceModel.moduleBridge.update.option.ms,1788582452847000000,1788582493610000000,0
workspaceModel.moduleBridgeLoader.loading.modules.ms,1788582452847000000,1788582493610000000,0
workspaceModel.global.apply.state.to.project.builder.ms,1788582452847000000,1788582493610000000,0
jps.library.entities.serializer.load.entities.ms,1788582452847000000,1788582493610000000,0
workspaceModel.moduleBridge.facet.initialization.ms,1788582452847000000,1788582493610000000,0
jps.global.handle.changed.events.ms,1788582452847000000,1788582493610000000,0
jps.modifiable.module.model.bridge.disposing.ms,1788582452847000000,1788582493610000000,0
workspaceModel.moduleManagerBridge.create.module.instance.ms,1788582452847000000,1788582493610000000,0
jps.reload.project.entities.ms,1788582452847000000,1788582493610000000,0
jps.app.storage.content.reader.load.component.ms,1788582452847000000,1788582493610000000,0
jps.modifiable.module.model.bridge.renaming.ms,1788582452847000000,1788582493610000000,0
workspaceModel.sync.entities.ms,1788582452847000000,1788582493610000000,0
jps.artifact.entities.serializer.save.entities.ms,1788582452847000000,1788582493610000000,0
workspaceModel.moduleManagerBridge.new.nonPersistent.module.ms,1788582452847000000,1788582493610000000,0
jps.app.storage.content.writer.save.component.ms,1788582452847000000,1788582493610000000,0
workspaceModel.mutableEntityStorage.add.entity.ms,1788582452847000000,1788582493610000000,0
workspaceModel.moduleBridge.before.changed.ms,1788582452847000000,1788582493610000000,0
jps.global.handle.before.change.events.ms,1788582452847000000,1788582493610000000,0
workspaceModel.mutableEntityStorage.mutable.ext.mapping.ms,1788582452847000000,1788582493610000000,0
jps.save.changed.project.entities.ms,1788582452847000000,1788582493610000000,1
jps.module.iml.entities.serializer.save.entities.ms,1788582452847000000,1788582493610000000,0
workspaceModel.moduleManagerBridge.set.unloadedModules.ms,1788582452847000000,1788582493610000000,0
workspaceModel.mutableEntityStorage.changeLog.addReplaceEventForRemovedChild.ms,1788582452847000000,1788582493610000000,0
workspaceModel.mutableEntityStorage.changeLog.addReplaceEventForRemovedParent.ms,1788582452847000000,1788582493610000000,0
jps.global.get.library.by.name.ms,1788582452847000000,1788582493610000000,0
workspaceModel.global.apply.state.to.project.ms,1788582452847000000,1788582493610000000,0
workspaceModel.moduleManagerBridge.load.module.ms,1788582452847000000,1788582493610000000,0
workspaceModel.mutableEntityStorage.mutable.vfurl.index.ms,1788582452847000000,1788582493610000000,0
workspaceModel.mutableEntityStorage.entities.ms,1788582452847000000,1788582493610000000,0
jps.global.initialize.library.bridges.after.loading.ms,1788582452847000000,1788582493610000000,0
workspaceModel.mutableEntityStorage.apply.changes.from.ms,1788582452847000000,1788582493610000000,0
workspaceModel.load.cache.metadata.from.file.ms,1788582452847000000,1788582493610000000,0
jps.save.global.entities.ms,1788582452847000000,1788582493610000000,1
workspaceModel.global.updates.ms,1788582452847000000,1788582493610000000,0
workspaceModel.mutableEntityStorage.changeLog.addReplaceEventForNewParent.ms,1788582452847000000,1788582493610000000,0
workspaceModel.mutableEntityStorage.has.same.entities.ms,1788582452847000000,1788582493610000000,0
workspaceModel.mutableEntityStorage.put.entity.ms,1788582452847000000,1788582493610000000,0
jps.load.project.to.empty.storage.ms,1788582452847000000,1788582493610000000,0
jps.project.serializers.load.ms,1788582452847000000,1788582493610000000,0
jps.load.initial.state.ms,1788582452847000000,1788582493610000000,0
workspaceModel.mutableEntityStorage.replace.by.source.ms,1788582452847000000,1788582493610000000,0
workspaceModel.save.cache.to.file.ms,1788582452847000000,1788582493610000000,0
workspaceModel.moduleManagerBridge.newModule.ms,1788582452847000000,1788582493610000000,0
jps.apply.loaded.storage.ms,1788582452847000000,1788582493610000000,0
jps.modifiable.module.model.bridge.new.module.ms,1788582452847000000,1788582493610000000,0
workspaceModel.mutableEntityStorage.entities.by.source.ms,1788582452847000000,1788582493610000000,0
workspaceModel.load.cache.from.file.ms,1788582452847000000,1788582493610000000,0
workspaceModel.mutableEntityStorage.hasReferrers.ms,1788582452847000000,1788582493610000000,0
jps.module.dependency.index.workspace.model.listener.on.changed.ms,1788582452847000000,1788582493610000000,0
jps.global.initialize.library.bridges.ms,1788582452847000000,1788582493610000000,0
workspaceModel.mutableEntityStorage.instances.count,1788582452847000000,1788582493610000000,0
jps.library.entities.serializer.save.entities.ms,1788582452847000000,1788582493610000000,0
workspaceModel.do.save.caches.ms,1788582452847000000,1788582493610000000,0
workspaceModel.moduleManagerBridge.build.module.graph.ms,1788582452847000000,1788582493610000000,0
jps.global.get.libraries.ms,1788582452847000000,1788582493610000000,0
workspaceModel.moduleManagerBridge.get.modules.ms,1788582452847000000,1788582493610000000,0
workspaceModel.mutableEntityStorage.referrers.ms,1788582452847000000,1788582493610000000,0
jps.storage.jps.conf.reader.load.component.ms,1788582452847000000,1788582493610000000,0
jps.modifiable.module.model.bridge.load.module.ms,1788582452847000000,1788582493610000000,0
workspaceModel.orphan.listener.update.ms,1788582452847000000,1788582493610000000,0
jps.module.iml.entities.serializer.load.entities.ms,1788582452847000000,1788582493610000000,0
workspaceModel.mutableEntityStorage.to.snapshot.ms,1788582452847000000,1788582493610000000,0
jps.facet.change.listener.process.change.events.ms,1788582452847000000,1788582493610000000,0
workspaceModel.mutableEntityStorage.collect.changes.ms,1788582452847000000,1788582493610000000,0
workspaceModel.moduleManagerBridge.load.all.modules.ms,1788582452847000000,1788582493610000000,0
workspaceModel.mutableEntityStorage.modify.entity.ms,1788582452847000000,1788582493610000000,0
workspaceModel.mutableEntityStorage.resolve.ms,1788582452847000000,1788582493610000000,0
workspaceModel.global.updates.count,1788582452847000000,1788582493610000000,0
jps.artifact.entities.serializer.load.entities.ms,1788582452847000000,1788582493610000000,0
workspaceModel.mutableEntityStorage.remove.entity.ms,1788582452847000000,1788582493610000000,0
jps.project.serializers.save.ms,1788582452847000000,1788582493610000000,1
jps.facet.change.listener.before.change.events.ms,1788582452847000000,1788582493610000000,0
writeAction.max.wait.ms,1788582452847000000,1788582493610000000,70
writeAction.wait.ms,1788582452847000000,1788582493610000000,0
writeAction.count,1788582452847000000,1788582493610000000,2
LowMemory.gcLoad,1788582452847000000,1788582493610000000,0.005030144477687819
writeAction.median.wait.ms,1788582452847000000,1788582493610000000,100
LowMemory.gcOverloaded,1788582452847000000,1788582493610000000,0
VFS.ContentWriter.totalTimeSpentOnAsyncOperationsUs,1788582452847000000,1788582493610000000,0
VFS.ContentWriter.totalTasksExecutedAsync,1788582452847000000,1788582493610000000,0
VFS.ContentWriter.totalTimeSpentOnSyncOperationsUs,1788582452847000000,1788582493610000000,0
VFS.ContentWriter.totalFlushes,1788582452847000000,1788582493610000000,0
VFS.ContentWriter.totalTasksExecutedSync,1788582452847000000,1788582493610000000,0
NonBlockingReadAction.failedExecutionsCount,1788582452847000000,1788582493610000000,0
NonBlockingReadAction.failedExecutionTimeUs,1788582452847000000,1788582493610000000,0
AWTEventQueue.dispatchTimeTotalNS,1788582452847000000,1788582493610000000,1167811704
NonBlockingReadAction.finalizedExecutionTimeUs,1788582452847000000,1788582493610000000,78324
NonBlockingReadAction.finalizedExecutionsCount,1788582452847000000,1788582493610000000,5
FilePageCache.pageFastCacheHits,1788582452847000000,1788582493610000000,292
FilePageCache.WAL.entriesFlushedOnClose,1788582452847000000,1788582493610000000,0
FilePageCache.WAL.entriesFlushedOnForce,1788582452847000000,1788582493610000000,0
FilePageCache.totalBytesStored,1788582452847000000,1788582493610000000,173826
FilePageCache.WAL.bytesCopiedByApplyUnfinished,1788582452847000000,1788582493610000000,0
FilePageCache.maxCacheSizeInBytes,1788582452847000000,1788582493610000000,629153792
StorageLockContext.competingThreads.max,1788582452847000000,1788582493610000000,0
FilePageCache.WAL.entriesFlushed,1788582452847000000,1788582493610000000,0
FilePageCache.disposedBuffers,1788582452847000000,1788582493610000000,35
FilePageCache.totalPageLoadsUs,1788582452847000000,1788582493610000000,13665
FilePageCache.pageLoadsAboveSizeThreshold,1788582452847000000,1788582493610000000,0
FileChannelInterruptsRetryer.totalRetriedAttempts,1788582452847000000,1788582493610000000,0
FilePageCache.WAL.bytesQueued,1788582452847000000,1788582493610000000,0
FilePageCache.totalPageStoresUs,1788582452847000000,1788582493610000000,31860
FilePageCache.pageLoads,1788582452847000000,1788582493610000000,18
FilePageCache.WAL.entriesFlushedOnRead,1788582452847000000,1788582493610000000,0
FilePageCache.WAL.flushesForcedByOverflow,1788582452847000000,1788582493610000000,0
DirectByteBufferAllocator.totalSizeOfBuffersAllocatedInBytes,1788582452847000000,1788582493610000000,0
FilePageCache.WAL.entriesFlushedOnTruncate,1788582452847000000,1788582493610000000,0
StorageLockContext.competingThreads.avg,1788582452847000000,1788582493610000000,0.0
DirectByteBufferAllocator.totalSizeOfBuffersCachedInBytes,1788582452847000000,1788582493610000000,105021440
FilePageCache.capacityInBytes,1788582452847000000,1788582493610000000,629145600
FilePageCache.totalPageDisposalsUs,1788582452847000000,1788582493610000000,25
FilePageCache.maxRegisteredFiles,1788582452847000000,1788582493610000000,1796
FilePageCache.pageHits,1788582452847000000,1788582493610000000,0
StorageLockContext.competingThreads.90P,1788582452847000000,1788582493610000000,0
FilePageCache.uncachedFileAccess,1788582452847000000,1788582493610000000,93
DirectByteBufferAllocator.disposed,1788582452847000000,1788582493610000000,35
DirectByteBufferAllocator.reclaimed,1788582452847000000,1788582493610000000,9
DirectByteBufferAllocator.hits,1788582452847000000,1788582493610000000,0
DirectByteBufferAllocator.misses,1788582452847000000,1788582493610000000,18
cacheStateStorage.get.counter,1788582452847000000,1788582493610000000,0
cacheStateStorage.set.duration,1788582452847000000,1788582493610000000,0
cacheStateStorage.set.counter,1788582452847000000,1788582493610000000,11
cacheStateStorage.get.duration,1788582452847000000,1788582493610000000,0
Indexing.writer_3.totalTimeSpentWritingMs,1788582452847000000,1788582493610000000,0
Indexing.totalTimeIndexersSleptMs,1788582452847000000,1788582493610000000,0
Indexes.allKeys.lookups,1788582452847000000,1788582493610000000,1
Indexing.writesQueuedMax,1788582452847000000,1788582493610000000,0
Indexes.entries.lookupDurationAvgMs,1788582452847000000,1788582493610000000,0.0
Indexing.writer_1.totalTimeSpentWritingMs,1788582452847000000,1788582493610000000,0
Indexes.allKeys.lookupDuration90PMs,1788582452847000000,1788582493610000000,0.0
Indexes.stubs.lookupDurationMaxMs,1788582452847000000,1788582493610000000,0.0
Indexes.entries.lookupDuration90PMs,1788582452847000000,1788582493610000000,0.0
Indexes.entries.lookupDurationMaxMs,1788582452847000000,1788582493610000000,0.0
Indexing.writer_2.totalTimeSpentWritingMs,1788582452847000000,1788582493610000000,0
Indexes.stubs.lookupDuration90PMs,1788582452847000000,1788582493610000000,0.0
Indexing.writesQueuedMin,1788582452847000000,1788582493610000000,9223372036854775807
Indexing.writer_0.totalTimeSpentWritingMs,1788582452847000000,1788582493610000000,0
Indexing.cache.totalCacheAccesses,1788582452847000000,1788582493610000000,28
Indexes.entries.lookups,1788582452847000000,1788582493610000000,0
Indexes.stubs.lookupDurationAvgMs,1788582452847000000,1788582493610000000,0.0
Indexes.allKeys.lookupDurationMaxMs,1788582452847000000,1788582493610000000,0.0
Indexes.stubs.lookups,1788582452847000000,1788582493610000000,14
Indexing.cache.totalCacheEvicted,1788582452847000000,1788582493610000000,59
Indexes.allKeys.lookupDurationAvgMs,1788582452847000000,1788582493610000000,0.0
Indexing.cache.totalCacheMisses,1788582452847000000,1788582493610000000,10
workspaceModel.check.recursive.update.ms,1788582452847000000,1788582493610000000,0
workspaceModel.cachedValueWithParameters.calculated.count,1788582452847000000,1788582493610000000,0
workspaceModel.loading.total.ms,1788582452847000000,1788582493610000000,0
workspaceModel.workspaceFileIndexData.visitFileSets.ms,1788582452847000000,1788582493610000000,0
workspaceModel.cachedValue.from.cache.count,1788582452847000000,1788582493610000000,4
workspaceModel.non.incremental.contributors.total.update.time.ms,1788582452847000000,1788582493610000000,0
workspaceModel.workspaceFileIndexData.markDirty.ms,1788582452847000000,1788582493610000000,0
workspaceModel.cachedValueWithParameters.clear.count,1788582452847000000,1788582493610000000,0
workspaceModel.cachedValue.total.get.count,1788582452847000000,1788582493610000000,4
workspaceModel.non.incremental.contributors.file.sets.computation.time.ms,1788582452847000000,1788582493610000000,0
workspaceModel.collect.changes.ms,1788582452847000000,1788582493610000000,0
workspaceModel.cachedValueWithParameters.total.get.count,1788582452847000000,1788582493610000000,0
workspaceModel.update.unloaded.entities.ms,1788582452847000000,1788582493610000000,0
workspaceModel.cachedValue.clear.count,1788582452847000000,1788582493610000000,0
workspaceModel.cachedValue.calculated.count,1788582452847000000,1788582493610000000,0
workspaceModel.loading.from.cache.ms,1788582452847000000,1788582493610000000,0
workspaceModel.updates.ms,1788582452847000000,1788582493610000000,0
workspaceModel.workspaceFileIndexData.getFileInfo.ms,1788582452847000000,1788582493610000000,0
workspaceModel.replace.project.model.ms,1788582452847000000,1788582493610000000,0
workspaceModel.updates.count,1788582452847000000,1788582493610000000,0
workspaceModel.on.changed.ms,1788582452847000000,1788582493610000000,0
workspaceModel.workspaceFileIndexData.getPackageName.ms,1788582452847000000,1788582493610000000,0
workspaceModel.workspaceFileIndexData.processFileSets.ms,1788582452847000000,1788582493610000000,0
workspaceModel.pre.handlers.ms,1788582452847000000,1788582493610000000,0
workspaceModel.to.snapshot.ms,1788582452847000000,1788582493610000000,0
workspaceModel.workspaceFileIndexData.getDirectoriesByPackageName.ms,1788582452847000000,1788582493610000000,0
workspaceModel.init.bridges.ms,1788582452847000000,1788582493610000000,0
workspaceModel.workspaceFileIndexData.init.ms,1788582452847000000,1788582493610000000,0
workspaceModel.entityStorageSnapshotImpl.instances.count,1788582452847000000,1788582493610000000,0
workspaceModel.updates.precise.ms,1788582452847000000,1788582493610000000,0
workspaceModel.initializing.ms,1788582452847000000,1788582493610000000,0
workspaceModel.cachedValueWithParameters.from.cache.count,1788582452847000000,1788582493610000000,0
workspaceModel.full.replace.project.model.ms,1788582452847000000,1788582493610000000,0
workspaceModel.workspaceFileIndexData.updateDirtyEntities.ms,1788582452847000000,1788582493610000000,0
workspaceModel.on.before.changed.ms,1788582452847000000,1788582493610000000,0
workspaceModel.workspaceFileIndexData.onEntitiesChanged.ms,1788582452847000000,1788582493610000000,0
workspaceModel.non.incremental.contributors.exclude.roots.computation.time.ms,1788582452847000000,1788582493610000000,0
workspaceModel.workspaceFileIndexContributor.registerFileSets.ms,1788582452847000000,1788582493610000000,0
workspaceModel.workspaceFileIndexData.instances.count,1788582452847000000,1788582493610000000,0
compiler.ArtifactVirtualFileListener.propertyChanged.ms,1788582452847000000,1788582493610000000,0
compiler.ArtifactVirtualFileListener.filePathChanged.ms,1788582452847000000,1788582493610000000,0
compiler.ArtifactManagerBridge.findArtifact.ms,1788582452847000000,1788582493610000000,0
compiler.ArtifactManagerBridge.getArtifacts.ms,1788582452847000000,1788582493610000000,0
compiler.ArtifactManagerBridge.dropMappings.ms,1788582452847000000,1788582493610000000,0
compiler.ArtifactManagerBridge.commit.ms,1788582452847000000,1788582493610000000,0
compiler.ArtifactManagerBridge.getArtifactsByType.ms,1788582452847000000,1788582493610000000,0
compiler.ArtifactManagerBridge.addArtifact.ms,1788582452847000000,1788582493610000000,0
compiler.ArtifactManagerBridge.initBridges.ms,1788582452847000000,1788582493610000000,0
JVM.GC.collectionTimesMs,1788582452847000000,1788582493610000000,440
MEM.ramMinusFileMappingsBytes,1788582452847000000,1788582493610000000,747192320
JVM.usedNativeBytes,1788582452847000000,1788582493610000000,666863528
JVM.totalCpuTimeMs,1788582452847000000,1788582493610000000,6745
JVM.maxThreadCount,1788582452847000000,1788582493610000000,172
JVM.threadCount,1788582452847000000,1788582493610000000,76
JVM.GC.collections,1788582452847000000,1788582493610000000,4
JVM.totalTimeToSafepointsMs,1788582452847000000,1788582493610000000,10
MEM.ramBytes,1788582452847000000,1788582493610000000,786939904
JVM.committedHeapBytes,1788582452847000000,1788582493610000000,793772032
JVM.usedHeapBytes,1788582452847000000,1788582493610000000,540521368
JVM.totalDirectByteBuffersBytes,1788582452847000000,1788582493610000000,260104
MEM.ramPlusSwapMinusFileMappingsBytes,1788582452847000000,1788582493610000000,1779840896
JVM.totalSafepointCount,1788582452847000000,1788582493610000000,4
JVM.totalBytesAllocated,1788582452847000000,1788582493610000000,73263680
OS.loadAverage,1788582452847000000,1788582493610000000,2.52978515625
MEM.fileMappingsRamBytes,1788582452847000000,1788582493610000000,39747584
JVM.newThreadsCount,1788582452847000000,1788582493610000000,15
JVM.maxHeapBytes,1788582452847000000,1788582493610000000,2147483648
JVM.totalTimeAtSafepointsMs,1788582452847000000,1788582493610000000,441
